Position,Const,Created,Modified,Description,Title,Original Title,URL,Title Type,IMDb Rating,Runtime (mins),Year,Genres,Num Votes,Release Date,Directors,Your Rating,Date Rated
1,tt0110475,2011-08-23,2011-08-23,,"La máscara","The Mask",https://www.imdb.com/title/tt0110475/,Película,7.0,101,1994,"Comedia, Crimen, Fantasía",478531,1994-11-25,"Chuck Russell",7,2017-11-27
2,tt0118877,2011-08-23,2011-08-23,,"Comodines","Comodines",https://www.imdb.com/title/tt0118877/,Película,4.8,95,1997,"Acción, Comedia, Crimen, Suspense",508,1997-06-19,"Jorge Nisco, Daniel Barone",3,2011-08-21
3,tt0120601,2011-08-23,2011-08-23,,"Cómo ser John Malkovich","Being John Malkovich",https://www.imdb.com/title/tt0120601/,Película,7.7,113,1999,"Comedia, Drama, Fantasía",371812,2000-03-10,"Spike Jonze",8,2011-08-21
4,tt0129387,2011-08-23,2011-08-23,,"Algo pasa con Mary","There's Something About Mary",https://www.imdb.com/title/tt0129387/,Película,7.1,119,1998,"Comedia, Romance",351676,1998-11-06,"Bobby Farrelly, Peter Farrelly",8,2011-08-21
5,tt0160127,2011-08-23,2011-08-23,,"Los ángeles de Charlie","Charlie's Angels",https://www.imdb.com/title/tt0160127/,Película,5.7,98,2000,"Acción, Aventura, Comedia, Crimen, Suspense",208578,2000-12-01,"McG",5,2011-08-21
6,tt0175880,2011-08-23,2011-08-23,,"Magnolia","Magnolia",https://www.imdb.com/title/tt0175880/,Película,8.0,188,1999,"Drama",354310,2000-03-03,"Paul Thomas Anderson",8,2011-08-21
7,tt0177971,2011-08-23,2011-08-23,,"La tormenta perfecta","The Perfect Storm",https://www.imdb.com/title/tt0177971/,Película,6.5,130,2000,"Acción, Aventura, Drama, Suspense",190504,2000-08-18,"Wolfgang Petersen",7,2011-08-21
8,tt0181689,2011-08-23,2011-08-23,,"Minority Report","Minority Report",https://www.imdb.com/title/tt0181689/,Película,7.6,145,2002,"Acción, Crimen, Misterio, Ciencia ficción, Suspense",628309,2002-10-04,"Steven Spielberg",7,2011-08-21
9,tt0217505,2011-08-23,2011-08-23,,"Gangs of New York","Gangs of New York",https://www.imdb.com/title/tt0217505/,Película,7.5,167,2002,"Crimen, Drama",511650,2003-02-28,"Martin Scorsese",8,2011-08-21
10,tt0240772,2011-08-23,2011-08-23,,"Ocean's Eleven: Hagan juego","Ocean's Eleven",https://www.imdb.com/title/tt0240772/,Película,7.7,116,2001,"Crimen, Suspense",685656,2002-01-18,"Steven Soderbergh",8,2011-08-21
11,tt0293654,2011-08-23,2011-08-23,,"Todas las azafatas van al cielo","Todas las azafatas van al cielo",https://www.imdb.com/title/tt0293654/,Película,6.3,96,2002,"Comedia, Drama, Romance",775,2002-04-05,"Daniel Burman",6,2011-08-21
12,tt0305224,2011-08-23,2011-08-23,,"Ejecutivo agresivo","Anger Management",https://www.imdb.com/title/tt0305224/,Película,6.3,106,2003,"Comedia",244584,2003-06-06,"Peter Segal",6,2011-08-21
13,tt0305357,2011-08-23,2011-08-23,,"Los ángeles de Charlie: Al límite","Charlie's Angels: Full Throttle",https://www.imdb.com/title/tt0305357/,Película,5.0,106,2003,"Acción, Aventura, Comedia, Crimen",138913,2003-07-11,"McG",2,2011-08-21
14,tt0317740,2011-08-23,2011-08-23,,"The Italian Job","The Italian Job",https://www.imdb.com/title/tt0317740/,Película,7.0,111,2003,"Acción, Crimen, Suspense",411147,2003-09-26,"F. Gary Gray",7,2011-08-21
15,tt0317919,2011-08-23,2011-08-23,,"Misión: Imposible 3","Mission: Impossible III",https://www.imdb.com/title/tt0317919/,Película,6.9,126,2006,"Acción, Aventura, Suspense",429515,2006-05-05,"J.J. Abrams",6,2011-08-21
16,tt0361006,2011-08-23,2011-08-23,,"Soy tu aventura","Soy tu aventura",https://www.imdb.com/title/tt0361006/,Película,6.3,110,2003,"Comedia, Musical",357,2003-10-16,"Néstor Montalbano, Carola Poceiro",6,2011-08-21
17,tt0383028,2011-08-23,2011-08-23,,"Synecdoche, New York","Synecdoche, New York",https://www.imdb.com/title/tt0383028/,Película,7.5,124,2008,"Drama",106084,2009-02-05,"Charlie Kaufman",8,2019-12-03
18,tt0407304,2011-08-23,2011-08-23,,"La guerra de los mundos","War of the Worlds",https://www.imdb.com/title/tt0407304/,Película,6.6,117,2005,"Acción, Aventura, Ciencia ficción",515214,2005-06-29,"Steven Spielberg",7,2011-08-21
19,tt0407887,2011-08-23,2011-08-23,,"Infiltrados","The Departed",https://www.imdb.com/title/tt0407887/,Película,8.5,151,2006,"Crimen, Drama, Suspense",1583298,2006-10-27,"Martin Scorsese",8,2011-08-21
20,tt0942385,2011-08-23,2011-08-23,,"Tropic Thunder: ¡Una guerra muy perra!","Tropic Thunder",https://www.imdb.com/title/tt0942385/,Película,7.1,107,2008,"Acción, Comedia, Bélico",498855,2008-09-26,"Ben Stiller",7,2011-08-21
21,tt0056801,2011-08-23,2011-08-23,,"Fellini 8½","8½",https://www.imdb.com/title/tt0056801/,Película,8.0,138,1963,"Drama",133991,1967-05-13,"Federico Fellini",7,2011-08-13
22,tt0292542,2011-08-23,2011-08-23,,"El hijo de la novia","El hijo de la novia",https://www.imdb.com/title/tt0292542/,Película,7.8,123,2001,"Comedia, Drama",18105,2001-11-23,"Juan José Campanella",7,2011-07-30
23,tt0071976,2011-08-23,2011-08-23,,"La Patagonia rebelde","La Patagonia rebelde",https://www.imdb.com/title/tt0071976/,Película,7.6,110,1974,"Drama, Historia, Del oeste",1494,1974-06-13,"Héctor Olivera",8,2011-07-27
24,tt0084602,2011-08-23,2011-08-23,,"Rocky III","Rocky III",https://www.imdb.com/title/tt0084602/,Película,6.9,99,1982,"Drama, Deporte",233202,1982-11-02,"Sylvester Stallone",8,2011-07-27
25,tt0089276,2011-08-23,2011-08-23,,"La historia oficial","La historia oficial",https://www.imdb.com/title/tt0089276/,Película,7.7,112,1985,"Drama, Historia",11946,1985-04-03,"Luis Puenzo",8,2011-07-27
26,tt0089927,2011-08-23,2011-08-23,,"Rocky IV","Rocky IV",https://www.imdb.com/title/tt0089927/,Película,6.9,91,1985,"Drama, Deporte",250164,1986-03-07,"Sylvester Stallone",8,2011-07-27
27,tt0095956,2011-08-23,2011-08-23,,"Rambo III","Rambo III",https://www.imdb.com/title/tt0095956/,Película,5.8,102,1988,"Acción, Aventura, Suspense",151617,1988-07-27,"Peter MacDonald",6,2011-07-27
28,tt0099268,2011-08-23,2011-08-23,,"Cien veces no debo","Cien veces no debo",https://www.imdb.com/title/tt0099268/,Película,6.4,91,1990,"Comedia",660,1990-05-03,"Alejandro Doria",7,2011-07-27
29,tt0100507,2011-08-23,2011-08-23,,"Rocky V","Rocky V",https://www.imdb.com/title/tt0100507/,Película,5.4,104,1990,"Drama, Deporte",164556,1990-12-21,"John G. Avildsen",5,2011-07-27
30,tt0119626,2011-08-23,2011-08-23,,"Martín (Hache)","Martín (Hache)",https://www.imdb.com/title/tt0119626/,Película,7.6,123,1997,"Drama",5200,1997-09-26,"Adolfo Aristarain",8,2011-07-27
31,tt0256009,2011-08-23,2011-08-23,,"El espinazo del diablo","The Devil's Backbone",https://www.imdb.com/title/tt0256009/,Película,7.3,106,2001,"Drama, Terror, Suspense",76351,2001-04-20,"Guillermo del Toro",7,2011-07-27
32,tt0382097,2011-08-23,2011-08-23,,"Incautos","Incautos",https://www.imdb.com/title/tt0382097/,Película,6.7,110,2004,"Crimen, Suspense, Drama",1099,2004-07-09,"Miguel Bardem",7,2011-07-27
33,tt0479143,2011-08-23,2011-08-23,,"Rocky Balboa","Rocky Balboa",https://www.imdb.com/title/tt0479143/,Película,7.1,102,2006,"Drama, Deporte",246215,2007-01-12,"Sylvester Stallone",6,2011-07-27
34,tt0785035,2011-08-23,2011-08-23,,"Ong Bak 2: La leyenda del Rey Elefante","Ong Bak 2",https://www.imdb.com/title/tt0785035/,Película,6.2,98,2008,"Acción",33424,2009-08-21,"Tony Jaa, Panna Rittikrai",8,2011-07-27
35,tt0118749,2011-08-23,2011-08-23,,"Boogie Nights","Boogie Nights",https://www.imdb.com/title/tt0118749/,Película,7.9,155,1997,"Drama",310507,1998-01-14,"Paul Thomas Anderson",10,2011-07-26
36,tt0257044,2011-08-23,2011-08-23,,"Camino a la perdición","Road to Perdition",https://www.imdb.com/title/tt0257044/,Película,7.6,117,2002,"Crimen, Drama, Suspense",303415,2002-09-06,"Sam Mendes",8,2011-07-26
37,tt1320082,2011-08-23,2011-08-23,,"El concierto","Le concert",https://www.imdb.com/title/tt1320082/,Película,7.5,119,2009,"Comedia, Drama, Música",19261,2010-03-12,"Radu Mihaileanu",8,2016-04-06
38,tt0411061,2011-08-23,2011-08-23,,"88 minutos","88 Minutes",https://www.imdb.com/title/tt0411061/,Película,5.9,108,2007,"Crimen, Drama, Misterio, Suspense",80806,2008-04-30,"Jon Avnet",4,2011-07-23
39,tt0181875,2011-08-23,2011-08-23,,"Casi famosos","Almost Famous",https://www.imdb.com/title/tt0181875/,Película,7.9,122,2000,"Aventura, Comedia, Drama, Música",318299,2001-02-16,"Cameron Crowe",7,2011-07-15
40,tt0465737,2011-08-23,2011-08-23,,"Maradona, la mano de Dios","Maradona, la mano di Dio",https://www.imdb.com/title/tt0465737/,Película,5.7,110,2007,"Biografía, Drama, Deporte",777,2007-03-30,"Marco Risi",5,2011-07-14
41,tt0265459,2011-08-23,2011-08-23,,"Retratos de una obsesión","One Hour Photo",https://www.imdb.com/title/tt0265459/,Película,6.8,96,2002,"Drama, Suspense",141615,2002-08-23,"Mark Romanek",8,2011-07-03
42,tt0430105,2011-08-23,2011-08-23,,"Cuatro hermanos","Four Brothers",https://www.imdb.com/title/tt0430105/,Película,6.8,109,2005,"Acción, Crimen, Drama, Misterio, Suspense",171317,2005-09-16,"John Singleton",6,2011-07-02
43,tt0109040,2011-08-23,2011-08-23,,"Ace Ventura: Un detective diferente","Ace Ventura: Pet Detective",https://www.imdb.com/title/tt0109040/,Película,6.9,86,1994,"Comedia",358875,1994-08-05,"Tom Shadyac",7,2011-06-25
44,tt0200027,2011-08-23,2011-08-23,,"Los chicos de mi vida","Riding in Cars with Boys",https://www.imdb.com/title/tt0200027/,Película,6.5,132,2001,"Biografía, Comedia, Drama",32214,2002-02-08,"Penny Marshall",8,2011-06-19
45,tt1045772,2011-08-23,2011-08-23,,"Philip Morris ¡Te quiero!","I Love You Phillip Morris",https://www.imdb.com/title/tt1045772/,Película,6.6,102,2009,"Biografía, Comedia, Crimen, Drama, Romance",104403,2010-08-13,"Glenn Ficarra, John Requa",8,2011-06-16
46,tt1529252,2011-08-23,2011-08-23,,"El hombre de al lado","El hombre de al lado",https://www.imdb.com/title/tt1529252/,Película,7.1,110,2009,"Suspense",4139,2011-07-22,"Mariano Cohn, Gastón Duprat",7,2011-06-09
47,tt0063415,2011-08-23,2011-08-23,,"El guateque","The Party",https://www.imdb.com/title/tt0063415/,Película,7.4,99,1968,"Comedia, Romance",47591,1968-04-04,"Blake Edwards",9,2017-11-03
48,tt0388482,2011-08-23,2011-08-23,,"Transporter 2","Transporter 2",https://www.imdb.com/title/tt0388482/,Película,6.3,87,2005,"Acción, Suspense",228101,2005-10-14,"Louis Leterrier",3,2012-05-25
49,tt1320253,2011-08-23,2011-08-23,,"Los mercenarios","The Expendables",https://www.imdb.com/title/tt1320253/,Película,6.4,103,2010,"Acción, Aventura, Suspense",383460,2010-08-13,"Sylvester Stallone",3,2011-05-10
50,tt0099385,2011-08-23,2011-08-23,,"Libertad para morir","Death Warrant",https://www.imdb.com/title/tt0099385/,Película,5.7,89,1990,"Acción, Crimen, Misterio, Suspense",23623,1991-05-10,"Deran Sarafian",2,2011-05-09
51,tt0360717,2011-08-23,2011-08-23,,"King Kong","King Kong",https://www.imdb.com/title/tt0360717/,Película,7.2,187,2005,"Acción, Aventura, Romance",475471,2005-12-13,"Peter Jackson",8,2019-10-08
52,tt0201631,2011-08-23,2011-08-23,,"Garage Olimpo (Desaparecidos)","Garage Olimpo",https://www.imdb.com/title/tt0201631/,Película,7.3,98,1999,"Drama",3085,2000-06-30,"Marco Bechis",8,2011-04-13
53,tt0479354,2011-08-23,2011-08-23,,"Crónica de una fuga","Crónica de una fuga",https://www.imdb.com/title/tt0479354/,Película,7.1,103,2006,"Crimen, Drama, Suspense",3854,2006-04-27,"Israel Adrián Caetano",8,2016-06-22
54,tt0166896,2011-08-23,2011-08-23,,"The Straight Story: Una historia verdadera","The Straight Story",https://www.imdb.com/title/tt0166896/,Película,8.0,112,1999,"Biografía, Drama",110139,2000-02-18,"David Lynch",7,2011-04-07
55,tt0094737,2011-08-23,2011-08-23,,"Big","Big",https://www.imdb.com/title/tt0094737/,Película,7.3,104,1988,"Comedia, Drama, Fantasía, Romance",264079,1988-12-02,"Penny Marshall",7,2011-03-29
56,tt0108052,2011-08-23,2011-08-23,,"La lista de Schindler","Schindler's List",https://www.imdb.com/title/tt0108052/,Película,9.0,196,1993,"Biografía, Drama, Historia",1607560,1994-03-04,"Steven Spielberg",8,2013-04-20
57,tt0109830,2011-08-23,2011-08-23,,"Forrest Gump","Forrest Gump",https://www.imdb.com/title/tt0109830/,Película,8.8,142,1994,"Drama, Romance",2542490,1994-09-23,"Robert Zemeckis",9,2017-11-03
58,tt0361748,2011-08-23,2011-08-23,,"Malditos bastardos","Inglourious Basterds",https://www.imdb.com/title/tt0361748/,Película,8.4,153,2009,"Drama, Bélico",1822867,2009-09-18,"Quentin Tarantino",10,2011-03-29
59,tt0914798,2011-08-23,2011-08-23,,"El niño con el pijama de rayas","The Boy in the Striped Pajamas",https://www.imdb.com/title/tt0914798/,Película,7.7,94,2008,"Drama, Bélico",278789,2008-09-26,"Mark Herman",8,2016-04-06
60,tt1422032,2011-08-23,2011-08-23,,"También la lluvia","También la lluvia",https://www.imdb.com/title/tt1422032/,Película,7.4,103,2010,"Drama, Historia",15628,2011-01-05,"Icíar Bollaín",7,2011-03-29
61,tt0107805,2011-08-23,2011-08-23,,"Perdido por perdido","Perdido por perdido",https://www.imdb.com/title/tt0107805/,Película,6.5,93,1993,"Drama, Misterio, Suspense",395,1994-05-27,"Alberto Lecchi",8,2011-03-28
62,tt1542852,2011-08-23,2011-08-23,,"Carancho","Carancho",https://www.imdb.com/title/tt1542852/,Película,6.8,107,2010,"Crimen, Drama, Romance, Suspense",9554,2010-09-24,"Pablo Trapero",6,2011-03-28
63,tt0247586,2011-08-23,2011-08-23,,"Nueve reinas","Nueve reinas",https://www.imdb.com/title/tt0247586/,Película,7.9,114,2000,"Crimen, Drama, Suspense",64031,2001-08-24,"Fabián Bielinsky",10,2011-03-22
64,tt0318462,2011-08-23,2011-08-23,,"Diarios de motocicleta","Diarios de motocicleta",https://www.imdb.com/title/tt0318462/,Película,7.7,126,2004,"Aventura, Biografía, Drama",110051,2004-10-08,"Walter Salles",9,2012-05-25
65,tt0106856,2011-08-23,2011-08-23,,"Un día de furia","Falling Down",https://www.imdb.com/title/tt0106856/,Película,7.5,113,1993,"Crimen, Drama, Suspense",229842,1993-05-28,"Joel Schumacher",8,2012-05-25
66,tt0119174,2011-08-23,2011-08-23,,"The Game","The Game",https://www.imdb.com/title/tt0119174/,Película,7.7,129,1997,"Drama, Misterio, Suspense",478560,1997-12-05,"David Fincher",8,2012-05-25
67,tt0245712,2011-08-23,2011-08-23,,"Amores perros","Amores perros",https://www.imdb.com/title/tt0245712/,Película,8.0,154,2000,"Drama, Suspense",273473,2001-03-16,"Alejandro G. Iñárritu",8,2011-02-26
68,tt0338013,2011-08-23,2011-08-23,,"¡Olvídate de mí!","Eternal Sunshine of the Spotless Mind",https://www.imdb.com/title/tt0338013/,Película,8.3,108,2004,"Drama, Romance, Ciencia ficción",1198803,2004-09-24,"Michel Gondry",10,2011-02-25
69,tt0120338,2011-08-23,2011-08-23,,"Titanic","Titanic",https://www.imdb.com/title/tt0120338/,Película,8.0,194,1997,"Drama, Romance",1415961,1998-01-09,"James Cameron",7,2015-10-10
70,tt0289992,2011-08-23,2011-08-23,,"La vida de David Gale","The Life of David Gale",https://www.imdb.com/title/tt0289992/,Película,7.5,130,2003,"Crimen, Drama, Misterio, Suspense",133624,2003-06-06,"Alan Parker",8,2011-02-17
71,tt0929632,2011-08-23,2011-08-23,,"Precious","Precious",https://www.imdb.com/title/tt0929632/,Película,7.3,110,2009,"Drama",122065,2010-02-05,"Lee Daniels",8,2011-02-11
72,tt1212419,2011-08-23,2011-08-23,,"Más allá de la vida","Hereafter",https://www.imdb.com/title/tt1212419/,Película,6.5,129,2010,"Drama, Fantasía, Romance",98955,2011-01-21,"Clint Eastwood",8,2016-04-06
73,tt0103064,2011-08-23,2011-08-23,,"Terminator 2: El juicio final","Terminator 2: Judgment Day",https://www.imdb.com/title/tt0103064/,Película,8.6,137,1991,"Acción, Aventura, Ciencia ficción",1305142,1991-12-05,"James Cameron",9,2011-02-05
74,tt0111503,2011-08-23,2011-08-23,,"Mentiras arriesgadas","True Lies",https://www.imdb.com/title/tt0111503/,Película,7.3,141,1994,"Acción, Comedia, Suspense",304016,1994-09-02,"James Cameron",8,2011-02-05
75,tt0120586,2011-08-23,2011-08-23,,"American History X","American History X",https://www.imdb.com/title/tt0120586/,Película,8.5,119,1998,"Crimen, Drama",1289322,1999-03-19,"Tony Kaye",9,2012-05-25
76,tt0181852,2011-08-23,2011-08-23,,"Terminator 3: La rebelión de las máquinas","Terminator 3: Rise of the Machines",https://www.imdb.com/title/tt0181852/,Película,6.3,109,2003,"Acción, Ciencia ficción",441338,2003-07-30,"Jonathan Mostow",8,2011-02-05
77,tt0081505,2011-08-23,2011-08-23,,"El resplandor","The Shining",https://www.imdb.com/title/tt0081505/,Película,8.4,146,1980,"Drama, Terror",1246834,1980-06-13,"Stanley Kubrick",9,2012-05-25
78,tt0119822,2011-08-23,2011-08-23,,"Mejor... imposible","As Good as It Gets",https://www.imdb.com/title/tt0119822/,Película,7.7,139,1997,"Comedia, Drama, Romance",340795,1998-02-27,"James L. Brooks",9,2011-02-04
79,tt0162222,2011-08-23,2011-08-23,,"Náufrago","Cast Away",https://www.imdb.com/title/tt0162222/,Película,7.8,143,2000,"Aventura, Drama, Romance",697989,2001-01-19,"Robert Zemeckis",8,2011-02-04
80,tt0257360,2011-08-23,2011-08-23,,"A propósito de Schmidt","About Schmidt",https://www.imdb.com/title/tt0257360/,Película,7.2,125,2002,"Comedia, Drama",137681,2003-02-14,"Alexander Payne",8,2011-02-04
81,tt1305806,2011-08-23,2011-08-23,,"El secreto de sus ojos","El secreto de sus ojos",https://www.imdb.com/title/tt1305806/,Película,8.2,129,2009,"Drama, Misterio, Romance, Suspense",245938,2009-09-25,"Juan José Campanella",9,2018-09-01
82,tt0086465,2011-08-23,2011-08-23,,"Entre pillos anda el juego","Trading Places",https://www.imdb.com/title/tt0086465/,Película,7.5,116,1983,"Comedia",184953,1983-10-26,"John Landis",9,2015-10-10
83,tt0093748,2011-08-23,2011-08-23,,"Mejor solo que mal acompañado","Planes, Trains & Automobiles",https://www.imdb.com/title/tt0093748/,Película,7.6,93,1987,"Comedia, Drama",182493,1988-05-27,"John Hughes",9,2017-11-03
84,tt0221027,2011-08-23,2011-08-23,,"Blow","Blow",https://www.imdb.com/title/tt0221027/,Película,7.5,124,2001,"Biografía, Crimen, Drama",289443,2001-06-15,"Ted Demme",9,2010-11-19
85,tt0077928,2011-08-23,2011-08-23,,"El expreso de medianoche","Midnight Express",https://www.imdb.com/title/tt0077928/,Película,7.5,121,1978,"Biografía, Crimen, Drama, Suspense",95984,1978-12-18,"Alan Parker",10,2010-11-11
86,tt0075314,2011-08-23,2011-08-23,,"Taxi Driver","Taxi Driver",https://www.imdb.com/title/tt0075314/,Película,8.2,114,1976,"Crimen, Drama",1044779,1977-03-10,"Martin Scorsese",8,2011-08-23
87,tt0114369,2011-08-23,2011-08-23,,"Seven","Se7en",https://www.imdb.com/title/tt0114369/,Película,8.6,127,1995,"Crimen, Drama, Misterio, Suspense",2066535,1996-01-10,"David Fincher",8,2017-11-09
88,tt0449467,2011-08-23,2011-08-23,,"Babel","Babel",https://www.imdb.com/title/tt0449467/,Película,7.4,143,2006,"Drama",331525,2006-12-29,"Alejandro G. Iñárritu",8,2011-08-23
89,tt0356910,2011-08-23,2011-08-23,,"Sr. y Sra. Smith","Mr. & Mrs. Smith",https://www.imdb.com/title/tt0356910/,Película,6.5,120,2005,"Acción, Comedia, Crimen, Suspense",603735,2005-08-19,"Doug Liman",8,2011-08-23
90,tt0332452,2011-08-23,2011-08-23,,"Troya","Troy",https://www.imdb.com/title/tt0332452/,Película,7.3,163,2004,"Acción, Aventura",651450,2004-05-14,"Wolfgang Petersen",9,2011-08-23
91,tt0349903,2011-08-23,2011-08-23,,"Ocean's Twelve. Uno más entra en juego","Ocean's Twelve",https://www.imdb.com/title/tt0349903/,Película,6.5,125,2004,"Crimen, Suspense",442806,2004-12-17,"Steven Soderbergh",7,2012-05-25
92,tt0208092,2011-08-23,2011-08-23,,"Snatch. Cerdos y diamantes","Snatch",https://www.imdb.com/title/tt0208092/,Película,8.2,104,2000,"Comedia, Crimen",987639,2000-11-03,"Guy Ritchie",7,2012-05-25
93,tt0137523,2011-08-23,2011-08-23,,"El club de la lucha","Fight Club",https://www.imdb.com/title/tt0137523/,Película,8.8,139,1999,"Crimen, Drama, Suspense",2670324,1999-11-05,"David Fincher",8,2011-08-23
94,tt0114746,2011-08-23,2011-08-23,,"12 monos","Twelve Monkeys",https://www.imdb.com/title/tt0114746/,Película,8.0,129,1995,"Misterio, Ciencia ficción, Suspense",685478,1996-03-21,"Terry Gilliam",8,2011-08-23
95,tt0103074,2011-08-23,2011-08-23,,"Thelma & Louise","Thelma & Louise",https://www.imdb.com/title/tt0103074/,Película,7.6,130,1991,"Aventura, Crimen, Drama",197406,1991-11-22,"Ridley Scott",8,2011-08-23
96,tt0486674,2011-08-23,2011-08-23,,"Algo pasa en Hollywood","What Just Happened",https://www.imdb.com/title/tt0486674/,Película,5.6,104,2008,"Comedia, Drama",29448,2009-12-11,"Barry Levinson",7,2011-08-23
97,tt0212338,2011-08-23,2011-08-23,,"Los padres de ella","Meet the Parents",https://www.imdb.com/title/tt0212338/,Película,7.0,108,2000,"Comedia, Romance",382527,2000-12-22,"Jay Roach",7,2011-08-23
98,tt0102926,2011-08-23,2011-08-23,,"El silencio de los corderos","The Silence of the Lambs",https://www.imdb.com/title/tt0102926/,Película,8.6,118,1991,"Crimen, Drama, Terror, Suspense",1756024,1991-09-06,"Jonathan Demme",9,2011-08-23
99,tt0110478,2011-08-23,2011-08-23,,"Maverick","Maverick",https://www.imdb.com/title/tt0110478/,Película,7.0,127,1994,"Acción, Aventura, Comedia, Del oeste",126252,1994-11-11,"Richard Donner",6,2012-05-25
100,tt0207201,2011-08-23,2011-08-23,,"¿En qué piensan las mujeres?","What Women Want",https://www.imdb.com/title/tt0207201/,Película,6.5,127,2000,"Comedia, Fantasía, Romance",241380,2001-03-16,"Nancy Meyers",7,2011-08-23
101,tt0120784,2011-08-23,2011-08-23,,"Payback","Payback",https://www.imdb.com/title/tt0120784/,Película,7.0,100,1999,"Acción, Crimen, Drama, Suspense",155176,1999-03-05,"Brian Helgeland",7,2018-09-08
102,tt0112573,2011-08-23,2011-08-23,,"Braveheart","Braveheart",https://www.imdb.com/title/tt0112573/,Película,8.3,178,1995,"Drama, Bélico",1174110,1995-09-29,"Mel Gibson",7,2011-08-23
103,tt0104714,2011-08-23,2011-08-23,,"Arma letal 3","Lethal Weapon 3",https://www.imdb.com/title/tt0104714/,Película,6.7,118,1992,"Acción, Crimen, Suspense",190380,1992-08-28,"Richard Donner",6,2012-05-25
104,tt0097733,2011-08-23,2011-08-23,,"Arma letal 2","Lethal Weapon 2",https://www.imdb.com/title/tt0097733/,Película,7.3,114,1989,"Acción, Crimen, Suspense",203554,1989-08-04,"Richard Donner",7,2012-05-25
105,tt0093409,2011-08-23,2011-08-23,,"Arma letal","Lethal Weapon",https://www.imdb.com/title/tt0093409/,Película,7.6,109,1987,"Acción, Crimen, Suspense",299340,1987-08-07,"Richard Donner",7,2012-05-25
106,tt0335345,2011-08-23,2011-08-23,,"La pasión de Cristo","The Passion of the Christ",https://www.imdb.com/title/tt0335345/,Película,7.3,127,2004,"Drama",277660,2004-04-02,"Mel Gibson",7,2012-05-25
107,tt0870984,2011-08-23,2011-08-23,,"Anticristo","Antichrist",https://www.imdb.com/title/tt0870984/,Película,6.5,108,2009,"Drama, Terror, Suspense",146455,2009-08-21,"Lars von Trier",7,2012-05-25
108,tt0337978,2011-08-23,2011-08-23,,"La jungla 4.0","Live Free or Die Hard",https://www.imdb.com/title/tt0337978/,Película,7.1,128,2007,"Acción, Suspense",438208,2007-09-07,"Len Wiseman",6,2011-08-23
109,tt0460792,2011-08-23,2011-08-23,,"Fast Food Nation","Fast Food Nation",https://www.imdb.com/title/tt0460792/,Película,6.3,116,2006,"Comedia, Drama",26249,2007-07-13,"Richard Linklater",6,2012-05-25
110,tt0401792,2011-08-23,2011-08-23,,"Sin City","Sin City",https://www.imdb.com/title/tt0401792/,Película,8.0,124,2005,"Crimen, Suspense",824729,2005-08-12,"Frank Miller, Robert Rodriguez",7,2011-08-23
111,tt0167404,2011-08-23,2011-08-23,,"El sexto sentido","The Sixth Sense",https://www.imdb.com/title/tt0167404/,Película,8.2,107,1999,"Drama, Misterio, Suspense",1168284,2000-01-14,"M. Night Shyamalan",8,2018-03-07
112,tt0112864,2011-08-23,2011-08-23,,"Jungla de cristal: La venganza","Die Hard with a Vengeance",https://www.imdb.com/title/tt0112864/,Película,7.6,128,1995,"Acción, Aventura, Suspense",433911,1995-07-21,"John McTiernan",7,2011-08-23
113,tt0110912,2011-08-23,2011-08-23,,"Pulp Fiction","Pulp Fiction",https://www.imdb.com/title/tt0110912/,Película,8.8,154,1994,"Crimen, Drama",2473981,1995-01-13,"Quentin Tarantino",10,2011-08-23
114,tt0104070,2011-08-23,2011-08-23,,"La muerte os sienta tan bien","Death Becomes Her",https://www.imdb.com/title/tt0104070/,Película,6.7,104,1992,"Comedia, Fantasía, Terror",152504,1992-12-11,"Robert Zemeckis",7,2011-08-23
115,tt0097778,2011-08-23,2011-08-23,,"Mira quién habla","Look Who's Talking",https://www.imdb.com/title/tt0097778/,Película,6.0,93,1989,"Comedia, Romance",90737,1990-07-13,"Amy Heckerling",7,2012-05-25
116,tt0099423,2011-08-23,2011-08-23,,"La jungla 2 (Alerta roja)","Die Hard 2",https://www.imdb.com/title/tt0099423/,Película,7.2,124,1990,"Acción, Suspense",410591,1990-09-14,"Renny Harlin",7,2012-05-25
117,tt0095016,2011-08-23,2011-08-23,,"Jungla de cristal","Die Hard",https://www.imdb.com/title/tt0095016/,Película,8.2,132,1988,"Acción, Suspense",1041784,1988-09-30,"John McTiernan",7,2012-05-25
118,tt0233469,2011-08-23,2011-08-23,,"Daño colateral","Collateral Damage",https://www.imdb.com/title/tt0233469/,Película,5.5,108,2002,"Acción, Drama, Suspense",81727,2002-02-15,"Andrew Davis",5,2012-05-25
119,tt0146675,2011-08-23,2011-08-23,,"El fin de los días","End of Days",https://www.imdb.com/title/tt0146675/,Película,5.8,122,1999,"Acción, Fantasía, Terror, Suspense",123868,1999-12-03,"Peter Hyams",5,2012-05-25
120,tt0118688,2011-08-23,2011-08-23,,"Batman y Robin","Batman & Robin",https://www.imdb.com/title/tt0118688/,Película,3.8,125,1997,"Acción, Ciencia ficción",285503,1997-06-25,"Joel Schumacher",4,2012-05-25
121,tt0116213,2011-08-23,2011-08-23,,"Eraser (Eliminador)","Eraser",https://www.imdb.com/title/tt0116213/,Película,6.2,115,1996,"Acción, Crimen, Suspense",125475,1996-08-19,"Chuck Russell",5,2012-05-25
122,tt0107362,2011-08-23,2011-08-23,,"El último gran héroe","Last Action Hero",https://www.imdb.com/title/tt0107362/,Película,6.5,130,1993,"Acción, Aventura, Comedia, Fantasía",175414,1993-08-20,"John McTiernan",7,2012-05-25
123,tt0100802,2011-08-23,2011-08-23,,"Desafío total","Total Recall",https://www.imdb.com/title/tt0100802/,Película,7.5,113,1990,"Acción, Aventura, Ciencia ficción",385535,1990-07-30,"Paul Verhoeven",9,2012-05-25
124,tt0093773,2011-08-23,2011-08-23,,"Depredador","Predator",https://www.imdb.com/title/tt0093773/,Película,7.8,107,1987,"Acción, Aventura, Terror, Ciencia ficción",507543,1987-08-20,"John McTiernan",8,2011-09-29
125,tt0088944,2011-08-23,2011-08-23,,"Commando","Commando",https://www.imdb.com/title/tt0088944/,Película,6.7,90,1985,"Acción, Aventura, Suspense",190045,1985-12-19,"Mark L. Lester",7,2012-05-25
126,tt0088247,2011-08-23,2011-08-23,,"Terminator","The Terminator",https://www.imdb.com/title/tt0088247/,Película,8.1,107,1984,"Acción, Aventura, Ciencia ficción",1020737,1985-01-18,"James Cameron",9,2012-05-25
127,tt1705786,2011-08-23,2011-08-23,,"Un cuento chino","Un cuento chino",https://www.imdb.com/title/tt1705786/,Película,7.3,93,2011,"Comedia, Drama",20963,2011-06-17,"Sebastián Borensztein",7,2012-05-25
128,tt0119094,2011-08-23,2011-08-23,,"Cara a cara (Face/Off)","Face/Off",https://www.imdb.com/title/tt0119094/,Película,7.3,138,1997,"Acción, Crimen, Ciencia ficción, Suspense",432040,1997-09-24,"John Woo",7,2011-08-23
129,tt0074285,2011-08-23,2011-08-23,,"Carrie","Carrie",https://www.imdb.com/title/tt0074285/,Película,7.4,98,1976,"Terror",232525,1977-09-22,"Brian De Palma",8,2011-08-23
130,tt0105236,2011-08-23,2011-08-23,,"Reservoir Dogs","Reservoir Dogs",https://www.imdb.com/title/tt0105236/,Película,8.2,99,1992,"Crimen, Suspense",1183979,1992-10-23,"Quentin Tarantino",8,2011-08-23
131,tt0378194,2011-08-23,2011-08-23,,"Kill Bill: Volumen 2","Kill Bill: Vol. 2",https://www.imdb.com/title/tt0378194/,Película,8.0,137,2004,"Acción, Crimen, Suspense",882055,2004-07-23,"Quentin Tarantino",7,2012-05-25
132,tt0118799,2011-08-23,2011-08-23,,"La vida es bella","La vita è bella",https://www.imdb.com/title/tt0118799/,Película,8.6,116,1997,"Comedia, Drama, Romance, Bélico",824946,1999-02-26,"Roberto Benigni",9,2012-08-05
133,tt0375679,2011-08-23,2011-08-23,,"Crash (Colisión)","Crash",https://www.imdb.com/title/tt0375679/,Película,7.7,112,2004,"Crimen, Drama, Suspense",464807,2006-01-13,"Paul Haggis",7,2012-05-25
134,tt0405159,2011-08-23,2011-08-23,,"Million Dollar Baby","Million Dollar Baby",https://www.imdb.com/title/tt0405159/,Película,8.1,132,2004,"Drama, Deporte",774973,2005-02-04,"Clint Eastwood",9,2011-08-23
135,tt0268978,2011-08-23,2011-08-23,,"Una mente maravillosa","A Beautiful Mind",https://www.imdb.com/title/tt0268978/,Película,8.2,135,2001,"Biografía, Drama, Misterio",1065624,2002-02-22,"Ron Howard",8,2012-05-25
136,tt0169547,2011-08-23,2011-08-23,,"American Beauty","American Beauty",https://www.imdb.com/title/tt0169547/,Película,8.3,122,1999,"Drama",1290072,2000-01-28,"Sam Mendes",8,2016-06-22
137,tt1375666,2011-08-23,2011-08-23,,"Origen","Inception",https://www.imdb.com/title/tt1375666/,Película,8.8,148,2010,"Aventura, Ciencia ficción, Suspense",2877492,2010-08-06,"Christopher Nolan",8,2012-05-25
138,tt0317248,2011-08-23,2011-08-23,,"Ciudad de Dios","Cidade de Deus",https://www.imdb.com/title/tt0317248/,Película,8.6,130,2002,"Crimen, Drama",884212,2003-01-31,"Fernando Meirelles, Kátia Lund",9,2011-08-23
139,tt0133093,2011-08-23,2011-08-23,,"Matrix","The Matrix",https://www.imdb.com/title/tt0133093/,Película,8.7,136,1999,"Acción, Ciencia ficción",2284636,1999-06-23,"Lana Wachowski, Lilly Wachowski",9,2022-01-01
140,tt0253474,2011-08-23,2011-08-23,,"El pianista","The Pianist",https://www.imdb.com/title/tt0253474/,Película,8.5,150,2002,"Biografía, Drama, Música, Bélico",1027773,2002-12-13,"Roman Polanski",9,2013-04-20
141,tt0910970,2011-08-23,2011-08-23,,"WALL·E","WALL·E",https://www.imdb.com/title/tt0910970/,Película,8.4,98,2008,"Animación, Aventura, Familiar, Ciencia ficción",1345055,2008-08-06,"Andrew Stanton",7,2012-05-25
142,tt0066921,2011-08-23,2011-08-23,,"La naranja mecánica","A Clockwork Orange",https://www.imdb.com/title/tt0066921/,Película,8.2,136,1971,"Crimen, Ciencia ficción",946739,1975-06-16,"Stanley Kubrick",10,2011-08-23
143,tt0027977,2011-08-23,2011-08-23,,"Tiempos modernos","Modern Times",https://www.imdb.com/title/tt0027977/,Película,8.5,87,1936,"Comedia, Drama, Romance",288359,1936-02-25,"Charles Chaplin",10,2011-08-23
144,tt0120689,2011-08-23,2011-08-23,,"La milla verde","The Green Mile",https://www.imdb.com/title/tt0120689/,Película,8.6,189,1999,"Crimen, Drama, Fantasía, Misterio",1590188,2000-02-18,"Frank Darabont",8,2011-08-23
145,tt1049413,2011-08-23,2011-08-23,,"Up","Up",https://www.imdb.com/title/tt1049413/,Película,8.3,96,2009,"Animación, Aventura, Comedia, Drama, Familiar",1259038,2009-07-30,"Pete Docter, Bob Peterson",9,2011-08-23
146,tt0110357,2011-08-23,2011-08-23,,"El rey león","The Lion King",https://www.imdb.com/title/tt0110357/,Película,8.5,88,1994,"Animación, Aventura, Drama, Familiar, Musical",1280922,1994-11-08,"Roger Allers, Rob Minkoff",8,2019-08-17
147,tt0266543,2011-08-23,2011-08-23,,"Buscando a Nemo","Finding Nemo",https://www.imdb.com/title/tt0266543/,Película,8.2,100,2003,"Animación, Aventura, Comedia, Familiar",1227787,2003-11-28,"Andrew Stanton, Lee Unkrich",8,2012-05-25
148,tt0092005,2011-08-23,2011-08-23,,"Cuenta conmigo","Stand by Me",https://www.imdb.com/title/tt0092005/,Película,8.1,89,1986,"Aventura, Drama",496281,1987-08-03,"Rob Reiner",8,2011-08-23
149,tt0440963,2011-08-23,2011-08-23,,"El ultimátum de Bourne","The Bourne Ultimatum",https://www.imdb.com/title/tt0440963/,Película,8.0,115,2007,"Acción, Misterio, Suspense",689637,2007-08-14,"Paul Greengrass",8,2011-08-23
150,tt0499549,2011-08-23,2011-08-23,,"Avatar","Avatar",https://www.imdb.com/title/tt0499549/,Película,7.9,162,2009,"Acción, Aventura, Fantasía, Ciencia ficción",1518175,2009-12-18,"James Cameron",8,2016-06-22
151,tt0120382,2011-08-23,2011-08-23,,"El show de Truman","The Truman Show",https://www.imdb.com/title/tt0120382/,Película,8.2,103,1998,"Comedia, Drama",1411340,1998-10-30,"Peter Weir",9,2011-08-23
152,tt0327056,2011-08-23,2011-08-23,,"Mystic River","Mystic River",https://www.imdb.com/title/tt0327056/,Película,7.9,138,2003,"Crimen, Drama, Misterio, Suspense",533369,2003-10-24,"Clint Eastwood",8,2011-08-23
153,tt0319061,2011-08-23,2011-08-23,,"Big Fish","Big Fish",https://www.imdb.com/title/tt0319061/,Película,7.9,125,2003,"Aventura, Drama, Fantasía, Romance",480666,2004-03-05,"Tim Burton",8,2012-05-25
154,tt0109707,2011-08-23,2011-08-23,,"Ed Wood","Ed Wood",https://www.imdb.com/title/tt0109707/,Película,7.8,127,1994,"Biografía, Comedia, Drama",191249,1995-06-02,"Tim Burton",6,2012-05-25
155,tt0325980,2011-08-23,2011-08-23,,"Piratas del Caribe: La maldición de la Perla Negra","Pirates of the Caribbean: The Curse of the Black Pearl",https://www.imdb.com/title/tt0325980/,Película,8.1,143,2003,"Acción, Aventura, Fantasía",1348662,2003-08-14,"Gore Verbinski",7,2012-05-25
156,tt1130884,2011-08-23,2011-08-23,,"Shutter Island","Shutter Island",https://www.imdb.com/title/tt1130884/,Película,8.2,138,2010,"Misterio, Suspense",1689487,2010-02-19,"Martin Scorsese",8,2012-05-25
157,tt0095953,2011-08-23,2011-08-23,,"Rain Man","Rain Man",https://www.imdb.com/title/tt0095953/,Película,8.0,133,1988,"Drama",591213,1989-03-10,"Barry Levinson",8,2012-05-25
158,tt0382625,2011-08-23,2011-08-23,,"El código Da Vinci","The Da Vinci Code",https://www.imdb.com/title/tt0382625/,Película,6.7,149,2006,"Misterio, Suspense",491061,2006-05-19,"Ron Howard",7,2011-08-23
159,tt0362227,2011-08-23,2011-08-23,,"La terminal","The Terminal",https://www.imdb.com/title/tt0362227/,Película,7.4,128,2004,"Comedia, Drama, Romance",543200,2004-09-10,"Steven Spielberg",8,2011-08-23
160,tt0264464,2011-08-23,2011-08-23,,"Atrápame si puedes","Catch Me If You Can",https://www.imdb.com/title/tt0264464/,Película,8.1,141,2002,"Biografía, Crimen, Drama",1268520,2003-01-24,"Steven Spielberg",9,2011-08-23
161,tt0128853,2011-08-23,2011-08-23,,"Tienes un e-mail","You've Got Mail",https://www.imdb.com/title/tt0128853/,Película,6.8,119,1998,"Comedia, Drama, Romance",249248,1999-02-12,"Nora Ephron",6,2012-05-25
162,tt0107818,2011-08-23,2011-08-23,,"Philadelphia","Philadelphia",https://www.imdb.com/title/tt0107818/,Película,7.7,125,1993,"Drama",277305,1994-03-11,"Jonathan Demme",8,2012-05-25
163,tt0098536,2011-08-23,2011-08-23,,"Socios y sabuesos","Turner & Hooch",https://www.imdb.com/title/tt0098536/,Película,6.2,100,1989,"Comedia, Crimen, Drama, Suspense",81930,1989-12-05,"Roger Spottiswoode",5,2012-05-25
164,tt0223897,2011-08-23,2011-08-23,,"Cadena de favores","Pay It Forward",https://www.imdb.com/title/tt0223897/,Película,7.2,123,2000,"Drama",128601,2001-02-09,"Mimi Leder",8,2012-05-25
165,tt0120768,2011-08-23,2011-08-23,,"Negociador","The Negotiator",https://www.imdb.com/title/tt0120768/,Película,7.3,140,1998,"Acción, Crimen, Drama, Misterio, Suspense",171157,1998-10-16,"F. Gary Gray",7,2012-05-25
166,tt0234215,2011-08-23,2011-08-23,,"Matrix Reloaded","The Matrix Reloaded",https://www.imdb.com/title/tt0234215/,Película,7.2,138,2003,"Acción, Ciencia ficción",677853,2003-05-23,"Lana Wachowski, Lilly Wachowski",7,2011-08-23
167,tt0242653,2011-08-23,2011-08-23,,"Matrix Revolutions","The Matrix Revolutions",https://www.imdb.com/title/tt0242653/,Película,6.8,129,2003,"Acción, Ciencia ficción",581120,2003-11-05,"Lana Wachowski, Lilly Wachowski",6,2011-08-23
168,tt0118971,2011-08-23,2011-08-23,,"Pactar con el diablo","The Devil's Advocate",https://www.imdb.com/title/tt0118971/,Película,7.5,144,1997,"Drama, Fantasía, Misterio, Suspense",453424,1998-01-12,"Taylor Hackford",8,2011-08-23
169,tt0111257,2011-08-23,2011-08-23,,"Speed - Máxima potencia","Speed",https://www.imdb.com/title/tt0111257/,Película,7.3,116,1994,"Acción, Aventura, Suspense",428699,1994-08-05,"Jan de Bont",8,2012-05-25
170,tt0102685,2011-08-23,2011-08-23,,"Le llaman Bodhi","Point Break",https://www.imdb.com/title/tt0102685/,Película,7.3,122,1991,"Acción, Crimen, Suspense",230413,1991-08-09,"Kathryn Bigelow",6,2012-05-25
171,tt0099653,2011-08-23,2011-08-23,,"Ghost (Más allá del amor)","Ghost",https://www.imdb.com/title/tt0099653/,Película,7.1,126,1990,"Drama, Fantasía, Romance, Suspense",260006,1990-12-14,"Jerry Zucker",8,2012-05-25
172,tt1068680,2011-08-23,2011-08-23,,"Di que sí","Yes Man",https://www.imdb.com/title/tt1068680/,Película,6.8,104,2008,"Comedia, Romance",409708,2008-12-19,"Peyton Reed",8,2012-05-25
173,tt1068680,2011-08-23,2011-08-23,,"Di que sí","Yes Man",https://www.imdb.com/title/tt1068680/,Película,6.8,104,2008,"Comedia, Romance",409708,2008-12-19,"Peyton Reed",8,2012-05-25
174,tt0481369,2011-08-23,2011-08-23,,"El número 23","The Number 23",https://www.imdb.com/title/tt0481369/,Película,6.4,98,2007,"Crimen, Misterio, Suspense",222892,2007-04-20,"Joel Schumacher",7,2012-05-25
175,tt0315327,2011-08-23,2011-08-23,,"Como Dios","Bruce Almighty",https://www.imdb.com/title/tt0315327/,Película,6.8,101,2003,"Comedia, Fantasía",476603,2003-06-27,"Tom Shadyac",8,2012-05-25
176,tt0268995,2011-08-23,2011-08-23,,"The Majestic","The Majestic",https://www.imdb.com/title/tt0268995/,Película,6.9,152,2001,"Drama, Romance",61386,2002-04-05,"Frank Darabont",2,2012-05-25
177,tt0183505,2011-08-23,2011-08-23,,"Yo, yo mismo e Irene","Me, Myself & Irene",https://www.imdb.com/title/tt0183505/,Película,6.6,116,2000,"Comedia",266259,2000-07-13,"Bobby Farrelly, Peter Farrelly",8,2012-05-25
178,tt0125664,2011-08-23,2011-08-23,,"Man on the Moon","Man on the Moon",https://www.imdb.com/title/tt0125664/,Película,7.4,118,1999,"Biografía, Comedia, Drama",144417,2000-03-17,"Miloš Forman",8,2011-08-23
179,tt0119528,2011-08-23,2011-08-23,,"Mentiroso compulsivo","Liar Liar",https://www.imdb.com/title/tt0119528/,Película,6.9,86,1997,"Comedia, Fantasía",367522,1997-05-09,"Tom Shadyac",7,2012-05-25
180,tt0112281,2011-08-23,2011-08-23,,"Ace Ventura: Operación África","Ace Ventura: When Nature Calls",https://www.imdb.com/title/tt0112281/,Película,6.4,90,1995,"Aventura, Comedia, Crimen",251990,1996-03-28,"Steve Oedekerk",6,2012-05-25
181,tt0112462,2011-08-23,2011-08-23,,"Batman Forever","Batman Forever",https://www.imdb.com/title/tt0112462/,Película,5.5,121,1995,"Acción, Aventura",285499,1995-06-23,"Joel Schumacher",6,2012-05-25
182,tt0109686,2011-08-23,2011-08-23,,"Dos tontos muy tontos","Dumb and Dumber",https://www.imdb.com/title/tt0109686/,Película,7.3,107,1994,"Comedia",448604,1995-03-30,"Peter Farrelly",8,2012-05-25
183,tt0098097,2011-08-23,2011-08-23,,"El cadillac rosa","Pink Cadillac",https://www.imdb.com/title/tt0098097/,Película,5.4,122,1989,"Acción, Comedia, Crimen, Drama",13337,1991-06-21,"Buddy Van Horn",5,2012-05-25
184,tt0309377,2011-08-23,2011-08-23,,"Deuda de sangre","Blood Work",https://www.imdb.com/title/tt0309377/,Película,6.4,110,2002,"Acción, Crimen, Drama, Misterio, Suspense",51597,2002-10-31,"Clint Eastwood",8,2016-04-06
185,tt0498380,2011-08-23,2011-08-23,,"Cartas desde Iwo Jima","Letters from Iwo Jima",https://www.imdb.com/title/tt0498380/,Película,7.8,141,2006,"Acción, Aventura, Drama, Historia, Bélico",178446,2007-02-16,"Clint Eastwood",7,2012-05-25
186,tt0094747,2011-08-23,2011-08-23,,"Bird","Bird",https://www.imdb.com/title/tt0094747/,Película,7.1,161,1988,"Biografía, Drama, Música",14524,1988-12-02,"Clint Eastwood",8,2012-05-25
187,tt0399201,2011-08-23,2011-08-23,,"La isla","The Island",https://www.imdb.com/title/tt0399201/,Película,6.8,136,2005,"Acción, Ciencia ficción, Suspense",345714,2005-08-05,"Michael Bay",7,2012-05-25
188,tt0120868,2011-08-23,2011-08-23,,"Torrente: El brazo tonto de la ley","Torrente, el brazo tonto de la ley",https://www.imdb.com/title/tt0120868/,Película,6.8,97,1998,"Comedia, Crimen",15543,1998-03-13,"Santiago Segura",8,2015-10-10
189,tt1525915,2011-08-23,2011-08-23,,"El gran Vázquez","El Gran Vázquez",https://www.imdb.com/title/tt1525915/,Película,6.2,106,2010,"Biografía, Comedia",1280,2010-09-24,"Óscar Aibar",6,2012-05-25
190,tt0357991,2011-08-23,2011-08-23,,"El oro de Moscú","El oro de Moscú",https://www.imdb.com/title/tt0357991/,Película,4.8,100,2003,"Acción, Aventura, Comedia",1200,2003-03-28,"Jesús Bonilla",5,2012-05-25
191,tt0187738,2011-08-23,2011-08-23,,"Blade II","Blade II",https://www.imdb.com/title/tt0187738/,Película,6.7,117,2002,"Acción, Terror, Ciencia ficción, Suspense",256054,2002-04-19,"Guillermo del Toro",7,2012-05-25
192,tt0257231,2011-08-23,2011-08-23,,"Torrente 2: Misión en Marbella","Torrente 2: Misión en Marbella",https://www.imdb.com/title/tt0257231/,Película,6.4,99,2001,"Acción, Comedia, Crimen",9177,2001-03-30,"Santiago Segura",7,2026-10-04
193,tt0112922,2011-08-23,2011-08-23,,"El día de la bestia","El día de la bestia",https://www.imdb.com/title/tt0112922/,Película,7.3,103,1995,"Acción, Comedia, Crimen, Terror, Suspense",25176,1995-10-20,"Álex de la Iglesia",7,2012-05-25
194,tt0444505,2011-08-23,2011-08-23,,"Torrente 3: El protector","Torrente 3: El protector",https://www.imdb.com/title/tt0444505/,Película,5.6,91,2005,"Comedia, Crimen",7236,2005-09-30,"Santiago Segura",7,2026-10-04
195,tt1417108,2011-08-23,2011-08-23,,"Torrente 4: Lethal Crisis (Crisis letal)","Torrente 4: Lethal Crisis",https://www.imdb.com/title/tt1417108/,Película,5.4,93,2011,"Acción, Comedia, Crimen",6334,2011-03-11,"Santiago Segura",7,2012-05-25
196,tt0089108,2011-08-23,2011-08-23,,"Esperando la carroza","Esperando la carroza",https://www.imdb.com/title/tt0089108/,Película,8.0,94,1985,"Comedia",8615,2005-06-03,"Alejandro Doria",9,2017-11-03
197,tt0378453,2011-08-23,2011-08-23,,"No sos vos, soy yo","No sos vos, soy yo",https://www.imdb.com/title/tt0378453/,Película,6.6,105,2004,"Comedia, Drama, Romance",2588,2005-05-27,"Juan Taratuto",7,2012-05-25
198,tt0202362,2011-08-23,2011-08-23,,"La furia","La furia",https://www.imdb.com/title/tt0202362/,Película,4.6,105,1997,"Acción, Crimen, Drama, Suspense",241,1997-06-05,"Juan Bautista Stagnaro",6,2011-08-23
199,tt0072315,2011-08-23,2011-08-23,,"La tregua","La tregua",https://www.imdb.com/title/tt0072315/,Película,7.3,108,1974,"Drama, Romance",818,1976-02-06,"Sergio Renán",7,2012-05-25
200,tt0462570,2011-08-23,2011-08-23,,"Tiempo de valientes","Tiempo de valientes",https://www.imdb.com/title/tt0462570/,Película,7.5,112,2005,"Acción, Comedia, Crimen, Drama, Misterio",8041,2006-05-26,"Damián Szifron",7,2012-05-25
201,tt0210843,2011-08-23,2011-08-23,,"El mismo amor, la misma lluvia","El mismo amor, la misma lluvia",https://www.imdb.com/title/tt0210843/,Película,7.3,113,1999,"Comedia, Drama, Romance",3862,2002-07-19,"Juan José Campanella",7,2012-05-25
202,tt0347449,2011-08-23,2011-08-23,,"Luna de Avellaneda","Luna de Avellaneda",https://www.imdb.com/title/tt0347449/,Película,7.2,143,2004,"Comedia, Drama, Deporte",6191,2004-11-05,"Juan José Campanella",9,2011-08-23
203,tt0320042,2011-08-23,2011-08-23,,"Kamchatka","Kamchatka",https://www.imdb.com/title/tt0320042/,Película,7.1,106,2002,"Drama",3974,2002-11-29,"Marcelo Piñeyro",7,2012-05-25
204,tt0405393,2011-08-23,2011-08-23,,"Rudo y Cursi","Rudo y Cursi",https://www.imdb.com/title/tt0405393/,Película,6.8,106,2008,"Comedia, Drama, Deporte",9786,2009-04-24,"Carlos Cuarón",6,2012-05-25
205,tt0221162,2011-08-23,2011-08-23,,"Extermineitors 4: Como Hermanos Gemelos","Extermineitors 4: Como Hermanos Gemelos",https://www.imdb.com/title/tt0221162/,Película,4.9,90,1992,"Acción, Aventura, Comedia, Familiar",346,1992-01-23,"Carlos Galettini",6,2012-05-25
206,tt0295956,2011-08-23,2011-08-23,,"Extermineitors 3: La gran pelea final","Extermineitors 3: La gran pelea final",https://www.imdb.com/title/tt0295956/,Película,5.1,85,1991,"Acción, Aventura, Comedia, Familiar",304,1991-07-04,"Carlos Galettini",6,2012-05-25
207,tt0295955,2011-08-23,2011-08-23,,"Extermineitors II: La venganza del dragón","Extermineitors II: La venganza del dragón",https://www.imdb.com/title/tt0295955/,Película,5.4,82,1990,"Aventura, Comedia, Familiar, Acción",360,1990-07-12,"Carlos Galettini",6,2012-05-25
208,tt0257655,2011-08-23,2011-08-23,,"Los extermineitors","Los extermineitors",https://www.imdb.com/title/tt0257655/,Película,5.9,90,1989,"Comedia, Acción, Aventura, Familiar",459,1989-07-06,"Carlos Galettini",6,2012-05-25
209,tt0221008,2011-08-23,2011-08-23,,"Bañeros II, la playa loca","Bañeros II, la playa loca",https://www.imdb.com/title/tt0221008/,Película,6.1,76,1989,"Comedia",581,1989-03-30,"Carlos Galettini",7,2012-05-25
210,tt0221478,2011-08-23,2011-08-23,,"Los pilotos más locos del mundo","Los pilotos más locos del mundo",https://www.imdb.com/title/tt0221478/,Película,5.3,81,1988,"Comedia",240,1988-02-04,"Carlos Galettini",6,2012-05-25
211,tt0185203,2011-08-23,2011-08-23,,"Brigada explosiva","Brigada explosiva",https://www.imdb.com/title/tt0185203/,Película,5.7,85,1986,"Comedia",367,1986-02-06,"Enrique Dawi",6,2012-05-25
212,tt0337930,2011-08-23,2011-08-23,,"Nicotina","Nicotina",https://www.imdb.com/title/tt0337930/,Película,6.5,93,2003,"Acción, Comedia, Crimen, Drama",3920,2004-03-26,"Hugo Rodríguez",7,2012-05-25
213,tt1054606,2011-08-23,2011-08-23,,"El imaginario del Doctor Parnassus","The Imaginarium of Doctor Parnassus",https://www.imdb.com/title/tt1054606/,Película,6.7,123,2009,"Aventura, Comedia, Fantasía, Misterio",158460,2009-10-23,"Terry Gilliam",7,2012-05-25
214,tt0367594,2011-08-23,2011-08-23,,"Charlie y la fábrica de chocolate","Charlie and the Chocolate Factory",https://www.imdb.com/title/tt0367594/,Película,6.7,115,2005,"Aventura, Comedia, Familiar, Fantasía, Musical",579755,2005-08-12,"Tim Burton",8,2012-05-25
215,tt0162661,2011-08-23,2011-08-23,,"Sleepy Hollow","Sleepy Hollow",https://www.imdb.com/title/tt0162661/,Película,7.3,105,1999,"Fantasía, Terror, Misterio",417596,2000-01-21,"Tim Burton",7,2012-05-25
216,tt0099487,2011-08-23,2011-08-23,,"Eduardo Manostijeras","Edward Scissorhands",https://www.imdb.com/title/tt0099487/,Película,7.8,105,1990,"Drama, Fantasía, Romance",571605,1991-04-12,"Tim Burton",8,2012-05-25
217,tt0259711,2011-08-23,2011-08-23,,"Vanilla Sky","Vanilla Sky",https://www.imdb.com/title/tt0259711/,Película,6.9,136,2001,"Fantasía, Misterio, Romance, Ciencia ficción, Suspense",312747,2002-02-01,"Cameron Crowe",7,2012-05-25
218,tt0185125,2011-08-23,2011-08-23,,"Todo sobre mi madre","Todo sobre mi madre",https://www.imdb.com/title/tt0185125/,Película,7.8,101,1999,"Comedia, Drama, Romance",110864,1999-04-16,"Pedro Almodóvar",7,2012-05-25
219,tt0125659,2011-08-23,2011-08-23,,"Abre los ojos","Abre los ojos",https://www.imdb.com/title/tt0125659/,Película,7.7,119,1997,"Drama, Misterio, Ciencia ficción, Suspense",76623,1997-12-19,"Alejandro Amenábar",7,2012-05-25
220,tt0289879,2011-08-23,2011-08-23,,"El efecto mariposa","The Butterfly Effect",https://www.imdb.com/title/tt0289879/,Película,7.6,113,2004,"Drama, Ciencia ficción, Suspense",561999,2004-04-30,"Eric Bress, J. Mackye Gruber",9,2011-08-23
221,tt0413300,2011-08-23,2011-08-23,,"Spider-Man 3","Spider-Man 3",https://www.imdb.com/title/tt0413300/,Película,6.3,139,2007,"Acción, Aventura, Ciencia ficción",721881,2007-05-04,"Sam Raimi",7,2012-05-25
222,tt0316654,2011-08-23,2011-08-23,,"Spider-Man 2","Spider-Man 2",https://www.imdb.com/title/tt0316654/,Película,7.5,127,2004,"Acción, Aventura, Ciencia ficción",810988,2004-07-14,"Sam Raimi",7,2012-05-25
223,tt0145487,2011-08-23,2011-08-23,,"Spider-Man","Spider-Man",https://www.imdb.com/title/tt0145487/,Película,7.4,121,2002,"Acción, Aventura, Ciencia ficción",1000247,2002-06-21,"Sam Raimi",7,2012-05-25
224,tt0453451,2011-08-23,2011-08-23,,"Las vacaciones de Mr. Bean","Mr. Bean's Holiday",https://www.imdb.com/title/tt0453451/,Película,6.4,90,2007,"Comedia, Familiar",143539,2007-03-30,"Steve Bendelack",7,2012-05-25
225,tt0120179,2011-08-23,2011-08-23,,"Speed 2","Speed 2: Cruise Control",https://www.imdb.com/title/tt0120179/,Película,4.0,121,1997,"Acción, Aventura, Crimen, Romance, Suspense",90066,1997-07-18,"Jan de Bont",3,2012-05-25
226,tt0765429,2011-08-23,2011-08-23,,"American Gangster","American Gangster",https://www.imdb.com/title/tt0765429/,Película,7.8,157,2007,"Biografía, Crimen, Drama",494922,2007-12-28,"Ridley Scott",9,2012-05-25
227,tt0453467,2011-08-23,2011-08-23,,"Déjà vu","Deja Vu",https://www.imdb.com/title/tt0453467/,Película,7.1,126,2006,"Acción, Crimen, Ciencia ficción, Suspense",348727,2006-12-01,"Tony Scott",8,2012-05-25
228,tt0328107,2011-08-23,2011-08-23,,"El fuego de la venganza","Man on Fire",https://www.imdb.com/title/tt0328107/,Película,7.7,146,2004,"Acción, Crimen, Drama, Suspense",427216,2004-10-08,"Tony Scott",8,2011-08-23
229,tt0139654,2011-08-23,2011-08-23,,"Training Day (Día de entrenamiento)","Training Day",https://www.imdb.com/title/tt0139654/,Película,7.8,122,2001,"Crimen, Drama, Suspense",527110,2001-11-09,"Antoine Fuqua",9,2011-08-23
230,tt0448157,2011-08-23,2011-08-23,,"Hancock","Hancock",https://www.imdb.com/title/tt0448157/,Película,6.4,92,2008,"Acción, Comedia, Drama, Fantasía",544614,2008-07-18,"Peter Berg",6,2012-05-25
231,tt0480249,2011-08-23,2011-08-23,,"Soy leyenda","I Am Legend",https://www.imdb.com/title/tt0480249/,Película,7.2,101,2007,"Drama, Terror, Ciencia ficción, Suspense",890044,2007-12-19,"Francis Lawrence",8,2011-08-23
232,tt0454921,2011-08-23,2011-08-23,,"En busca de la felicidad","The Pursuit of Happyness",https://www.imdb.com/title/tt0454921/,Película,8.0,117,2006,"Biografía, Drama",632954,2007-02-02,"Gabriele Muccino",8,2012-05-25
233,tt0343818,2011-08-23,2011-08-23,,"Yo, robot","I, Robot",https://www.imdb.com/title/tt0343818/,Película,7.1,115,2004,"Acción, Misterio, Ciencia ficción, Suspense",622933,2004-07-30,"Alex Proyas",7,2012-05-25
234,tt0120912,2011-08-23,2011-08-23,,"Men in Black II (Hombres de negro II)","Men in Black II",https://www.imdb.com/title/tt0120912/,Película,6.2,88,2002,"Acción, Aventura, Comedia, Misterio, Ciencia ficción",437215,2002-08-30,"Barry Sonnenfeld",7,2012-05-25
235,tt0119654,2011-08-23,2011-08-23,,"Men in Black (Hombres de negro)","Men in Black",https://www.imdb.com/title/tt0119654/,Película,7.3,98,1997,"Acción, Aventura, Comedia, Ciencia ficción",673418,1997-07-11,"Barry Sonnenfeld",8,2012-05-25
236,tt0116629,2011-08-23,2011-08-23,,"Independence Day","Independence Day",https://www.imdb.com/title/tt0116629/,Película,7.0,145,1996,"Acción, Aventura, Ciencia ficción",655706,1996-09-06,"Roland Emmerich",7,2012-05-25
237,tt0268126,2011-08-23,2011-08-23,,"Adaptation (El ladrón de orquídeas)","Adaptation.",https://www.imdb.com/title/tt0268126/,Película,7.6,115,2002,"Comedia, Drama",214940,2003-03-21,"Spike Jonze",9,2011-08-23
238,tt0187078,2011-08-23,2011-08-23,,"60 segundos","Gone in Sixty Seconds",https://www.imdb.com/title/tt0187078/,Película,6.5,118,2000,"Acción, Crimen, Suspense",313111,2000-08-04,"Dominic Sena",6,2012-05-25
239,tt0134273,2011-08-23,2011-08-23,,"Asesinato en 8 mm","8MM",https://www.imdb.com/title/tt0134273/,Película,6.6,123,1999,"Crimen, Drama, Misterio, Suspense",152982,1999-04-16,"Joel Schumacher",7,2012-05-25
240,tt0212720,2011-08-23,2011-08-23,,"A. I. Inteligencia artificial","A.I. Artificial Intelligence",https://www.imdb.com/title/tt0212720/,Película,7.2,146,2001,"Aventura, Drama, Ciencia ficción",343683,2001-09-21,"Steven Spielberg",8,2011-08-23
241,tt1178663,2011-08-23,2011-08-23,,"Si la cosa funciona","Whatever Works",https://www.imdb.com/title/tt1178663/,Película,7.1,93,2009,"Comedia, Romance",79730,2009-10-02,"Woody Allen",8,2012-05-25
242,tt0086637,2011-08-23,2011-08-23,,"Zelig","Zelig",https://www.imdb.com/title/tt0086637/,Película,7.6,79,1983,"Comedia",46374,1983-10-01,"Woody Allen",6,2011-08-23
243,tt0065063,2011-08-23,2011-08-23,,"Toma el dinero y corre","Take the Money and Run",https://www.imdb.com/title/tt0065063/,Película,7.2,85,1969,"Comedia, Crimen",33181,1972-08-14,"Woody Allen",7,2012-05-25
244,tt0227277,2011-08-23,2011-08-23,,"Plata quemada","Plata quemada",https://www.imdb.com/title/tt0227277/,Película,7.0,125,2000,"Crimen, Drama, Romance, Suspense",7251,2000-09-01,"Marcelo Piñeyro",7,2012-05-25
245,tt0112609,2011-08-23,2011-08-23,,"Caballos salvajes","Caballos salvajes",https://www.imdb.com/title/tt0112609/,Película,7.1,122,1995,"Comedia, Crimen, Drama, Romance",2089,1996-04-15,"Marcelo Piñeyro",9,2012-05-25
246,tt0108291,2011-08-23,2011-08-23,,"Tango feroz: la leyenda de Tanguito","Tango feroz: la leyenda de Tanguito",https://www.imdb.com/title/tt0108291/,Película,6.7,124,1993,"Biografía, Drama, Música, Romance",1887,1993-06-03,"Marcelo Piñeyro",9,2012-05-25
247,tt0117337,2011-08-23,2011-08-23,,"Picado fino","Picado fino",https://www.imdb.com/title/tt0117337/,Película,6.8,80,1996,"Drama",241,1998-04-23,"Esteban Sapir",7,2012-05-25
248,tt0447907,2011-08-23,2011-08-23,,"Concursante","Concursante",https://www.imdb.com/title/tt0447907/,Película,6.4,84,2007,"Comedia, Drama",1980,2007-03-16,"Rodrigo Cortés",8,2012-05-25
249,tt1639075,2011-08-23,2011-08-23,,"Sin retorno","Sin retorno",https://www.imdb.com/title/tt1639075/,Película,6.8,104,2010,"Crimen, Drama, Suspense",1132,2011-02-18,"Miguel Cohan",8,2012-05-25
250,tt0193355,2011-08-23,2011-08-23,,"La noche de los lápices","La noche de los lápices",https://www.imdb.com/title/tt0193355/,Película,7.3,105,1986,"Crimen, Drama, Suspense",2520,1986-09-04,"Héctor Olivera",7,2016-06-22
251,tt0427582,2011-08-23,2011-08-23,,"El método","El método",https://www.imdb.com/title/tt0427582/,Película,7.1,115,2005,"Drama, Suspense",13055,2005-09-23,"Marcelo Piñeyro",8,2012-05-25
252,tt0377834,2011-08-23,2011-08-23,,"Días de fútbol","Días de fútbol",https://www.imdb.com/title/tt0377834/,Película,6.2,118,2003,"Comedia",3244,2003-09-19,"David Serrano",7,2012-05-25
253,tt1386741,2011-08-23,2011-08-23,,"Las viudas de los jueves","Las viudas de los jueves",https://www.imdb.com/title/tt1386741/,Película,6.0,122,2009,"Crimen, Drama, Misterio, Suspense",1318,2010-03-26,"Marcelo Piñeyro",7,2012-05-25
254,tt1397500,2011-08-23,2011-08-23,,"Cuestión de principios","Cuestión de principios",https://www.imdb.com/title/tt1397500/,Película,6.7,110,2009,"Comedia",451,2011-03-11,"Rodrigo Grande",7,2012-05-25
255,tt0329330,2011-08-23,2011-08-23,,"Lugares comunes","Lugares comunes",https://www.imdb.com/title/tt0329330/,Película,7.6,112,2002,"Drama",2216,2002-10-04,"Adolfo Aristarain",8,2012-05-25
256,tt0107528,2011-08-23,2011-08-23,,"Matar al abuelito","Matar al abuelito",https://www.imdb.com/title/tt0107528/,Película,5.7,115,1993,"Comedia, Drama",129,1993-04-29,"Luis César D'Angiolillo",6,2012-05-25
257,tt0104774,2011-08-23,2011-08-23,,"Un lugar en el mundo","Un lugar en el mundo",https://www.imdb.com/title/tt0104774/,Película,7.7,120,1992,"Drama",3078,1992-10-30,"Adolfo Aristarain",8,2012-05-25
258,tt0892791,2011-08-23,2011-08-23,,"Shrek, felices para siempre","Shrek Forever After",https://www.imdb.com/title/tt0892791/,Película,6.4,93,2010,"Animación, Aventura, Comedia, Familiar, Fantasía, Romance",250354,2010-07-07,"Mike Mitchell",6,2012-05-25
259,tt0413267,2011-08-23,2011-08-23,,"Shrek tercero","Shrek the Third",https://www.imdb.com/title/tt0413267/,Película,6.1,93,2007,"Animación, Aventura, Comedia, Familiar, Fantasía, Romance",366083,2007-06-22,"Chris Miller, Raman Hui",7,2012-05-25
260,tt0298148,2011-08-23,2011-08-23,,"Shrek 2","Shrek 2",https://www.imdb.com/title/tt0298148/,Película,7.4,93,2004,"Animación, Aventura, Comedia, Familiar, Fantasía, Romance",565001,2004-06-30,"Andrew Adamson, Kelly Asbury, Conrad Vernon",7,2012-05-25
261,tt0450259,2011-08-23,2011-08-23,,"Diamante de sangre","Blood Diamond",https://www.imdb.com/title/tt0450259/,Película,8.0,143,2006,"Aventura, Drama, Suspense",632447,2007-02-09,"Edward Zwick",7,2012-05-25
262,tt0163978,2011-08-23,2011-08-23,,"La playa (The Beach)","The Beach",https://www.imdb.com/title/tt0163978/,Película,6.6,119,2000,"Aventura, Drama, Romance, Suspense",271801,2000-02-25,"Danny Boyle",7,2012-05-25
263,tt0112461,2011-08-23,2011-08-23,,"Diario de un rebelde","The Basketball Diaries",https://www.imdb.com/title/tt0112461/,Película,7.3,102,1995,"Biografía, Crimen, Drama, Deporte",134774,1996-02-01,"Scott Kalvert",8,2016-02-25
264,tt0800080,2011-08-23,2011-08-23,,"El increíble Hulk","The Incredible Hulk",https://www.imdb.com/title/tt0800080/,Película,6.6,112,2008,"Acción, Ciencia ficción",579486,2008-06-20,"Louis Leterrier",8,2012-05-25
265,tt0443543,2011-08-23,2011-08-23,,"El ilusionista","The Illusionist",https://www.imdb.com/title/tt0443543/,Película,7.5,110,2006,"Drama, Fantasía, Misterio, Romance, Suspense",407367,2006-11-17,"Neil Burger",8,2012-05-25
266,tt0340855,2011-08-23,2011-08-23,,"Monster","Monster",https://www.imdb.com/title/tt0340855/,Película,7.3,109,2003,"Biografía, Crimen, Drama, Suspense",174152,2004-02-27,"Patty Jenkins",9,2012-05-25
267,tt0230600,2011-08-23,2011-08-23,,"Los otros","The Others",https://www.imdb.com/title/tt0230600/,Película,7.6,101,2001,"Terror, Misterio, Suspense",433464,2001-09-07,"Alejandro Amenábar",7,2012-05-25
268,tt0097162,2011-08-23,2011-08-23,,"Calma total","Dead Calm",https://www.imdb.com/title/tt0097162/,Película,6.8,96,1989,"Terror, Suspense",49290,1989-06-12,"Phillip Noyce",8,2011-08-23
269,tt0163025,2011-08-23,2011-08-23,,"Jurassic Park III (Parque Jurásico III)","Jurassic Park III",https://www.imdb.com/title/tt0163025/,Película,6.0,92,2001,"Acción, Aventura, Ciencia ficción, Suspense",376939,2001-07-27,"Joe Johnston",7,2012-05-25
270,tt0107290,2011-08-23,2011-08-23,,"Jurassic Park (Parque Jurásico)","Jurassic Park",https://www.imdb.com/title/tt0107290/,Película,8.2,127,1993,"Aventura, Ciencia ficción",1202122,1993-09-30,"Steven Spielberg",10,2026-07-27
271,tt0119567,2011-08-23,2011-08-23,,"El mundo perdido: Jurassic Park","The Lost World: Jurassic Park",https://www.imdb.com/title/tt0119567/,Película,6.6,129,1997,"Acción, Aventura, Ciencia ficción",484296,1997-08-22,"Steven Spielberg",6,2012-05-25
272,tt0096874,2011-08-23,2011-08-23,,"Regreso al futuro: Parte II","Back to the Future Part II",https://www.imdb.com/title/tt0096874/,Película,7.8,108,1989,"Aventura, Comedia, Ciencia ficción",630838,1989-12-22,"Robert Zemeckis",9,2013-04-20
273,tt0088763,2011-08-23,2011-08-23,,"Regreso al futuro","Back to the Future",https://www.imdb.com/title/tt0088763/,Película,8.5,116,1985,"Aventura, Comedia, Ciencia ficción",1480515,1985-12-02,"Robert Zemeckis",9,2013-04-20
274,tt0099088,2011-08-23,2011-08-23,,"Regreso al futuro: Parte III","Back to the Future Part III",https://www.imdb.com/title/tt0099088/,Película,7.5,118,1990,"Aventura, Comedia, Ciencia ficción, Del oeste",527507,1990-11-30,"Robert Zemeckis",9,2012-05-25
275,tt0477347,2011-08-24,2011-08-24,,"Noche en el museo","Night at the Museum",https://www.imdb.com/title/tt0477347/,Película,6.5,108,2006,"Aventura, Comedia, Familiar, Fantasía",417481,2007-01-26,"Shawn Levy",6,2012-05-25
276,tt0092965,2011-08-24,2011-08-24,,"El imperio del sol","Empire of the Sun",https://www.imdb.com/title/tt0092965/,Película,7.7,153,1987,"Drama, Bélico",145148,1988-03-17,"Steven Spielberg",8,2012-05-25
277,tt0091369,2011-08-24,2011-08-24,,"Dentro del laberinto","Labyrinth",https://www.imdb.com/title/tt0091369/,Película,7.3,101,1986,"Aventura, Familiar, Fantasía, Musical",167388,1986-12-19,"Jim Henson",8,2011-08-24
278,tt0286716,2011-08-24,2011-08-24,,"Hulk","Hulk",https://www.imdb.com/title/tt0286716/,Película,5.7,138,2003,"Acción, Ciencia ficción",296285,2003-07-04,"Ang Lee",8,2012-05-25
279,tt0088323,2011-08-24,2011-08-24,,"La historia interminable","The Neverending Story",https://www.imdb.com/title/tt0088323/,Película,7.3,102,1984,"Aventura, Drama, Familiar, Fantasía",172990,1984-12-06,"Wolfgang Petersen",8,2011-08-24
280,tt0074640,2011-08-24,2011-08-24,,"Los hombres sólo piensan en eso","Los hombres sólo piensan en eso",https://www.imdb.com/title/tt0074640/,Película,6.5,90,1976,"Comedia",89,1976-09-02,"Enrique Cahen Salaberry",6,2012-05-25
281,tt0195682,2011-08-24,2011-08-24,,"Encuentros muy cercanos con señoras de cualquier tipo","Encuentros muy cercanos con señoras de cualquier tipo",https://www.imdb.com/title/tt0195682/,Película,5.8,92,1978,"Comedia",117,1978-09-14,"Hugo Moser",6,2012-05-25
282,tt0198465,2011-08-24,2011-08-24,,"Expertos en Pinchazos","Expertos en Pinchazos",https://www.imdb.com/title/tt0198465/,Película,6.1,90,1979,"Comedia",229,1979-06-14,"Hugo Sofovich",6,2012-05-25
283,tt0198278,2011-08-24,2011-08-24,,"A los cirujanos se les va la mano","A los cirujanos se les va la mano",https://www.imdb.com/title/tt0198278/,Película,5.7,90,1980,"Comedia",255,1980-06-19,"Hugo Sofovich",6,2012-05-25
284,tt0183078,2011-08-24,2011-08-24,,"Los fierecillos indomables","Los fierecillos indomables",https://www.imdb.com/title/tt0183078/,Película,5.0,85,1982,"Comedia, Musical",140,1982-07-15,"Enrique Carreras",6,2012-05-25
285,tt0182918,2011-08-24,2011-08-24,,"Los colimbas se divierten","Los colimbas se divierten",https://www.imdb.com/title/tt0182918/,Película,5.6,85,1986,"Comedia",253,1986-02-27,"Enrique Carreras",6,2012-05-25
286,tt0183693,2011-08-24,2011-08-24,,"Rambito y Rambón primera misión","Rambito y Rambón primera misión",https://www.imdb.com/title/tt0183693/,Película,5.3,90,1986,"Comedia",250,1986-07-10,"Enrique Carreras",6,2012-05-25
287,tt0292506,2011-08-24,2011-08-24,,"La prueba","The Recruit",https://www.imdb.com/title/tt0292506/,Película,6.6,115,2003,"Acción, Suspense",148346,2003-03-21,"Roger Donaldson",8,2012-05-25
288,tt0099422,2011-08-24,2011-08-24,,"Dick Tracy","Dick Tracy",https://www.imdb.com/title/tt0099422/,Película,6.2,105,1990,"Acción, Comedia, Crimen, Música, Romance, Suspense",70875,1990-09-07,"Warren Beatty",6,2012-05-25
289,tt0287978,2011-08-24,2011-08-24,,"Daredevil","Daredevil",https://www.imdb.com/title/tt0287978/,Película,5.3,103,2003,"Acción, Crimen, Drama, Ciencia ficción",242901,2003-03-06,"Mark Steven Johnson",7,2012-05-25
290,tt0183649,2011-08-24,2011-08-24,,"Última llamada","Phone Booth",https://www.imdb.com/title/tt0183649/,Película,7.1,81,2002,"Crimen, Suspense",304509,2003-08-08,"Joel Schumacher",8,2012-05-25
291,tt0892782,2011-08-24,2011-08-24,,"Monstruos contra alienígenas","Monsters vs Aliens",https://www.imdb.com/title/tt0892782/,Película,6.4,94,2009,"Animación, Acción, Aventura, Comedia, Familiar, Fantasía, Ciencia ficción",191852,2009-04-03,"Rob Letterman, Conrad Vernon",7,2012-05-25
292,tt0175142,2011-08-24,2011-08-24,,"Scary Movie","Scary Movie",https://www.imdb.com/title/tt0175142/,Película,6.3,88,2000,"Comedia",335922,2000-10-31,"Keenen Ivory Wayans",6,2012-05-25
293,tt0134084,2011-08-24,2011-08-24,,"Scream 3","Scream 3",https://www.imdb.com/title/tt0134084/,Película,5.7,116,2000,"Terror, Misterio",188915,2000-04-07,"Wes Craven",6,2012-05-25
294,tt0117571,2011-08-24,2011-08-24,,"Scream: Vigila quién llama","Scream",https://www.imdb.com/title/tt0117571/,Película,7.4,111,1996,"Terror, Misterio",454774,1997-04-10,"Wes Craven",7,2012-05-25
295,tt0120082,2011-08-24,2011-08-24,,"Scream 2","Scream 2",https://www.imdb.com/title/tt0120082/,Película,6.4,120,1997,"Terror, Misterio",240997,1998-04-24,"Wes Craven",7,2012-05-25
296,tt0119345,2011-08-24,2011-08-24,,"Sé lo que hicisteis el último verano","I Know What You Did Last Summer",https://www.imdb.com/title/tt0119345/,Película,5.9,101,1997,"Terror, Misterio",183474,1998-01-14,"Jim Gillespie",7,2012-05-25
297,tt1038988,2011-08-24,2011-08-24,,"[REC]","[Rec]",https://www.imdb.com/title/tt1038988/,Película,7.4,78,2007,"Terror, Misterio, Suspense",220858,2007-11-23,"Jaume Balagueró, Paco Plaza",8,2012-05-25
298,tt1245112,2011-08-24,2011-08-24,,"[REC]²","(Rec)²",https://www.imdb.com/title/tt1245112/,Película,6.5,85,2009,"Terror, Suspense",85876,2009-10-02,"Jaume Balagueró, Paco Plaza",8,2012-05-25
299,tt0395125,2011-08-24,2011-08-24,,"Crimen ferpecto","Crimen ferpecto",https://www.imdb.com/title/tt0395125/,Película,7.0,105,2004,"Comedia, Crimen, Suspense",13771,2004-10-22,"Álex de la Iglesia",8,2011-10-01
300,tt0195714,2011-08-24,2011-08-24,,"Destino final","Final Destination",https://www.imdb.com/title/tt0195714/,Película,6.7,98,2000,"Terror, Suspense",341920,2000-05-26,"James Wong",8,2012-05-25
301,tt0309593,2011-08-24,2011-08-24,,"Destino final 2","Final Destination 2",https://www.imdb.com/title/tt0309593/,Película,6.2,90,2003,"Terror, Suspense",222484,2003-04-11,"David R. Ellis",7,2012-05-25
302,tt0120611,2011-08-24,2011-08-24,,"Blade","Blade",https://www.imdb.com/title/tt0120611/,Película,7.1,120,1998,"Acción, Terror, Ciencia ficción",336937,1998-10-09,"Stephen Norrington",7,2012-05-25
303,tt0106697,2011-08-24,2011-08-24,,"Demolition Man","Demolition Man",https://www.imdb.com/title/tt0106697/,Película,6.7,115,1993,"Acción, Ciencia ficción, Suspense",211677,1994-01-21,"Marco Brambilla",6,2012-05-25
304,tt0105104,2011-08-24,2011-08-24,,"Pasajero 57","Passenger 57",https://www.imdb.com/title/tt0105104/,Película,5.9,84,1992,"Acción, Crimen, Suspense",54248,1993-05-14,"Kevin Hooks",6,2012-05-25
305,tt0477071,2011-08-24,2011-08-24,,"Premonition: 7 días","Premonition",https://www.imdb.com/title/tt0477071/,Película,5.9,96,2007,"Drama, Fantasía, Misterio, Suspense",86879,2007-04-27,"Mennan Yapo",6,2012-05-25
306,tt0313737,2011-08-24,2011-08-24,,"Amor con preaviso","Two Weeks Notice",https://www.imdb.com/title/tt0313737/,Película,6.2,101,2002,"Comedia, Romance",135677,2003-02-21,"Marc Lawrence",6,2012-05-25
307,tt0212346,2011-08-24,2011-08-24,,"Miss Agente Especial","Miss Congeniality",https://www.imdb.com/title/tt0212346/,Película,6.4,109,2000,"Acción, Comedia, Crimen, Romance",252840,2001-04-06,"Donald Petrie",5,2019-06-29
308,tt0324216,2011-08-26,2011-08-26,,"La matanza de Texas","The Texas Chainsaw Massacre",https://www.imdb.com/title/tt0324216/,Película,6.2,98,2003,"Terror",164403,2004-05-21,"Marcus Nispel",7,2012-05-25
309,tt0072271,2011-08-26,2011-08-26,,"La matanza de Texas","The Texas Chain Saw Massacre",https://www.imdb.com/title/tt0072271/,Película,7.4,83,1974,"Terror",217060,1974-10-11,"Tobe Hooper",8,2011-08-26
310,tt0121766,2011-08-26,2011-08-26,,"Star Wars: Episodio III - La venganza de los sith","Star Wars: Episode III - Revenge of the Sith",https://www.imdb.com/title/tt0121766/,Película,7.7,140,2005,"Acción, Aventura, Fantasía, Ciencia ficción",935859,2005-05-19,"George Lucas",7,2012-05-25
311,tt0121765,2011-08-26,2011-08-26,,"Star Wars: Episodio II - El ataque de los clones","Star Wars: Episode II - Attack of the Clones",https://www.imdb.com/title/tt0121765/,Película,6.6,142,2002,"Acción, Aventura, Fantasía, Ciencia ficción",833045,2002-05-17,"George Lucas",7,2012-05-25
312,tt0496806,2011-08-27,2011-08-27,,"Ocean's 13","Ocean's Thirteen",https://www.imdb.com/title/tt0496806/,Película,6.9,122,2007,"Crimen, Suspense",391403,2007-06-08,"Steven Soderbergh",8,2011-08-27
313,tt0107048,2011-08-28,2011-08-28,,"Atrapado en el tiempo","Groundhog Day",https://www.imdb.com/title/tt0107048/,Película,8.0,101,1993,"Comedia, Drama, Fantasía, Romance",741876,1993-06-25,"Harold Ramis",9,2011-08-27
314,tt0103241,2011-08-28,2011-08-28,,"¿Qué pasa con Bob?","What About Bob?",https://www.imdb.com/title/tt0103241/,Película,7.0,99,1991,"Comedia",79956,1991-10-11,"Frank Oz",9,2016-06-27
315,tt0100449,2011-08-28,2011-08-28,,"Con la poli en los talones","Quick Change",https://www.imdb.com/title/tt0100449/,Película,6.8,89,1990,"Comedia, Crimen",24384,1990-07-13,"Howard Franklin, Bill Murray",8,2011-08-27
316,tt0097428,2011-08-28,2011-08-28,,"Los Cazafantasmas II","Ghostbusters II",https://www.imdb.com/title/tt0097428/,Película,6.6,108,1989,"Acción, Comedia, Fantasía, Ciencia ficción",242150,1989-12-01,"Ivan Reitman",7,2012-05-25
317,tt0087332,2011-08-28,2011-08-28,,"Los Cazafantasmas","Ghostbusters",https://www.imdb.com/title/tt0087332/,Película,7.8,105,1984,"Acción, Comedia, Fantasía, Ciencia ficción",491724,1984-12-05,"Ivan Reitman",7,2012-05-25
318,tt0091064,2011-08-28,2011-08-28,,"La mosca","The Fly",https://www.imdb.com/title/tt0091064/,Película,7.6,96,1986,"Drama, Terror, Ciencia ficción",228085,1987-02-09,"David Cronenberg",8,2012-05-25
319,tt0314331,2011-08-28,2011-08-28,,"Love Actually","Love Actually",https://www.imdb.com/title/tt0314331/,Película,7.5,135,2003,"Comedia, Drama, Romance",585186,2003-11-21,"Richard Curtis",6,2012-05-25
320,tt0118689,2011-08-28,2011-08-28,,"Bean: Lo último en cine catastrófico","Bean",https://www.imdb.com/title/tt0118689/,Película,6.5,89,1997,"Aventura, Comedia, Familiar",117571,1997-07-18,"Mel Smith",6,2012-05-25
321,tt0145393,2011-08-28,2011-08-28,,"Pizza, birra, faso","Pizza, birra, faso",https://www.imdb.com/title/tt0145393/,Película,7.0,92,1997,"Crimen, Drama",3296,2001-07-20,"Israel Adrián Caetano, Bruno Stagnaro",7,2011-08-27
322,tt0104662,2011-08-29,2011-08-29,,"El lado oscuro del corazón","El lado oscuro del corazón",https://www.imdb.com/title/tt0104662/,Película,7.3,127,1992,"Comedia, Drama, Romance, Suspense",4413,1993-05-26,"Eliseo Subiela",7,2011-08-28
323,tt0483759,2011-08-30,2011-08-30,,"¿Quién dice que es fácil?","¿Quién dice que es fácil?",https://www.imdb.com/title/tt0483759/,Película,6.2,108,2007,"Comedia, Romance",876,2007-05-04,"Juan Taratuto",7,2012-05-25
324,tt1164999,2011-08-30,2011-08-30,,"Biutiful","Biutiful",https://www.imdb.com/title/tt1164999/,Película,7.4,148,2010,"Drama, Romance",98803,2010-12-03,"Alejandro G. Iñárritu",8,2012-05-25
325,tt0369339,2011-08-30,2011-08-30,,"Collateral","Collateral",https://www.imdb.com/title/tt0369339/,Película,7.5,120,2004,"Acción, Crimen, Drama, Suspense",475275,2004-10-15,"Michael Mann",7,2011-08-29
326,tt0319769,2011-08-30,2011-08-30,,"Los lunes al sol","Los lunes al sol",https://www.imdb.com/title/tt0319769/,Película,7.5,113,2002,"Comedia, Drama",16577,2002-09-27,"Fernando León de Aranoa",6,2012-05-25
327,tt0441773,2011-08-30,2011-08-30,,"Kung Fu Panda","Kung Fu Panda",https://www.imdb.com/title/tt0441773/,Película,7.6,92,2008,"Animación, Acción, Aventura, Comedia, Familiar, Fantasía",591613,2008-07-11,"Mark Osborne, John Stevenson",7,2012-05-25
328,tt0247887,2011-08-31,2011-08-31,,"Una noche con Sabrina Love","Una noche con Sabrina Love",https://www.imdb.com/title/tt0247887/,Película,6.1,100,2000,"Comedia, Drama",1074,2001-06-22,"Alejandro Agresti",7,2012-05-25
329,tt1136608,2011-09-02,2011-09-02,,"Distrito 9","District 9",https://www.imdb.com/title/tt1136608/,Película,7.9,112,2009,"Acción, Ciencia ficción, Suspense",758657,2009-09-11,"Neill Blomkamp",7,2012-05-25
330,tt0084787,2011-09-02,2011-09-02,,"La cosa (El enigma de otro mundo)","The Thing",https://www.imdb.com/title/tt0084787/,Película,8.2,109,1982,"Terror, Misterio, Ciencia ficción",537673,1983-06-10,"John Carpenter",7,2012-05-25
331,tt0120685,2011-09-02,2011-09-02,,"Godzilla","Godzilla",https://www.imdb.com/title/tt0120685/,Película,5.5,139,1998,"Acción, Ciencia ficción, Suspense",215175,1998-08-28,"Roland Emmerich",6,2012-05-25
332,tt0100403,2011-09-02,2011-09-02,,"Depredador 2","Predator 2",https://www.imdb.com/title/tt0100403/,Película,6.3,108,1990,"Acción, Terror, Ciencia ficción",204752,1991-06-04,"Stephen Hopkins",6,2012-05-25
333,tt0093870,2011-09-02,2011-09-02,,"RoboCop","RoboCop",https://www.imdb.com/title/tt0093870/,Película,7.6,102,1987,"Acción, Crimen, Ciencia ficción, Suspense",313287,1987-12-15,"Paul Verhoeven",7,2012-05-25
334,tt0164052,2011-09-02,2011-09-02,,"El hombre sin sombra","Hollow Man",https://www.imdb.com/title/tt0164052/,Película,5.9,112,2000,"Acción, Terror, Ciencia ficción, Suspense",149923,2000-08-30,"Paul Verhoeven",7,2012-05-25
335,tt0438488,2011-09-02,2011-09-02,,"Terminator: Salvation","Terminator Salvation",https://www.imdb.com/title/tt0438488/,Película,6.5,115,2009,"Acción, Aventura, Ciencia ficción",395858,2009-06-05,"McG",5,2011-09-01
336,tt0123755,2011-09-02,2011-09-02,,"Cube","Cube",https://www.imdb.com/title/tt0123755/,Película,7.1,90,1997,"Terror, Misterio, Ciencia ficción",264281,1997-12-10,"Vincenzo Natali",7,2012-05-25
337,tt0101700,2011-09-02,2011-09-02,,"Delicatessen","Delicatessen",https://www.imdb.com/title/tt0101700/,Película,7.5,99,1991,"Comedia, Crimen",95000,1991-04-17,"Marc Caro, Jean-Pierre Jeunet",8,2011-09-01
338,tt0100814,2011-09-02,2011-09-02,,"Temblores","Tremors",https://www.imdb.com/title/tt0100814/,Película,7.2,96,1990,"Comedia, Terror",169024,1990-01-19,"Ron Underwood",5,2011-09-01
339,tt0073195,2011-09-02,2011-09-02,,"Tiburón","Jaws",https://www.imdb.com/title/tt0073195/,Película,8.1,124,1975,"Aventura, Drama, Terror, Suspense",751647,1975-06-20,"Steven Spielberg",7,2012-05-25
340,tt0087800,2011-09-02,2011-09-02,,"Pesadilla en Elm Street","A Nightmare on Elm Street",https://www.imdb.com/title/tt0087800/,Película,7.4,91,1984,"Terror",295805,1985-10-31,"Wes Craven",7,2012-05-25
341,tt0111686,2011-09-02,2011-09-02,,"La nueva pesadilla de Wes Craven","Wes Craven's New Nightmare",https://www.imdb.com/title/tt0111686/,Película,6.4,112,1994,"Fantasía, Terror, Misterio, Suspense",70576,1995-01-27,"Wes Craven",6,2012-05-25
342,tt0298130,2011-09-02,2011-09-02,,"The Ring (La señal)","The Ring",https://www.imdb.com/title/tt0298130/,Película,7.1,115,2002,"Terror, Misterio",407500,2003-01-10,"Gore Verbinski",8,2012-05-25
343,tt0130018,2011-09-02,2011-09-02,,"Aún sé lo que hicisteis el último verano","I Still Know What You Did Last Summer",https://www.imdb.com/title/tt0130018/,Película,4.8,100,1998,"Terror, Misterio, Suspense",89465,1999-04-23,"Danny Cannon",5,2012-05-25
344,tt0089175,2011-09-02,2011-09-02,,"Noche de miedo","Fright Night",https://www.imdb.com/title/tt0089175/,Película,7.1,106,1985,"Terror",89529,1985-11-14,"Tom Holland",7,2012-05-25
345,tt0099864,2011-09-02,2011-09-02,,"IT","IT",https://www.imdb.com/title/tt0099864/,Miniserie de TV,6.8,192,1990,"Drama, Terror, Misterio, Suspense",155667,1990-11-18,,8,2012-05-25
346,tt0096895,2011-09-02,2011-09-02,,"Batman","Batman",https://www.imdb.com/title/tt0096895/,Película,7.5,126,1989,"Crimen",437024,1989-09-29,"Tim Burton",7,2012-05-25
347,tt0945513,2011-09-02,2011-09-02,,"Código fuente","Source Code",https://www.imdb.com/title/tt0945513/,Película,7.5,93,2011,"Acción, Drama, Misterio, Ciencia ficción, Suspense",589271,2011-04-15,"Duncan Jones",8,2011-09-02
348,tt1116184,2011-09-04,2011-09-04,,"Jackass 3D","Jackass 3D",https://www.imdb.com/title/tt1116184/,Película,7.0,94,2010,"Documental, Acción, Comedia",71818,2010-11-05,"Jeff Tremaine",8,2012-05-25
349,tt1753968,2011-09-04,2011-09-04,,"Burro 3.5","Jackass 3.5",https://www.imdb.com/title/tt1753968/,Vídeo,6.6,85,2011,"Documental, Acción, Comedia",25633,2011-04-01,"Jeff Tremaine",8,2012-05-25
350,tt0322802,2011-09-04,2011-09-04,,"Jackass, la película","Jackass: The Movie",https://www.imdb.com/title/tt0322802/,Película,6.6,85,2002,"Documental, Acción, Comedia",107788,2003-07-18,"Jeff Tremaine",7,2012-05-25
351,tt0493430,2011-09-04,2011-09-04,,"Jackass dos: todavía más","Jackass Number Two",https://www.imdb.com/title/tt0493430/,Película,7.0,92,2006,"Documental, Acción, Comedia",84663,2006-11-03,"Jeff Tremaine",8,2012-05-25
352,tt1117523,2011-09-04,2011-09-04,,"Jackass 2.5","Jackass 2.5",https://www.imdb.com/title/tt1117523/,Vídeo,6.3,64,2007,"Documental, Acción, Comedia",27435,2007-12-19,"Jeff Tremaine",8,2012-05-25
353,tt0200550,2011-09-04,2011-09-04,,"El bar Coyote","Coyote Ugly",https://www.imdb.com/title/tt0200550/,Película,5.8,100,2000,"Comedia, Drama, Música, Romance",129018,2000-09-15,"David McNally",6,2012-12-30
354,tt0398712,2011-09-04,2011-09-04,,"Asalto al distrito 13","Assault on Precinct 13",https://www.imdb.com/title/tt0398712/,Película,6.3,109,2005,"Acción, Crimen, Drama, Suspense",85079,2005-03-18,"Jean-François Richet",7,2012-05-25
355,tt0475276,2011-09-04,2011-09-04,,"United 93","United 93",https://www.imdb.com/title/tt0475276/,Película,7.6,111,2006,"Acción, Drama, Historia, Suspense",117426,2006-08-23,"Paul Greengrass",8,2011-09-03
356,tt0408790,2011-09-04,2011-09-04,,"Plan de vuelo: Desaparecida","Flightplan",https://www.imdb.com/title/tt0408790/,Película,6.3,98,2005,"Drama, Misterio, Suspense",186901,2005-11-11,"Robert Schwentke",7,2012-05-25
357,tt0120616,2011-09-04,2011-09-04,,"La momia","The Mummy",https://www.imdb.com/title/tt0120616/,Película,7.1,124,1999,"Acción, Aventura, Fantasía",510125,1999-07-02,"Stephen Sommers",8,2012-05-25
358,tt0230030,2011-09-04,2011-09-04,,"Al diablo con el diablo","Bedazzled",https://www.imdb.com/title/tt0230030/,Película,6.1,93,2000,"Comedia, Fantasía",120480,2001-01-19,"Harold Ramis",6,2012-05-25
359,tt0119190,2011-09-04,2011-09-04,,"George de la jungla","George of the Jungle",https://www.imdb.com/title/tt0119190/,Película,5.6,92,1997,"Acción, Aventura, Comedia, Familiar, Romance",91598,1997-12-03,"Sam Weisman",7,2012-05-25
360,tt0280380,2011-09-05,2011-09-05,,"Atrapada","Trapped",https://www.imdb.com/title/tt0280380/,Película,6.1,106,2002,"Acción, Crimen, Drama, Suspense",27446,2003-04-04,"Luis Mandoki",7,2012-05-25
361,tt0073486,2011-09-13,2011-09-13,,"Alguien voló sobre el nido del cuco","One Flew Over the Cuckoo's Nest",https://www.imdb.com/title/tt0073486/,Película,8.6,133,1975,"Drama",1169836,1976-10-07,"Miloš Forman",9,2011-09-12
362,tt0372183,2011-09-13,2011-09-13,,"El mito de Bourne","The Bourne Supremacy",https://www.imdb.com/title/tt0372183/,Película,7.7,108,2004,"Acción, Misterio, Suspense",519022,2004-09-17,"Paul Greengrass",8,2012-05-25
363,tt0479884,2011-09-13,2011-09-13,,"Crank: Veneno en la sangre","Crank",https://www.imdb.com/title/tt0479884/,Película,6.9,88,2006,"Acción, Crimen, Suspense",280324,2006-10-11,"Mark Neveldine, Brian Taylor",7,2012-05-25
364,tt0293662,2011-09-13,2011-09-13,,"Transporter","The Transporter",https://www.imdb.com/title/tt0293662/,Película,6.8,92,2002,"Acción, Crimen, Suspense",341481,2003-01-17,"Corey Yuen",7,2012-05-25
365,tt0099785,2011-09-13,2011-09-13,,"Solo en casa","Home Alone",https://www.imdb.com/title/tt0099785/,Película,7.8,103,1990,"Comedia, Familiar",756464,1990-12-21,"Chris Columbus",8,2012-05-25
366,tt0418279,2011-09-13,2011-09-13,,"Transformers","Transformers",https://www.imdb.com/title/tt0418279/,Película,7.1,144,2007,"Acción, Aventura, Ciencia ficción",728180,2007-07-04,"Michael Bay",7,2012-05-25
367,tt0985699,2011-09-13,2011-09-13,,"Valkiria","Valkyrie",https://www.imdb.com/title/tt0985699/,Película,7.1,121,2008,"Drama, Historia, Suspense, Bélico",277661,2009-01-30,"Bryan Singer",6,2011-08-21
368,tt1129442,2011-09-13,2011-09-13,,"Transporter 3","Transporter 3",https://www.imdb.com/title/tt1129442/,Película,6.1,104,2008,"Acción, Suspense",187389,2009-01-23,"Olivier Megaton",5,2012-05-25
369,tt0443453,2011-09-13,2011-09-13,,"Borat","Borat: Cultural Learnings of America for Make Benefit Glorious Nation of Kazakhstan",https://www.imdb.com/title/tt0443453/,Película,7.4,84,2006,"Comedia",484119,2006-11-17,"Larry Charles",9,2012-05-25
370,tt0889583,2011-09-13,2011-09-13,,"Brüno","Brüno",https://www.imdb.com/title/tt0889583/,Película,5.9,81,2009,"Comedia",159897,2009-07-10,"Larry Charles",8,2012-05-25
371,tt0104431,2011-09-13,2011-09-13,,"Solo en casa 2: Perdido en Nueva York","Home Alone 2: Lost in New York",https://www.imdb.com/title/tt0104431/,Película,6.9,120,1992,"Aventura, Comedia, Crimen, Familiar",463445,1992-12-04,"Chris Columbus",7,2012-05-25
372,tt1121931,2011-09-13,2011-09-13,,"Crank: Alto voltaje","Crank: High Voltage",https://www.imdb.com/title/tt1121931/,Película,6.1,96,2009,"Acción, Suspense",168922,2009-09-18,"Mark Neveldine, Brian Taylor",6,2012-05-25
373,tt0337921,2011-09-13,2011-09-13,,"Cellular","Cellular",https://www.imdb.com/title/tt0337921/,Película,6.5,94,2004,"Acción, Crimen, Suspense",110379,2004-11-12,"David R. Ellis",6,2014-12-03
374,tt0091635,2011-09-13,2011-09-13,,"9 semanas y media","Nine 1/2 Weeks",https://www.imdb.com/title/tt0091635/,Película,5.9,117,1986,"Drama, Romance",47596,1986-04-28,"Adrian Lyne",7,2012-05-25
375,tt0446029,2011-09-13,2011-09-13,,"Scott Pilgrim contra el mundo","Scott Pilgrim vs. the World",https://www.imdb.com/title/tt0446029/,Película,7.5,112,2010,"Acción, Comedia, Fantasía, Romance",501775,2010-11-12,"Edgar Wright",7,2012-05-25
376,tt0486576,2011-09-13,2011-09-13,,"Los 4 Fantásticos y Silver Surfer","4: Rise of the Silver Surfer",https://www.imdb.com/title/tt0486576/,Película,5.6,92,2007,"Acción, Aventura, Fantasía, Ciencia ficción",303701,2007-08-10,"Tim Story",3,2011-12-30
377,tt0120667,2011-09-13,2011-09-13,,"Los 4 Fantásticos","Fantastic Four",https://www.imdb.com/title/tt0120667/,Película,5.7,106,2005,"Acción, Aventura, Fantasía, Ciencia ficción",379950,2005-07-15,"Tim Story",6,2012-05-25
378,tt0098635,2011-09-15,2011-09-15,,"Cuando Harry encontró a Sally...","When Harry Met Sally...",https://www.imdb.com/title/tt0098635/,Película,7.7,95,1989,"Comedia, Drama, Romance",276168,1990-03-05,"Rob Reiner",7,2012-05-25
379,tt0289848,2011-09-15,2011-09-15,,"Otra terapia peligrosa: ¡Recaída total!","Analyze That",https://www.imdb.com/title/tt0289848/,Película,5.9,96,2002,"Comedia, Crimen",93693,2003-01-10,"Harold Ramis",7,2012-05-25
380,tt0116277,2011-09-15,2011-09-15,,"Fanático","The Fan",https://www.imdb.com/title/tt0116277/,Película,5.9,114,1996,"Acción, Drama, Deporte, Suspense",55849,1996-11-04,"Tony Scott",6,2012-05-25
381,tt0094898,2011-09-15,2011-09-15,,"El príncipe de Zamunda","Coming to America",https://www.imdb.com/title/tt0094898/,Película,7.1,117,1988,"Comedia, Romance",242922,1988-09-16,"John Landis",6,2012-05-25
382,tt0118571,2011-09-15,2011-09-15,,"Air Force One (El avión del presidente)","Air Force One",https://www.imdb.com/title/tt0118571/,Película,6.6,124,1997,"Acción, Crimen, Drama, Suspense",226465,1997-08-29,"Wolfgang Petersen",6,2012-05-25
383,tt0082971,2011-09-15,2011-09-15,,"En busca del arca perdida","Raiders of the Lost Ark",https://www.imdb.com/title/tt0082971/,Película,8.4,115,1981,"Aventura",1122875,1981-10-05,"Steven Spielberg",8,2012-05-25
384,tt0087538,2011-09-15,2011-09-15,,"Karate Kid (El momento de la verdad)","The Karate Kid",https://www.imdb.com/title/tt0087538/,Película,7.4,126,1984,"Acción, Drama, Familiar, Deporte",275320,1984-11-16,"John G. Avildsen",7,2012-05-25
385,tt0091326,2011-09-15,2011-09-15,,"Karate Kid II... La historia continúa","The Karate Kid Part II",https://www.imdb.com/title/tt0091326/,Película,6.2,113,1986,"Acción, Familiar, Deporte",111420,1986-08-14,"John G. Avildsen",5,2012-05-25
386,tt0795368,2011-09-20,2011-09-20,,"Un funeral de muerte","Death at a Funeral",https://www.imdb.com/title/tt0795368/,Película,7.3,90,2007,"Comedia",129246,2007-10-11,"Frank Oz",8,2011-09-20
387,tt0319343,2011-09-20,2011-09-20,,"Elf","Elf",https://www.imdb.com/title/tt0319343/,Película,7.1,97,2003,"Aventura, Comedia, Familiar, Fantasía, Romance",349852,2003-12-12,"Jon Favreau",8,2011-09-20
388,tt0288045,2011-09-20,2011-09-20,,"El poder del talismán","The Medallion",https://www.imdb.com/title/tt0288045/,Película,5.2,88,2003,"Acción, Comedia, Fantasía",46725,2003-12-26,"Gordon Chan",4,2012-05-25
389,tt0362165,2011-09-24,2011-09-24,,"La máscara 2","Son of the Mask",https://www.imdb.com/title/tt0362165/,Película,2.3,94,2005,"Comedia, Familiar, Fantasía",62694,2005-07-22,"Lawrence Guterman",1,2011-09-24
390,tt0146316,2011-09-24,2011-09-24,,"Lara Croft: Tomb Raider","Lara Croft: Tomb Raider",https://www.imdb.com/title/tt0146316/,Película,5.8,100,2001,"Acción, Aventura, Fantasía, Suspense",232295,2001-06-22,"Simon West",6,2012-05-25
391,tt1242422,2011-09-24,2011-09-24,,"Celda 211","Celda 211",https://www.imdb.com/title/tt1242422/,Película,7.6,113,2009,"Acción, Crimen, Drama, Suspense",74613,2009-11-06,"Daniel Monzón",7,2012-05-25
392,tt0350193,2011-09-24,2011-09-24,,"Te doy mis ojos","Te doy mis ojos",https://www.imdb.com/title/tt0350193/,Película,7.4,109,2003,"Drama, Romance",7953,2003-10-10,"Icíar Bollaín",7,2015-10-10
393,tt1302011,2011-09-25,2011-09-25,,"Kung Fu Panda 2","Kung Fu Panda 2",https://www.imdb.com/title/tt1302011/,Película,7.3,90,2011,"Animación, Acción, Aventura, Comedia, Drama, Familiar, Fantasía",364779,2011-06-17,"Jennifer Yuh Nelson",7,2012-05-25
394,tt0090142,2011-09-27,2011-09-27,,"Teen Wolf (De pelo en pecho)","Teen Wolf",https://www.imdb.com/title/tt0090142/,Película,6.1,91,1985,"Comedia, Fantasía, Romance",66531,1986-03-21,"Rod Daniel",5,2012-05-25
395,tt0096438,2011-09-28,2011-09-28,,"¿Quién engañó a Roger Rabbit?","Who Framed Roger Rabbit",https://www.imdb.com/title/tt0096438/,Película,7.7,104,1988,"Animación, Aventura, Comedia, Crimen, Familiar, Fantasía, Misterio",235891,1988-11-25,"Robert Zemeckis",7,2012-05-25
396,tt0090859,2011-09-28,2011-09-28,,"Cobra, el brazo fuerte de la ley","Cobra",https://www.imdb.com/title/tt0090859/,Película,5.8,87,1986,"Acción, Crimen, Suspense",87096,1986-05-23,"George P. Cosmatos",3,2011-09-29
397,tt0090859,2011-09-28,2011-09-28,,"Cobra, el brazo fuerte de la ley","Cobra",https://www.imdb.com/title/tt0090859/,Película,5.8,87,1986,"Acción, Crimen, Suspense",87096,1986-05-23,"George P. Cosmatos",3,2011-09-29
398,tt0090887,2011-09-29,2011-09-29,,"Critters","Critters",https://www.imdb.com/title/tt0090887/,Película,6.1,86,1986,"Comedia, Terror, Ciencia ficción",42055,1987-06-04,"Stephen Herek",6,2012-05-25
399,tt0087363,2011-09-29,2011-09-29,,"Gremlins","Gremlins",https://www.imdb.com/title/tt0087363/,Película,7.3,106,1984,"Fantasía, Terror",278226,1984-08-28,"Joe Dante",8,2011-10-01
400,tt0084522,2011-09-29,2011-09-29,,"Porky's","Porky's",https://www.imdb.com/title/tt0084522/,Película,6.2,94,1981,"Comedia",49467,1982-08-18,"Bob Clark",7,2012-05-25
401,tt0089822,2011-09-29,2011-09-29,,"Loca academia de policía 2: Su primera misión","Police Academy 2: Their First Assignment",https://www.imdb.com/title/tt0089822/,Película,5.8,87,1985,"Comedia",64202,1985-07-01,"Jerry Paris, James Signorelli",7,2012-05-25
402,tt0091777,2011-09-29,2011-09-29,,"Loca academia de policía 3: De vuelta a la escuela","Police Academy 3: Back in Training",https://www.imdb.com/title/tt0091777/,Película,5.4,83,1986,"Comedia",52596,1986-07-04,"Jerry Paris",6,2012-05-25
403,tt0084805,2011-09-29,2011-09-29,,"Tootsie","Tootsie",https://www.imdb.com/title/tt0084805/,Película,7.4,116,1982,"Comedia, Drama, Romance",124114,1983-02-22,"Sydney Pollack",7,2012-05-25
404,tt0082146,2011-09-29,2011-09-29,,"Cavernícola","Caveman",https://www.imdb.com/title/tt0082146/,Película,5.8,91,1981,"Comedia, Romance",9471,1981-04-17,"Carl Gottlieb",1,2011-09-29
405,tt0094739,2011-09-29,2011-09-29,,"Ensalada de gemelas","Big Business",https://www.imdb.com/title/tt0094739/,Película,6.4,97,1988,"Comedia",17193,1988-06-10,"Jim Abrahams",6,2012-05-25
406,tt0092890,2011-09-29,2011-09-29,,"Dirty Dancing","Dirty Dancing",https://www.imdb.com/title/tt0092890/,Película,7.1,100,1987,"Drama, Música, Romance",285210,1988-06-24,"Emile Ardolino",6,2012-05-25
407,tt0089686,2011-09-29,2011-09-29,,"Pesadilla en Elm Street 2: La venganza de Freddy","A Nightmare on Elm Street Part 2: Freddy's Revenge",https://www.imdb.com/title/tt0089686/,Película,5.5,87,1985,"Terror",87705,1986-08-15,"Jack Sholder",7,2012-05-25
408,tt0089686,2011-09-29,2011-09-29,,"Pesadilla en Elm Street 2: La venganza de Freddy","A Nightmare on Elm Street Part 2: Freddy's Revenge",https://www.imdb.com/title/tt0089686/,Película,5.5,87,1985,"Terror",87705,1986-08-15,"Jack Sholder",7,2012-05-25
409,tt0092099,2011-09-29,2011-09-29,,"Top Gun: Ídolos del aire","Top Gun",https://www.imdb.com/title/tt0092099/,Película,7.0,109,1986,"Acción, Drama",562451,1986-08-21,"Tony Scott",6,2012-05-25
410,tt0087928,2011-09-29,2011-09-29,,"Loca academia de policía","Police Academy",https://www.imdb.com/title/tt0087928/,Película,6.7,96,1984,"Comedia",150916,1984-07-02,"Hugh Wilson",7,2012-05-25
411,tt0163651,2011-09-29,2011-09-29,,"American Pie","American Pie",https://www.imdb.com/title/tt0163651/,Película,7.0,95,1999,"Comedia",473792,1999-09-17,"Paul Weitz",7,2012-05-25
412,tt0351283,2011-09-29,2011-09-29,,"Madagascar","Madagascar",https://www.imdb.com/title/tt0351283/,Película,7.0,86,2005,"Animación, Aventura, Comedia, Familiar",488635,2005-06-17,"Eric Darnell, Tom McGrath",7,2012-05-25
413,tt0479952,2011-09-29,2011-09-29,,"Madagascar 2","Madagascar: Escape 2 Africa",https://www.imdb.com/title/tt0479952/,Película,6.7,89,2008,"Animación, Aventura, Comedia, Familiar",276043,2008-11-28,"Eric Darnell, Tom McGrath",6,2012-05-25
414,tt0389790,2011-09-29,2011-09-29,,"Bee Movie","Bee Movie",https://www.imdb.com/title/tt0389790/,Película,6.1,91,2007,"Animación, Aventura, Comedia, Drama, Familiar, Romance",201248,2007-11-30,"Steve Hickner, Simon J. Smith",7,2012-05-25
415,tt0091042,2011-09-29,2011-09-29,,"Todo en un día","Ferris Bueller's Day Off",https://www.imdb.com/title/tt0091042/,Película,7.8,103,1986,"Comedia",421414,1987-02-05,"John Hughes",7,2012-05-25
416,tt0110413,2011-09-29,2011-09-29,,"El profesional (Léon)","Léon",https://www.imdb.com/title/tt0110413/,Película,8.5,110,1994,"Acción, Crimen, Drama, Suspense",1368851,1995-04-06,"Luc Besson",7,2011-09-29
417,tt0117060,2011-09-29,2011-09-29,,"Mission: Impossible","Mission: Impossible",https://www.imdb.com/title/tt0117060/,Película,7.2,110,1996,"Acción, Aventura, Suspense",524451,1996-07-05,"Brian De Palma",7,2012-05-25
418,tt0281364,2011-09-29,2011-09-29,,"Wasabi: El trato sucio de la mafia","Wasabi",https://www.imdb.com/title/tt0281364/,Película,6.6,94,2001,"Acción, Comedia, Crimen, Drama, Suspense",46412,2003-01-10,"Gérard Krawczyk",6,2012-05-25
419,tt0106246,2011-09-29,2011-09-29,,"¡Viven!","Alive",https://www.imdb.com/title/tt0106246/,Película,7.1,128,1993,"Biografía, Drama, Suspense",69418,1993-04-30,"Frank Marshall",8,2012-05-25
420,tt0083767,2011-09-29,2011-09-29,,"Creepshow","Creepshow",https://www.imdb.com/title/tt0083767/,Película,6.8,120,1982,"Comedia, Fantasía, Terror",58502,1983-11-29,"George A. Romero",7,2012-05-25
421,tt0095705,2011-09-29,2011-09-29,,"Agárralo como puedas","The Naked Gun: From the Files of Police Squad!",https://www.imdb.com/title/tt0095705/,Película,7.6,85,1988,"Comedia, Crimen",226161,1989-06-23,"David Zucker",6,2012-05-25
422,tt0086393,2011-09-29,2011-09-29,,"Superman III","Superman III",https://www.imdb.com/title/tt0086393/,Película,5.0,125,1983,"Acción, Aventura, Comedia, Ciencia ficción",81354,1983-08-01,"Richard Lester",6,2011-09-29
423,tt0081573,2011-09-29,2011-09-29,,"Superman II: La aventura continúa","Superman II",https://www.imdb.com/title/tt0081573/,Película,6.8,127,1980,"Acción, Aventura, Ciencia ficción",125097,1980-12-11,"Richard Lester, Richard Donner",7,2012-05-25
424,tt0088206,2011-09-29,2011-09-29,,"Supergirl","Supergirl",https://www.imdb.com/title/tt0088206/,Película,4.4,124,1984,"Acción, Aventura, Fantasía, Romance, Ciencia ficción",26314,1984-07-17,"Jeannot Szwarc",6,2012-05-25
425,tt0227445,2011-09-29,2011-09-29,,"The Score (Un golpe maestro)","The Score",https://www.imdb.com/title/tt0227445/,Película,6.8,124,2001,"Crimen, Drama, Suspense",145823,2001-10-26,"Frank Oz",6,2012-05-25
426,tt0390521,2011-09-29,2011-09-29,,"Super Size Me","Super Size Me",https://www.imdb.com/title/tt0390521/,Película,7.2,100,2004,"Documental",115665,2004-10-15,"Morgan Spurlock",8,2011-09-29
427,tt1166827,2011-09-29,2011-09-29,,"Zeitgeist","Zeitgeist",https://www.imdb.com/title/tt1166827/,Vídeo,8.1,118,2007,"Documental, Historia",51218,2007-06-01,"Peter Joseph",9,2011-09-29
428,tt1781069,2011-09-29,2011-09-29,,"Zeitgeist: Moving Forward","Zeitgeist: Moving Forward",https://www.imdb.com/title/tt1781069/,Película,8.1,161,2011,"Documental",18528,2011-01-15,"Peter Joseph",9,2012-05-25
429,tt0096734,2011-09-30,2011-09-30,,"No matarás... al vecino","The 'Burbs",https://www.imdb.com/title/tt0096734/,Película,6.8,102,1989,"Comedia, Misterio, Suspense",93757,1989-08-18,"Joe Dante",6,2012-05-25
430,tt0080455,2011-09-30,2011-09-30,,"Granujas a todo ritmo (The Blues Brothers)","The Blues Brothers",https://www.imdb.com/title/tt0080455/,Película,7.9,133,1980,"Aventura, Comedia, Crimen, Música, Musical",232305,1990-05-20,"John Landis",8,2012-05-25
431,tt0089218,2011-10-01,2011-10-01,,"Los Goonies","The Goonies",https://www.imdb.com/title/tt0089218/,Película,7.7,114,1985,"Aventura, Comedia, Familiar",331159,1985-07-24,"Richard Donner",4,2011-10-01
432,tt0094137,2011-10-02,2011-10-02,,"Tres hombres y un bebé","3 Men and a Baby",https://www.imdb.com/title/tt0094137/,Película,6.2,102,1987,"Comedia, Drama, Familiar",62392,1988-03-25,"Leonard Nimoy",7,2012-05-25
433,tt0077631,2011-10-02,2011-10-02,,"Grease","Grease",https://www.imdb.com/title/tt0077631/,Película,7.2,110,1978,"Comedia, Musical, Romance",330723,1978-09-25,"Randal Kleiser",6,2012-05-25
434,tt0111161,2011-10-02,2011-10-02,,"Cadena perpetua","The Shawshank Redemption",https://www.imdb.com/title/tt0111161/,Película,9.3,142,1994,"Drama",3249708,1995-02-24,"Frank Darabont",9,2012-05-25
435,tt0799934,2011-10-02,2011-10-02,,"Rebobine, por favor","Be Kind Rewind",https://www.imdb.com/title/tt0799934/,Película,6.4,102,2008,"Comedia",96891,2008-04-11,"Michel Gondry",8,2016-06-22
436,tt0332379,2011-10-02,2011-10-02,,"Escuela de rock","School of Rock",https://www.imdb.com/title/tt0332379/,Película,7.2,109,2003,"Comedia, Música",362855,2004-02-27,"Richard Linklater",7,2012-05-25
437,tt0268380,2011-10-02,2011-10-02,,"Ice Age: La edad de hielo","Ice Age",https://www.imdb.com/title/tt0268380/,Película,7.5,81,2002,"Animación, Aventura, Comedia, Familiar",573437,2002-07-12,"Chris Wedge, Carlos Saldanha",8,2012-05-25
438,tt0120660,2011-10-02,2011-10-02,,"Enemigo público","Enemy of the State",https://www.imdb.com/title/tt0120660/,Película,7.3,132,1998,"Acción, Suspense",277440,1999-01-08,"Tony Scott",7,2012-05-25
439,tt0485947,2011-10-02,2011-10-02,,"Las vidas posibles de Mr. Nobody","Mr. Nobody",https://www.imdb.com/title/tt0485947/,Película,7.7,141,2009,"Drama, Fantasía, Romance, Ciencia ficción",259659,2010-07-23,"Jaco Van Dormael",8,2011-10-02
440,tt0970416,2011-10-03,2011-10-03,,"Ultimátum a la Tierra","The Day the Earth Stood Still",https://www.imdb.com/title/tt0970416/,Película,5.5,104,2008,"Aventura, Drama, Ciencia ficción, Suspense",189057,2008-12-12,"Scott Derrickson",3,2011-10-03
441,tt0097523,2011-10-05,2011-10-05,,"Cariño, he encogido a los niños","Honey, I Shrunk the Kids",https://www.imdb.com/title/tt0097523/,Película,6.5,93,1989,"Aventura, Comedia, Familiar, Ciencia ficción",179394,1989-06-23,"Joe Johnston",6,2012-05-25
442,tt0301050,2011-10-07,2011-10-07,,"Bolivia","Bolivia",https://www.imdb.com/title/tt0301050/,Película,7.2,75,1999,"Drama",1326,2002-06-14,"Israel Adrián Caetano",7,2012-05-25
443,tt0395169,2011-10-09,2011-10-09,,"Hotel Rwanda","Hotel Rwanda",https://www.imdb.com/title/tt0395169/,Película,8.1,121,2004,"Biografía, Drama, Historia, Bélico",395369,2005-02-25,"Terry George",9,2011-10-08
444,tt0111438,2011-10-13,2011-10-13,,"Timecop: Policía en el tiempo","Timecop",https://www.imdb.com/title/tt0111438/,Película,6.0,99,1994,"Acción, Crimen, Ciencia ficción, Suspense",70854,1994-12-21,"Peter Hyams",6,2012-05-25
445,tt0099938,2011-10-14,2011-10-14,,"Poli de guardería","Kindergarten Cop",https://www.imdb.com/title/tt0099938/,Película,6.3,111,1990,"Acción, Comedia, Crimen",178031,1991-03-22,"Ivan Reitman",7,2012-05-25
446,tt0238552,2011-10-16,2011-10-16,,"Replicant","Replicant",https://www.imdb.com/title/tt0238552/,Película,5.4,100,2001,"Acción, Ciencia ficción, Suspense",16772,2001-07-27,"Ringo Lam",5,2012-05-25
447,tt0462329,2011-10-16,2011-10-16,,"The Hard Corps","The Hard Corps",https://www.imdb.com/title/tt0462329/,Vídeo,5.1,110,2005,"Acción, Suspense",7317,2006-11-21,"Sheldon Lettich",6,2012-05-25
448,tt0176269,2011-10-16,2011-10-16,,"Soldado universal: El retorno","Universal Soldier: The Return",https://www.imdb.com/title/tt0176269/,Película,4.2,83,1999,"Acción, Ciencia ficción",32348,1999-08-13,"Mic Rodgers",4,2012-05-25
449,tt0111301,2011-10-16,2011-10-16,,"Street Fighter: La última batalla","Street Fighter",https://www.imdb.com/title/tt0111301/,Película,4.2,102,1994,"Acción, Aventura, Comedia, Suspense",80453,1995-03-24,"Steven E. de Souza",3,2012-05-25
450,tt0092675,2011-10-16,2011-10-16,,"Contacto sangriento","Bloodsport",https://www.imdb.com/title/tt0092675/,Película,6.8,92,1988,"Acción, Drama, Deporte",104958,1988-06-01,"Newt Arnold",8,2012-05-25
451,tt0092675,2011-10-16,2011-10-16,,"Contacto sangriento","Bloodsport",https://www.imdb.com/title/tt0092675/,Película,6.8,92,1988,"Acción, Drama, Deporte",104958,1988-06-01,"Newt Arnold",8,2012-05-25
452,tt0430454,2011-10-18,2011-10-18,,"El penalti más largo del mundo","El penalti más largo del mundo",https://www.imdb.com/title/tt0430454/,Película,5.4,100,2005,"Comedia",1321,2005-03-09,"Roberto Santiago",7,2026-10-04
453,tt0190865,2011-10-19,2011-10-19,,"Límite vertical","Vertical Limit",https://www.imdb.com/title/tt0190865/,Película,6.0,124,2000,"Acción, Aventura, Drama, Deporte, Suspense",71510,2001-02-02,"Martin Campbell",7,2012-05-25
454,tt0151572,2011-10-19,2011-10-19,,"El milagro de P. Tinto","El milagro de P. Tinto",https://www.imdb.com/title/tt0151572/,Película,7.1,106,1998,"Comedia, Fantasía, Ciencia ficción",4614,1998-12-18,"Javier Fesser",8,2012-05-25
455,tt0400647,2011-10-19,2011-10-19,,"Memoria del saqueo","Memoria del saqueo",https://www.imdb.com/title/tt0400647/,Película,7.9,120,2004,"Documental",1099,2004-03-18,"Fernando E. Solanas",8,2011-10-19
456,tt0090557,2011-10-19,2011-10-19,,"Alrededor de la medianoche","'Round Midnight",https://www.imdb.com/title/tt0090557/,Película,7.4,133,1986,"Drama, Música",6528,1987-03-02,"Bertrand Tavernier",8,2012-05-25
457,tt0120802,2011-10-19,2011-10-19,,"El violín rojo","Le violon rouge",https://www.imdb.com/title/tt0120802/,Película,7.6,130,1998,"Drama, Música, Misterio, Romance",35978,1999-07-02,"François Girard",9,2011-10-19
458,tt0283900,2011-10-19,2011-10-19,,"Una casa de locos","L'auberge espagnole",https://www.imdb.com/title/tt0283900/,Película,7.3,122,2002,"Comedia, Drama, Romance",44283,2002-11-22,"Cédric Klapisch",7,2011-10-19
459,tt1587707,2011-10-19,2011-10-19,,"Exit Through the Gift Shop","Exit Through the Gift Shop",https://www.imdb.com/title/tt1587707/,Película,7.9,87,2010,"Documental, Comedia, Crimen, Historia",70668,2010-03-05,"Banksy",7,2011-10-19
460,tt0266697,2011-10-20,2011-10-20,,"Kill Bill: Volumen 1","Kill Bill: Vol. 1",https://www.imdb.com/title/tt0266697/,Película,8.2,111,2003,"Acción, Crimen, Suspense",1327863,2004-03-05,"Quentin Tarantino",8,2012-05-25
461,tt0302886,2011-10-23,2011-10-23,,"Aquellas juergas universitarias","Old School",https://www.imdb.com/title/tt0302886/,Película,7.0,88,2003,"Comedia",258640,2003-05-09,"Todd Phillips",7,2012-05-25
462,tt0071746,2011-10-23,2011-10-23,,"Lenny","Lenny",https://www.imdb.com/title/tt0071746/,Película,7.5,111,1974,"Biografía, Drama",19886,1977-11-21,"Bob Fosse",7,2011-10-23
463,tt1013743,2011-10-28,2011-10-28,,"Noche y día","Knight and Day",https://www.imdb.com/title/tt1013743/,Película,6.3,109,2010,"Acción, Aventura, Comedia",226777,2010-07-16,"James Mangold",4,2012-05-25
464,tt0096101,2011-10-30,2011-10-30,,"Cortocircuito 2","Short Circuit 2",https://www.imdb.com/title/tt0096101/,Película,5.8,110,1988,"Comedia, Drama, Familiar, Ciencia ficción",28530,1988-07-06,"Kenneth Johnson",4,2012-05-25
465,tt0409459,2011-11-22,2011-11-22,,"Watchmen","Watchmen",https://www.imdb.com/title/tt0409459/,Película,7.6,162,2009,"Acción, Drama, Misterio, Ciencia ficción",617337,2009-03-06,"Zack Snyder",4,2012-05-25
466,tt0440803,2011-11-22,2011-11-22,,"Shutter: El fotógrafo","Shutter",https://www.imdb.com/title/tt0440803/,Película,7.0,97,2004,"Terror, Misterio, Suspense",54728,2004-09-09,"Banjong Pisanthanakun, Parkpoom Wongpoom",7,2012-05-25
467,tt1318514,2011-11-22,2011-11-22,,"El origen del planeta de los simios","Rise of the Planet of the Apes",https://www.imdb.com/title/tt1318514/,Película,7.6,105,2011,"Acción, Drama, Ciencia ficción, Suspense",610886,2011-08-05,"Rupert Wyatt",5,2011-11-22
468,tt1583420,2011-11-22,2011-11-22,,"Larry Crowne, nunca es tarde","Larry Crowne",https://www.imdb.com/title/tt1583420/,Película,6.1,98,2011,"Comedia, Drama, Romance",77931,2011-09-30,"Tom Hanks",2,2014-11-15
469,tt0291988,2011-11-23,2011-11-23,,"Historias mínimas","Historias mínimas",https://www.imdb.com/title/tt0291988/,Película,7.4,92,2002,"Comedia, Drama",5613,2002-11-15,"Carlos Sorin",5,2012-05-25
470,tt0449059,2011-12-04,2011-12-04,,"Pequeña Miss Sunshine","Little Miss Sunshine",https://www.imdb.com/title/tt0449059/,Película,7.8,101,2006,"Comedia, Drama",567206,2006-10-20,"Jonathan Dayton, Valerie Faris",7,2011-12-03
471,tt0105698,2011-12-08,2011-12-08,,"Soldado universal","Universal Soldier",https://www.imdb.com/title/tt0105698/,Película,6.1,102,1992,"Acción, Ciencia ficción",102870,1992-10-23,"Roland Emmerich",6,2012-05-25
472,tt1205489,2011-12-10,2011-12-10,,"Gran Torino","Gran Torino",https://www.imdb.com/title/tt1205489/,Película,8.1,116,2008,"Drama",871717,2009-03-06,"Clint Eastwood",8,2018-03-07
473,tt0405422,2011-12-12,2011-12-12,,"Virgen a los 40","The 40 Year Old Virgin",https://www.imdb.com/title/tt0405422/,Película,7.1,116,2005,"Comedia, Romance",509120,2005-09-09,"Judd Apatow",8,2012-05-25
474,tt0454848,2011-12-13,2011-12-13,,"Plan oculto","Inside Man",https://www.imdb.com/title/tt0454848/,Película,7.6,129,2006,"Crimen, Drama, Misterio, Suspense",430320,2006-04-12,"Spike Lee",8,2012-05-25
475,tt1291584,2011-12-28,2011-12-28,,"Warrior","Warrior",https://www.imdb.com/title/tt1291584/,Película,8.1,140,2011,"Acción, Drama, Deporte",534474,2011-09-09,"Gavin O'Connor",9,2012-04-28
476,tt0278823,2011-12-30,2011-12-30,,"Un final made in Hollywood","Hollywood Ending",https://www.imdb.com/title/tt0278823/,Película,6.5,112,2002,"Comedia, Romance",29305,2002-10-18,"Woody Allen",7,2012-05-25
477,tt0369441,2011-12-31,2011-12-31,,"Dick y Jane: Ladrones de risa","Fun with Dick and Jane",https://www.imdb.com/title/tt0369441/,Película,6.2,90,2005,"Comedia, Crimen",164623,2006-02-10,"Dean Parisot",7,2012-05-25
478,tt0259446,2011-12-31,2011-12-31,,"Mi gran boda griega","My Big Fat Greek Wedding",https://www.imdb.com/title/tt0259446/,Película,6.6,95,2002,"Comedia, Drama, Romance",152487,2002-11-29,"Joel Zwick",7,2012-05-25
479,tt0180093,2012-01-04,2012-01-04,,"Réquiem por un sueño","Requiem for a Dream",https://www.imdb.com/title/tt0180093/,Película,8.3,102,2000,"Drama",986998,2001-03-23,"Darren Aronofsky",10,2012-01-03
480,tt0814314,2012-01-05,2012-01-05,,"Siete almas","Seven Pounds",https://www.imdb.com/title/tt0814314/,Película,7.6,123,2008,"Drama, Misterio, Suspense",328522,2009-01-16,"Gabriele Muccino",8,2011-08-23
481,tt1605783,2012-01-06,2012-01-06,,"Midnight in Paris","Midnight in Paris",https://www.imdb.com/title/tt1605783/,Película,7.6,94,2011,"Comedia, Fantasía, Romance",474702,2011-05-13,"Woody Allen",7,2012-01-06
482,tt1372282,2012-01-07,2012-01-07,,"Música en espera","Música en espera",https://www.imdb.com/title/tt1372282/,Película,6.7,106,2009,"Comedia, Música, Romance",860,2009-03-19,"Hernán Goldfrid",7,2012-05-25
483,tt1448755,2012-01-11,2012-01-11,,"Asesinos de élite","Killer Elite",https://www.imdb.com/title/tt1448755/,Película,6.4,116,2011,"Acción, Crimen, Suspense",142257,2011-11-18,"Gary McKendry",7,2012-01-11
484,tt0295701,2012-01-13,2012-01-13,,"xXx","xXx",https://www.imdb.com/title/tt0295701/,Película,5.9,124,2002,"Acción, Aventura, Drama, Suspense",195397,2002-10-18,"Rob Cohen",6,2012-05-25
485,tt0371746,2012-01-13,2012-01-13,,"Iron Man","Iron Man",https://www.imdb.com/title/tt0371746/,Película,7.9,126,2008,"Acción, Aventura, Ciencia ficción",1253750,2008-04-30,"Jon Favreau",7,2012-05-25
486,tt0307901,2012-01-17,2012-01-17,,"La última noche","25th Hour",https://www.imdb.com/title/tt0307901/,Película,7.6,135,2002,"Drama",191874,2003-04-25,"Spike Lee",7,2012-05-25
487,tt0396171,2012-01-17,2012-01-17,,"El perfume: Historia de un asesino","Perfume: The Story of a Murderer",https://www.imdb.com/title/tt0396171/,Película,7.5,147,2006,"Crimen, Drama, Fantasía",281403,2006-11-24,"Tom Tykwer",8,2012-01-17
488,tt0416320,2012-01-18,2012-01-18,,"Match Point","Match Point",https://www.imdb.com/title/tt0416320/,Película,7.6,124,2005,"Drama, Romance, Suspense",240877,2005-11-04,"Woody Allen",7,2012-01-17
489,tt0482571,2012-02-02,2012-02-02,,"El truco final (El prestigio)","The Prestige",https://www.imdb.com/title/tt0482571/,Película,8.5,130,2006,"Drama, Misterio, Ciencia ficción, Suspense",1632177,2007-01-12,"Christopher Nolan",8,2012-05-25
490,tt0947798,2012-02-04,2012-02-04,,"Cisne negro","Black Swan",https://www.imdb.com/title/tt0947798/,Película,8.0,108,2010,"Drama, Suspense",899191,2011-02-18,"Darren Aronofsky",8,2012-02-04
491,tt0434409,2012-02-05,2012-02-05,,"V de vendetta","V for Vendetta",https://www.imdb.com/title/tt0434409/,Película,8.1,132,2005,"Acción, Drama, Ciencia ficción, Suspense",1258088,2006-04-07,"James McTeigue",9,2012-02-05
492,tt1306980,2012-02-12,2012-02-12,,"50/50","50/50",https://www.imdb.com/title/tt1306980/,Película,7.6,100,2011,"Comedia, Drama, Romance",357054,2011-09-30,"Jonathan Levine",8,2012-02-12
493,tt0103855,2012-02-18,2012-02-18,,"El guardaespaldas","The Bodyguard",https://www.imdb.com/title/tt0103855/,Película,6.4,129,1992,"Drama, Música, Romance, Suspense",160634,1992-12-18,"Mick Jackson",6,2012-05-25
494,tt0086250,2012-02-19,2012-02-19,,"El precio del poder","Scarface",https://www.imdb.com/title/tt0086250/,Película,8.3,170,1983,"Crimen, Drama",1037594,1984-03-12,"Brian De Palma",9,2018-03-07
495,tt0267129,2012-02-26,2012-02-26,,"Yamakasi","Yamakasi - Les samouraïs des temps modernes",https://www.imdb.com/title/tt0267129/,Película,6.2,90,2001,"Acción, Crimen, Drama",14242,2001-11-23,"Ariel Zeitoun, Julien Seri",6,2012-05-25
496,tt0348150,2012-02-26,2012-02-26,,"Superman Returns: El regreso","Superman Returns",https://www.imdb.com/title/tt0348150/,Película,6.1,154,2006,"Acción, Aventura, Ciencia ficción",305254,2006-07-12,"Bryan Singer",6,2012-05-25
497,tt1262416,2012-02-27,2012-02-27,,"Scream 4","Scream 4",https://www.imdb.com/title/tt1262416/,Película,6.3,111,2011,"Terror, Misterio",194718,2011-04-20,"Wes Craven",6,2012-05-25
498,tt0122151,2012-02-28,2012-02-28,,"Arma letal 4","Lethal Weapon 4",https://www.imdb.com/title/tt0122151/,Película,6.6,127,1998,"Acción, Crimen, Suspense",182161,1998-08-21,"Richard Donner",7,2012-05-25
499,tt1634122,2012-02-29,2012-02-29,,"Johnny English Returns","Johnny English Reborn",https://www.imdb.com/title/tt1634122/,Película,6.3,101,2011,"Acción, Aventura, Comedia",150829,2011-09-30,"Oliver Parker",6,2012-05-25
500,tt0995829,2012-03-04,2012-03-04,,"XXY","XXY",https://www.imdb.com/title/tt0995829/,Película,7.0,86,2007,"Drama, Romance",15578,2008-01-11,"Lucía Puenzo",8,2012-05-25
501,tt1389137,2012-03-23,2012-03-23,,"Un lugar para soñar","We Bought a Zoo",https://www.imdb.com/title/tt1389137/,Película,7.0,124,2011,"Comedia, Drama, Familiar",162579,2011-12-30,"Cameron Crowe",7,2012-05-25
502,tt1032755,2012-04-01,2012-04-01,,"RocknRolla","RocknRolla",https://www.imdb.com/title/tt1032755/,Película,7.2,114,2008,"Acción, Crimen, Suspense",277328,2009-01-01,"Guy Ritchie",6,2012-04-02
503,tt0099581,2012-04-02,2012-04-02,,"Flashback","Flashback",https://www.imdb.com/title/tt0099581/,Película,6.2,108,1990,"Acción, Aventura, Comedia, Crimen, Drama",6064,1990-02-02,"Franco Amurri",5,2012-05-25
504,tt1869152,2012-04-08,2012-04-08,,"Titanic","Titanic",https://www.imdb.com/title/tt1869152/,Miniserie de TV,6.1,48,2012,"Drama, Historia",3848,2012-04-08,,3,2012-04-08
505,tt1229238,2012-04-13,2012-04-13,,"Misión: Imposible - Protocolo fantasma","Mission: Impossible - Ghost Protocol",https://www.imdb.com/title/tt1229238/,Película,7.4,132,2011,"Acción, Aventura, Suspense",570399,2011-12-16,"Brad Bird",7,2012-05-25
506,tt1674784,2012-04-28,2012-04-28,,"Bajo amenaza","Trespass",https://www.imdb.com/title/tt1674784/,Película,5.3,91,2011,"Crimen, Drama, Misterio, Suspense",47975,2012-01-27,"Joel Schumacher",1,2012-04-28
507,tt0497465,2012-04-29,2012-04-29,,"Vicky Cristina Barcelona","Vicky Cristina Barcelona",https://www.imdb.com/title/tt0497465/,Película,7.1,96,2008,"Comedia, Drama, Romance",282926,2008-09-19,"Woody Allen",7,2012-05-25
508,tt0160184,2012-05-25,2012-05-25,,"D-Tox (Ojo asesino)","D-Tox",https://www.imdb.com/title/tt0160184/,Película,5.4,96,2002,"Crimen, Suspense",31343,2002-01-25,"Jim Gillespie",3,2012-05-25
509,tt1777551,2012-05-29,2012-05-29,,"Bobby Fischer Against the World","Bobby Fischer Against the World",https://www.imdb.com/title/tt1777551/,Película,7.4,93,2011,"Documental, Biografía, Historia, Deporte",7650,2011-06-06,"Liz Garbus",9,2013-04-20
510,tt0219854,2012-06-02,2012-06-02,,"The Kid (El chico)","The Kid",https://www.imdb.com/title/tt0219854/,Película,6.1,104,2000,"Comedia, Familiar, Fantasía",46767,2000-08-21,"Jon Turteltaub",4,2012-06-02
511,tt0108065,2012-06-05,2012-06-05,,"En busca de Bobby Fischer","Searching for Bobby Fischer",https://www.imdb.com/title/tt0108065/,Película,7.3,109,1993,"Biografía, Drama, Deporte",45171,1994-01-14,"Steven Zaillian",8,2012-06-05
512,tt1409024,2012-06-27,2012-06-27,,"Men in Black 3","Men in Black³",https://www.imdb.com/title/tt1409024/,Película,6.8,106,2012,"Acción, Aventura, Comedia, Ciencia ficción",416615,2012-05-25,"Barry Sonnenfeld",8,2012-06-27
513,tt0350258,2012-06-30,2012-06-30,,"Ray","Ray",https://www.imdb.com/title/tt0350258/,Película,7.7,152,2004,"Biografía, Drama, Música",167518,2005-01-28,"Taylor Hackford",8,2018-01-17
514,tt1655442,2012-07-01,2012-07-01,,"The Artist","The Artist",https://www.imdb.com/title/tt1655442/,Película,7.8,100,2011,"Comedia, Drama, Romance",256646,2011-12-16,"Michel Hazanavicius",8,2012-07-01
515,tt0097050,2012-07-02,2012-07-02,,"Las aventuras de Chatrán","Koneko monogatari",https://www.imdb.com/title/tt0097050/,Película,6.8,90,1986,"Aventura, Drama, Familiar",13634,1988-12-23,"Masanori Hata",6,2020-06-18
516,tt0095800,2012-07-02,2012-07-02,,"El oso","L'ours",https://www.imdb.com/title/tt0095800/,Película,7.7,96,1988,"Aventura, Drama, Familiar",20706,1988-12-23,"Jean-Jacques Annaud",7,2024-12-14
517,tt0113277,2012-07-02,2012-07-02,,"Heat","Heat",https://www.imdb.com/title/tt0113277/,Película,8.3,170,1995,"Acción, Crimen, Drama",820707,1996-02-09,"Michael Mann",7,2023-04-12
518,tt0118715,2012-07-02,2012-07-02,,"El gran Lebowski","The Big Lebowski",https://www.imdb.com/title/tt0118715/,Película,8.1,117,1998,"Comedia, Crimen",925917,1998-04-24,"Joel Coen, Ethan Coen",8,2016-11-27
519,tt0330373,2012-07-02,2012-07-02,,"Harry Potter y el cáliz de fuego","Harry Potter and the Goblet of Fire",https://www.imdb.com/title/tt0330373/,Película,7.7,157,2005,"Aventura, Familiar, Fantasía, Misterio",766840,2005-11-25,"Mike Newell",6,2024-12-14
520,tt1605630,2012-07-02,2012-07-02,,"American Pie: El reencuentro","American Reunion",https://www.imdb.com/title/tt1605630/,Película,6.7,113,2012,"Comedia",235798,2012-05-04,"Jon Hurwitz, Hayden Schlossberg",6,2024-12-14
521,tt0109676,2012-07-12,2012-07-12,,"Salto al peligro","Drop Zone",https://www.imdb.com/title/tt0109676/,Película,5.6,101,1994,"Acción, Aventura, Suspense",23287,1995-03-03,"John Badham",3,2012-07-12
522,tt2241296,2012-07-22,2012-07-22,,"Eva Braun, imágenes íntimas: Eva Braun, en la intimidad de Hitler","Eva Braun, images intimes: Eva Braun, dans l'intimité d'Hitler",https://www.imdb.com/title/tt2241296/,Episodio de TV,7.1,72,2007,"Documental",62,2007-06-12,"Isabelle Clarke, Daniel Costelle",8,2012-07-22
523,tt0285066,2012-07-25,2012-07-25,,"En la puta vida","En la puta vida",https://www.imdb.com/title/tt0285066/,Película,6.3,103,2001,"Drama, Romance",572,2002-03-27,"Beatriz Flores Silva",6,2012-07-25
524,tt0116282,2012-07-28,2012-07-28,,"Fargo","Fargo",https://www.imdb.com/title/tt0116282/,Película,8.1,98,1996,"Crimen, Drama, Suspense",799454,1996-06-20,"Joel Coen, Ethan Coen",9,2015-12-16
525,tt0109635,2012-07-31,2012-07-31,,"Acoso","Disclosure",https://www.imdb.com/title/tt0109635/,Película,6.2,128,1994,"Drama, Suspense",59090,1995-01-27,"Barry Levinson",4,2012-07-31
526,tt0079522,2012-08-03,2012-08-03,,"Manhattan","Manhattan",https://www.imdb.com/title/tt0079522/,Película,7.8,96,1979,"Comedia, Drama, Romance",153703,1979-09-10,"Woody Allen",8,2012-08-03
527,tt0110989,2012-08-05,2012-08-05,,"Niño rico","Ri¢hie Ri¢h",https://www.imdb.com/title/tt0110989/,Película,5.5,95,1994,"Comedia, Familiar",80266,1995-04-07,"Donald Petrie",4,2012-08-05
528,tt0068646,2012-08-10,2012-08-10,,"El padrino","The Godfather",https://www.imdb.com/title/tt0068646/,Película,9.2,175,1972,"Crimen, Drama",2263030,1972-10-20,"Francis Ford Coppola",10,2012-08-10
529,tt1192628,2012-08-15,2012-08-15,,"Rango","Rango",https://www.imdb.com/title/tt1192628/,Película,7.3,107,2011,"Animación, Acción, Aventura, Comedia, Drama, Familiar, Del oeste",325134,2011-03-04,"Gore Verbinski",8,2012-08-15
530,tt0071562,2012-08-16,2012-08-16,,"El padrino parte II","The Godfather Part II",https://www.imdb.com/title/tt0071562/,Película,9.0,202,1974,"Crimen, Drama",1517705,1975-10-13,"Francis Ford Coppola",10,2017-11-03
531,tt1280534,2012-08-22,2012-08-22,,"Un novio para mi mujer","Un novio para mi mujer",https://www.imdb.com/title/tt1280534/,Película,6.7,100,2008,"Comedia, Romance",4171,2009-07-10,"Juan Taratuto",8,2012-08-22
532,tt0275204,2012-08-23,2012-08-23,,"El asadito","El asadito",https://www.imdb.com/title/tt0275204/,Película,7.2,71,2000,"Comedia, Drama",293,2000-11-09,"Gustavo Postiglione",7,2012-08-23
533,tt1674098,2012-08-24,2012-08-24,,"Pájaros volando","Pájaros volando",https://www.imdb.com/title/tt1674098/,Película,5.8,110,2010,"Comedia, Fantasía, Música, Ciencia ficción",557,2010-08-05,"Néstor Montalbano",4,2012-08-24
534,tt0848228,2012-08-28,2012-08-28,,"Marvel Los Vengadores","The Avengers",https://www.imdb.com/title/tt0848228/,Película,8.0,143,2012,"Acción, Ciencia ficción",1586935,2012-04-27,"Joss Whedon",7,2012-08-28
535,tt0110074,2012-09-03,2012-09-03,,"El gran salto","The Hudsucker Proxy",https://www.imdb.com/title/tt0110074/,Película,7.2,111,1994,"Comedia, Drama, Fantasía",91069,1994-09-09,"Joel Coen, Ethan Coen",9,2012-09-03
536,tt0244244,2012-09-04,2012-09-04,,"Operación Swordfish","Swordfish",https://www.imdb.com/title/tt0244244/,Película,6.5,99,2001,"Acción, Crimen, Suspense",204831,2001-07-20,"Dominic Sena",6,2020-05-16
537,tt0454976,2012-09-07,2012-09-07,,"Maradona by Kusturica","Maradona by Kusturica",https://www.imdb.com/title/tt0454976/,Película,6.7,90,2008,"Documental, Deporte",6910,2008-05-28,"Emir Kusturica",7,2012-09-07
538,tt0093692,2012-09-19,2012-09-19,,"Yo, el Halcón","Over the Top",https://www.imdb.com/title/tt0093692/,Película,5.9,93,1987,"Acción, Drama, Deporte",66317,1987-04-06,"Menahem Golan",5,2024-12-14
539,tt1111422,2012-09-30,2012-09-30,,"Asalto al tren Pelham 1 2 3","The Taking of Pelham 123",https://www.imdb.com/title/tt1111422/,Película,6.4,106,2009,"Acción, Crimen, Suspense",219186,2009-07-24,"Tony Scott",7,2014-05-01
540,tt0186151,2012-10-07,2012-10-07,,"Frequency","Frequency",https://www.imdb.com/title/tt0186151/,Película,7.4,118,2000,"Crimen, Drama, Misterio, Ciencia ficción, Suspense",125371,2000-08-28,"Gregory Hoblit",8,2012-10-07
541,tt0318627,2012-10-09,2012-10-09,,"Resident Evil 2: Apocalipsis","Resident Evil: Apocalypse",https://www.imdb.com/title/tt0318627/,Película,6.1,94,2004,"Acción, Terror, Ciencia ficción, Suspense",225174,2004-11-05,"Alexander Witt",2,2012-10-09
542,tt2016959,2012-10-10,2012-10-10,,"Os 3","Os 3",https://www.imdb.com/title/tt2016959/,Película,6.1,80,2011,"Drama, Romance",769,2011-11-11,"Nando Olival",6,2012-10-10
543,tt0335266,2012-10-11,2012-10-11,,"Lost in Translation","Lost in Translation",https://www.imdb.com/title/tt0335266/,Película,7.7,102,2003,"Comedia, Drama",535705,2004-02-13,"Sofia Coppola",7,2022-07-18
544,tt1702425,2012-10-11,2012-10-11,,"Casa de mi Padre","Casa de mi padre",https://www.imdb.com/title/tt1702425/,Película,5.5,85,2012,"Comedia, Del oeste",22205,2012-05-11,"Matt Piedmont",4,2012-10-11
545,tt0861739,2012-10-15,2012-10-15,,"Tropa de élite","Tropa de Elite",https://www.imdb.com/title/tt0861739/,Película,8.0,115,2007,"Acción, Crimen, Drama, Suspense",121509,2008-07-18,"José Padilha",8,2012-10-15
546,tt1376780,2012-10-15,2012-10-15,,"Esperando la carroza 2: Se acabó la fiesta","Esperando la carroza 2: Se acabó la fiesta",https://www.imdb.com/title/tt1376780/,Película,3.2,88,2009,"Comedia",387,2009-04-02,"Gabriel Condrón",1,2014-05-01
547,tt1077349,2012-10-16,2012-10-16,,"Incorregibles","Incorregibles",https://www.imdb.com/title/tt1077349/,Película,4.6,91,2007,"Acción, Comedia, Crimen",512,2007-07-04,"Rodolfo Ledo",3,2012-10-16
548,tt1645170,2012-10-20,2012-10-20,,"El dictador","The Dictator",https://www.imdb.com/title/tt1645170/,Película,6.5,83,2012,"Comedia",373785,2012-07-13,"Larry Charles",7,2014-05-01
549,tt2132324,2012-10-23,2012-10-23,,"Elefante blanco","Elefante blanco",https://www.imdb.com/title/tt2132324/,Película,6.5,105,2012,"Crimen, Drama",5856,2012-07-13,"Pablo Trapero",4,2012-10-23
550,tt0346631,2012-10-31,2012-10-31,,"Promesa sangrienta","Blood and Bone",https://www.imdb.com/title/tt0346631/,Película,6.7,93,2009,"Acción, Crimen, Drama, Suspense",38672,2022-10-06,"Ben Ramsey",7,2012-10-31
551,tt1555149,2012-11-01,2012-11-01,,"Tropa de élite 2","Tropa de Elite 2: O Inimigo Agora é Outro",https://www.imdb.com/title/tt1555149/,Película,8.0,115,2010,"Crimen, Drama, Suspense",93372,2022-01-03,"José Padilha",8,2012-11-01
552,tt0099674,2012-11-03,2012-11-03,,"El padrino parte III","The Godfather Part III",https://www.imdb.com/title/tt0099674/,Película,7.5,162,1990,"Crimen, Drama",461677,1991-03-01,"Francis Ford Coppola",9,2014-05-01
553,tt0363163,2012-11-05,2012-11-05,,"El hundimiento","Der Untergang",https://www.imdb.com/title/tt0363163/,Película,8.2,156,2004,"Biografía, Drama, Historia, Bélico",404647,2005-02-18,"Oliver Hirschbiegel",8,2018-03-07
554,tt1764651,2012-11-11,2012-11-11,,"Los mercenarios 2","The Expendables 2",https://www.imdb.com/title/tt1764651/,Película,6.6,103,2012,"Acción, Aventura, Suspense",336882,2012-08-24,"Simon West",4,2012-11-11
555,tt0387898,2012-11-11,2012-11-11,,"Caché (Escondido)","Caché",https://www.imdb.com/title/tt0387898/,Película,7.3,117,2005,"Drama, Misterio, Suspense",91222,2006-01-20,"Michael Haneke",6,2012-11-11
556,tt1386703,2012-11-14,2012-11-14,,"Total Recall: Desafío total","Total Recall",https://www.imdb.com/title/tt1386703/,Película,6.2,118,2012,"Acción, Aventura, Ciencia ficción, Suspense",277981,2012-09-14,"Len Wiseman",7,2012-11-14
557,tt1197624,2012-11-18,2012-11-18,,"Un ciudadano ejemplar","Law Abiding Citizen",https://www.imdb.com/title/tt1197624/,Película,7.4,109,2009,"Acción, Crimen, Drama, Suspense",350170,2010-05-07,"F. Gary Gray",8,2012-11-18
558,tt1675434,2012-11-22,2012-11-22,,"Intocable","Intouchables",https://www.imdb.com/title/tt1675434/,Película,8.5,112,2011,"Comedia, Drama",1044833,2012-03-09,"Olivier Nakache, Éric Toledano",7,2019-08-17
559,tt0117951,2012-12-11,2012-12-11,,"Trainspotting","Trainspotting",https://www.imdb.com/title/tt0117951/,Película,8.1,93,1996,"Crimen, Drama",776014,1996-09-23,"Danny Boyle",8,2012-12-11
560,tt1194173,2012-12-13,2012-12-13,,"El legado de Bourne","The Bourne Legacy",https://www.imdb.com/title/tt1194173/,Película,6.6,135,2012,"Acción, Aventura, Suspense",330705,2012-08-15,"Tony Gilroy",8,2012-12-13
561,tt0114814,2012-12-18,2012-12-18,,"Sospechosos habituales","The Usual Suspects",https://www.imdb.com/title/tt0114814/,Película,8.5,106,1995,"Crimen, Drama, Misterio, Suspense",1257482,1995-09-08,"Bryan Singer",8,2012-12-18
562,tt1276104,2012-12-30,2012-12-30,,"Looper","Looper",https://www.imdb.com/title/tt1276104/,Película,7.4,119,2012,"Acción, Drama, Ciencia ficción, Suspense",633624,2012-10-19,"Rian Johnson",8,2012-12-30
563,tt1190080,2012-12-30,2012-12-30,,"2012","2012",https://www.imdb.com/title/tt1190080/,Película,5.9,158,2009,"Acción, Aventura, Ciencia ficción",427900,2009-11-20,"Roland Emmerich",4,2012-12-30
564,tt0120131,2013-01-06,2013-01-06,,"El rey león 2: El tesoro de Simba","The Lion King II: Simba's Pride",https://www.imdb.com/title/tt0120131/,Vídeo,6.4,82,1998,"Animación, Aventura, Drama, Familiar, Musical, Romance",84323,1999-05-05,"Darrell Rooney, Rob LaDuca",4,2014-05-01
565,tt1277728,2013-01-23,2013-01-23,,"Vacaciones de ferragosto","Pranzo di ferragosto",https://www.imdb.com/title/tt1277728/,Película,6.9,75,2008,"Comedia, Drama",4526,2009-05-22,"Gianni Di Gregorio",8,2013-01-23
566,tt0420223,2013-01-23,2013-01-23,,"Más extraño que la ficción","Stranger Than Fiction",https://www.imdb.com/title/tt0420223/,Película,7.5,113,2006,"Comedia, Drama, Fantasía, Romance",247167,2007-01-19,"Marc Forster",7,2014-05-01
567,tt2203951,2013-01-23,2013-01-23,,"¡Atraco!","¡Atraco!",https://www.imdb.com/title/tt2203951/,Película,6.3,111,2012,"Comedia, Crimen, Suspense",888,2012-10-19,"Eduard Cortés",7,2013-01-23
568,tt0059260,2013-01-23,2013-01-23,,"Help!","Help!",https://www.imdb.com/title/tt0059260/,Película,7.1,92,1965,"Aventura, Comedia, Musical",21469,1965-08-01,"Richard Lester",6,2014-05-01
569,tt1649419,2013-01-24,2013-01-24,,"Lo imposible","Lo imposible",https://www.imdb.com/title/tt1649419/,Película,7.5,114,2012,"Drama, Historia, Suspense",268286,2012-10-11,"J.A. Bayona",7,2014-05-01
570,tt1536044,2013-01-24,2013-01-24,,"Paranormal Activity 2","Paranormal Activity 2",https://www.imdb.com/title/tt1536044/,Película,5.7,91,2010,"Terror, Misterio",116898,2010-10-22,"Tod Williams",5,2014-05-01
571,tt0822854,2013-01-27,2013-01-27,,"Shooter: El tirador","Shooter",https://www.imdb.com/title/tt0822854/,Película,7.2,124,2007,"Acción, Drama, Suspense",379967,2007-04-13,"Antoine Fuqua",6,2014-05-01
572,tt1813327,2013-01-27,2013-01-27,,"Gianni y sus mujeres","Gianni e le donne",https://www.imdb.com/title/tt1813327/,Película,6.3,90,2011,"Comedia, Romance",1902,2011-08-26,"Gianni Di Gregorio",7,2014-05-01
573,tt0454876,2013-02-14,2013-02-14,,"La vida de Pi","Life of Pi",https://www.imdb.com/title/tt0454876/,Película,7.9,127,2012,"Aventura, Drama, Fantasía",706917,2012-11-30,"Ang Lee",8,2013-02-14
574,tt1764234,2013-02-14,2013-02-14,,"Mátalos suavemente","Killing Them Softly",https://www.imdb.com/title/tt1764234/,Película,6.2,97,2012,"Crimen, Drama, Suspense",161952,2012-09-21,"Andrew Dominik",6,2014-05-01
575,tt1726888,2013-02-15,2013-02-15,,"Infancia clandestina","Infancia clandestina",https://www.imdb.com/title/tt1726888/,Película,7.0,112,2011,"Drama",2811,2012-12-21,"Benjamín Ávila",9,2013-02-16
576,tt0103060,2013-02-16,2013-02-16,,"Las Tortugas Ninja II: El secreto de los mocos verdes","Teenage Mutant Ninja Turtles II: The Secret of the Ooze",https://www.imdb.com/title/tt0103060/,Película,6.1,88,1991,"Acción, Aventura, Comedia, Familiar, Ciencia ficción",65304,1991-07-26,"Michael Pressman",4,2014-05-01
577,tt0144084,2013-02-17,2013-02-17,,"American Psycho","American Psycho",https://www.imdb.com/title/tt0144084/,Película,7.6,102,2000,"Crimen, Drama, Terror",859558,2000-09-29,"Mary Harron",7,2014-05-01
578,tt1024648,2013-02-18,2013-02-18,,"Argo","Argo",https://www.imdb.com/title/tt1024648/,Película,7.7,120,2012,"Biografía, Drama, Historia, Suspense",674121,2012-10-26,"Ben Affleck",8,2013-02-18
579,tt0101410,2013-02-22,2013-02-22,,"Barton Fink","Barton Fink",https://www.imdb.com/title/tt0101410/,Película,7.6,116,1991,"Comedia, Drama, Suspense",136694,1992-03-20,"Joel Coen, Ethan Coen",7,2013-02-23
580,tt1853728,2013-03-04,2013-03-04,,"Django desencadenado","Django Unchained",https://www.imdb.com/title/tt1853728/,Película,8.5,165,2012,"Drama, Del oeste",1918882,2013-01-18,"Quentin Tarantino",9,2013-03-06
581,tt0865438,2013-03-07,2013-03-07,,"El camino de San Diego","El camino de San Diego",https://www.imdb.com/title/tt0865438/,Película,7.0,98,2006,"Comedia, Drama, Deporte",769,2006-11-24,"Carlos Sorin",7,2014-05-01
582,tt0078788,2013-03-15,2013-03-15,,"Apocalypse Now","Apocalypse Now",https://www.imdb.com/title/tt0078788/,Película,8.4,147,1979,"Drama, Misterio, Bélico",779669,1979-11-07,"Francis Ford Coppola",7,2014-02-16
583,tt1045658,2013-03-17,2013-03-17,,"El lado bueno de las cosas","Silver Linings Playbook",https://www.imdb.com/title/tt1045658/,Película,7.7,122,2012,"Drama, Romance",779017,2013-01-25,"David O. Russell",7,2013-03-17
584,tt0168629,2013-03-18,2013-03-18,,"Bailar en la oscuridad","Dancer in the Dark",https://www.imdb.com/title/tt0168629/,Película,7.9,135,2000,"Crimen, Drama, Musical",125425,2000-10-27,"Lars von Trier",10,2013-03-19
585,tt0093822,2013-03-21,2013-03-21,,"Arizona Baby","Raising Arizona",https://www.imdb.com/title/tt0093822/,Película,7.3,94,1987,"Comedia, Crimen",162536,1987-08-17,"Joel Coen, Ethan Coen",9,2013-03-21
586,tt0107207,2013-03-24,2013-03-24,,"En el nombre del padre","In the Name of the Father",https://www.imdb.com/title/tt0107207/,Película,8.1,133,1993,"Biografía, Crimen, Drama",205128,1994-02-18,"Jim Sheridan",7,2013-03-24
587,tt0276919,2013-03-24,2013-03-24,,"Dogville","Dogville",https://www.imdb.com/title/tt0276919/,Película,8.0,171,2003,"Crimen, Drama",169229,2003-11-07,"Lars von Trier",8,2013-03-24
588,tt1125849,2013-03-24,2013-03-24,,"El luchador","The Wrestler",https://www.imdb.com/title/tt1125849/,Película,7.9,109,2008,"Drama, Deporte",333038,2009-02-20,"Darren Aronofsky",8,2013-03-25
589,tt0072890,2013-03-27,2013-03-27,,"Tarde de perros","Dog Day Afternoon",https://www.imdb.com/title/tt0072890/,Película,8.0,125,1975,"Biografía, Crimen, Drama, Suspense",295241,1976-03-24,"Sidney Lumet",7,2013-03-28
590,tt0138704,2013-03-29,2013-03-29,,"Pi, fe en el caos","Pi",https://www.imdb.com/title/tt0138704/,Película,7.3,84,1998,"Drama, Terror, Misterio, Ciencia ficción, Suspense",193998,1999-12-03,"Darren Aronofsky",7,2013-03-29
591,tt1527186,2013-03-30,2013-03-30,,"Melancolía","Melancholia",https://www.imdb.com/title/tt1527186/,Película,7.1,135,2011,"Drama, Ciencia ficción",210374,2011-11-04,"Lars von Trier",6,2013-03-30
592,tt0477348,2013-03-30,2013-03-30,,"No es país para viejos","No Country for Old Men",https://www.imdb.com/title/tt0477348/,Película,8.2,122,2007,"Crimen, Drama, Suspense",1217151,2008-02-08,"Ethan Coen, Joel Coen",8,2013-12-31
593,tt0120483,2013-04-01,2013-04-01,,"El hombre que no sabía nada","The Man Who Knew Too Little",https://www.imdb.com/title/tt0120483/,Película,6.6,94,1997,"Comedia, Crimen, Drama",37655,1998-08-14,"Jon Amiel",5,2013-04-01
594,tt0414993,2013-04-03,2013-04-03,,"La fuente de la vida","The Fountain",https://www.imdb.com/title/tt0414993/,Película,7.1,97,2006,"Drama, Misterio, Romance, Ciencia ficción",259850,2007-04-27,"Darren Aronofsky",8,2013-04-03
595,tt0099685,2013-04-06,2013-04-06,,"Uno de los nuestros","GoodFellas",https://www.imdb.com/title/tt0099685/,Película,8.7,145,1990,"Biografía, Crimen, Drama",1417529,1990-10-19,"Martin Scorsese",8,2013-04-07
596,tt0125022,2013-04-07,2013-04-07,,"Las seductoras","Heartbreakers",https://www.imdb.com/title/tt0125022/,Película,6.3,123,2001,"Comedia, Crimen, Romance",62797,2001-07-20,"David Mirkin",6,2014-05-01
597,tt0107165,2013-04-09,2013-04-09,,"Huevos de oro","Huevos de oro",https://www.imdb.com/title/tt0107165/,Película,6.1,95,1993,"Comedia, Drama",4331,1994-02-18,"Bigas Luna",6,2013-04-09
598,tt0115751,2013-04-09,2013-04-09,,"Rompiendo las olas","Breaking the Waves",https://www.imdb.com/title/tt0115751/,Película,7.8,153,1996,"Drama",76815,1996-10-30,"Lars von Trier",8,2013-04-10
599,tt0425489,2013-04-10,2013-04-10,,"La suerte está echada","La suerte está echada",https://www.imdb.com/title/tt0425489/,Película,7.1,97,2005,"Comedia",1197,2005-08-11,"Sebastián Borensztein",7,2013-04-13
600,tt1010048,2013-04-17,2013-04-17,,"Slumdog Millionaire","Slumdog Millionaire",https://www.imdb.com/title/tt1010048/,Película,8.0,120,2008,"Crimen, Drama, Romance",916602,2009-02-13,"Danny Boyle, Loveleen Tandan",8,2013-04-17
601,tt0305711,2013-04-17,2013-04-17,,"Recién casados","Just Married",https://www.imdb.com/title/tt0305711/,Película,5.5,95,2003,"Comedia, Romance",78386,2003-04-04,"Shawn Levy",5,2013-04-17
602,tt0390221,2013-04-18,2013-04-18,,"María, llena eres de gracia","Maria Full of Grace",https://www.imdb.com/title/tt0390221/,Película,7.4,101,2004,"Crimen, Drama",37829,2004-10-22,"Joshua Marston",7,2013-04-18
603,tt0087121,2013-04-20,2013-04-20,,"Darse cuenta","Darse cuenta",https://www.imdb.com/title/tt0087121/,Película,7.4,106,1984,"Drama",383,1984-08-30,"Alejandro Doria",6,2014-05-01
604,tt1477715,2013-04-29,2013-04-29,,"This Is It","Michael Jackson's This Is It",https://www.imdb.com/title/tt1477715/,Película,7.2,111,2009,"Documental, Música",44322,2009-10-28,"Kenny Ortega",8,2013-04-29
605,tt1063669,2013-04-30,2013-04-30,,"La ola","Die Welle",https://www.imdb.com/title/tt1063669/,Película,7.6,107,2008,"Drama, Suspense",123087,2008-11-28,"Dennis Gansel",7,2013-04-30
606,tt0034583,2013-04-30,2013-04-30,,"Casablanca","Casablanca",https://www.imdb.com/title/tt0034583/,Película,8.5,102,1942,"Drama, Romance, Bélico",662381,1943-01-23,"Michael Curtiz",7,2013-04-30
607,tt0795421,2013-05-19,2013-05-19,,"Mamma Mia!","Mamma Mia!",https://www.imdb.com/title/tt0795421/,Película,6.5,108,2008,"Comedia, Musical, Romance",312897,2008-08-13,"Phyllida Lloyd",3,2013-05-19
608,tt1560747,2013-05-22,2013-05-22,,"The Master","The Master",https://www.imdb.com/title/tt1560747/,Película,7.1,138,2012,"Drama",203907,2013-01-04,"Paul Thomas Anderson",6,2014-05-01
609,tt1567609,2013-06-02,2013-06-02,,"Vacaciones en el infierno","Get the Gringo",https://www.imdb.com/title/tt1567609/,Película,6.9,96,2012,"Acción, Drama, Suspense",115344,2012-10-26,"Adrian Grunberg",7,2014-05-01
610,tt1904996,2013-06-21,2013-06-21,,"Parker","Parker",https://www.imdb.com/title/tt1904996/,Película,6.2,118,2013,"Acción, Crimen, Suspense",137270,2013-03-08,"Taylor Hackford",5,2014-05-01
611,tt2180168,2013-06-22,2013-06-22,,"Rubia, sexy, alta","TalhotBlond",https://www.imdb.com/title/tt2180168/,Película de TV,6.4,87,2012,"Drama",2186,2013-06-22,"Courteney Cox",4,2014-05-01
612,tt0088326,2013-06-29,2013-06-29,,"Infielmente tuya","Unfaithfully Yours",https://www.imdb.com/title/tt0088326/,Película,6.0,96,1984,"Comedia, Música, Romance",3391,1984-02-10,"Howard Zieff",7,2014-05-01
613,tt0780504,2013-07-01,2013-07-01,,"Drive","Drive",https://www.imdb.com/title/tt0780504/,Película,7.8,100,2011,"Acción, Drama",776022,2011-12-28,"Nicolas Winding Refn",7,2014-05-01
614,tt1653690,2013-07-16,2013-07-16,,"Ong Bak 3","Ong-bak 3",https://www.imdb.com/title/tt1653690/,Película,4.9,99,2010,"Acción",15694,2010-05-05,"Tony Jaa, Panna Rittikrai",5,2014-05-01
615,tt2125608,2013-07-20,2013-07-20,,"Searching for Sugar Man","Searching for Sugar Man",https://www.imdb.com/title/tt2125608/,Película,8.2,86,2012,"Documental, Biografía, Música, Misterio",76998,2013-02-22,"Malik Bendjelloul",7,2013-07-20
616,tt0062622,2013-07-20,2013-07-20,,"2001: Una odisea del espacio","2001: A Space Odyssey",https://www.imdb.com/title/tt0062622/,Película,8.3,149,1968,"Aventura, Ciencia ficción",794622,1968-10-17,"Stanley Kubrick",8,2014-05-01
617,tt0101272,2013-08-02,2013-08-02,,"La familia Addams","The Addams Family",https://www.imdb.com/title/tt0101272/,Película,7.0,99,1991,"Comedia, Fantasía",203768,1992-04-10,"Barry Sonnenfeld",6,2014-05-01
618,tt1690953,2013-08-02,2013-08-02,,"Gru 2: Mi villano favorito","Despicable Me 2",https://www.imdb.com/title/tt1690953/,Película,7.3,98,2013,"Animación, Aventura, Comedia, Crimen, Familiar, Ciencia ficción",466338,2013-07-05,"Pierre Coffin, Chris Renaud",7,2017-07-24
619,tt0469494,2013-08-06,2013-08-06,,"Pozos de ambición","There Will Be Blood",https://www.imdb.com/title/tt0469494/,Película,8.2,158,2007,"Drama",721136,2008-02-15,"Paul Thomas Anderson",10,2018-08-29
620,tt1336617,2013-08-11,2013-08-11,,"Cyrus","Cyrus",https://www.imdb.com/title/tt1336617/,Película,6.3,91,2010,"Comedia, Drama, Romance",37644,2010-11-19,"Jay Duplass, Mark Duplass",7,2013-09-03
621,tt1323594,2013-08-13,2013-08-13,,"Gru: Mi villano favorito","Despicable Me",https://www.imdb.com/title/tt1323594/,Película,7.6,95,2010,"Animación, Aventura, Comedia, Crimen, Familiar, Ciencia ficción",641898,2010-10-08,"Pierre Coffin, Chris Renaud",7,2013-08-13
622,tt0816711,2013-08-14,2013-08-14,,"Guerra mundial Z","World War Z",https://www.imdb.com/title/tt0816711/,Película,7.0,116,2013,"Acción, Aventura, Terror, Ciencia ficción",796756,2013-08-02,"Marc Forster",8,2013-09-03
623,tt1343092,2013-08-17,2013-08-17,,"El gran Gatsby","The Great Gatsby",https://www.imdb.com/title/tt1343092/,Película,7.2,143,2013,"Drama, Romance",650950,2013-05-17,"Baz Luhrmann",5,2013-09-03
624,tt0988047,2013-08-26,2013-08-26,,"Traidor","Traitor",https://www.imdb.com/title/tt0988047/,Película,6.9,114,2008,"Acción, Crimen, Drama, Suspense",61162,2009-03-27,"Jeffrey Nachmanoff",8,2013-08-26
625,tt1606378,2013-09-02,2013-09-02,,"La jungla: Un buen día para morir","A Good Day to Die Hard",https://www.imdb.com/title/tt1606378/,Película,5.2,98,2013,"Acción, Suspense",224654,2013-02-15,"John Moore",5,2013-09-03
626,tt0405094,2013-09-04,2013-09-04,,"La vida de los otros","Das Leben der Anderen",https://www.imdb.com/title/tt0405094/,Película,8.4,137,2006,"Drama, Misterio, Suspense",447883,2007-02-16,"Florian Henckel von Donnersmarck",7,2014-05-01
627,tt2248944,2013-09-14,2013-09-14,,"2 + 2","2 + 2",https://www.imdb.com/title/tt2248944/,Película,6.2,103,2012,"Comedia, Drama, Romance",2669,2013-05-01,"Diego Kaplan",6,2014-05-01
628,tt1193138,2013-09-28,2013-09-28,,"Up in the Air (Amor sin escalas)","Up in the Air",https://www.imdb.com/title/tt1193138/,Película,7.4,109,2009,"Comedia, Drama, Romance",363232,2010-01-22,"Jason Reitman",7,2014-05-01
629,tt0265666,2013-10-30,2013-10-30,,"Los Tenenbaums. Una familia de genios","The Royal Tenenbaums",https://www.imdb.com/title/tt0265666/,Película,7.6,110,2001,"Comedia, Drama",339407,2002-04-12,"Wes Anderson",7,2013-10-30
630,tt0363988,2013-11-03,2013-11-03,,"La ventana secreta","Secret Window",https://www.imdb.com/title/tt0363988/,Película,6.5,96,2004,"Drama, Misterio, Suspense",224094,2004-04-16,"David Koepp",8,2014-01-03
631,tt0072068,2013-11-07,2013-11-07,,"La Raulito","La Raulito",https://www.imdb.com/title/tt0072068/,Película,6.8,95,1975,"Biografía, Drama",151,1975-07-10,"Lautaro Murúa",6,2014-05-01
632,tt0964517,2013-11-24,2013-11-24,,"The Fighter","The Fighter",https://www.imdb.com/title/tt0964517/,Película,7.8,116,2010,"Acción, Biografía, Drama, Deporte",411817,2011-02-04,"David O. Russell",8,2014-05-01
633,tt2357129,2013-12-02,2013-12-02,,"Jobs","Jobs",https://www.imdb.com/title/tt2357129/,Película,6.0,128,2013,"Biografía, Drama",108327,2013-09-20,"Joshua Michael Stern",6,2014-01-03
634,tt1945034,2013-12-02,2013-12-02,,"Una pistola en cada mano","Una pistola en cada mano",https://www.imdb.com/title/tt1945034/,Película,6.5,95,2012,"Comedia, Drama",3510,2012-12-05,"Cesc Gay",5,2014-01-03
635,tt1272878,2013-12-03,2013-12-03,,"2 Guns","2 Guns",https://www.imdb.com/title/tt1272878/,Película,6.7,109,2013,"Acción, Comedia, Crimen, Suspense",239614,2013-09-27,"Baltasar Kormákur",6,2014-01-03
636,tt1907668,2013-12-07,2013-12-07,,"El vuelo (Flight)","Flight",https://www.imdb.com/title/tt1907668/,Película,7.3,138,2012,"Drama, Suspense",401745,2013-01-25,"Robert Zemeckis",7,2014-05-01
637,tt0106489,2013-12-11,2013-12-11,,"Una historia del Bronx","A Bronx Tale",https://www.imdb.com/title/tt0106489/,Película,7.8,121,1993,"Crimen, Drama",191096,1995-06-08,"Robert De Niro",8,2013-12-11
638,tt1847746,2013-12-19,2013-12-19,,"El médico alemán (Wakolda)","Wakolda",https://www.imdb.com/title/tt1847746/,Película,6.7,93,2013,"Drama, Suspense",8148,2013-10-11,"Lucía Puenzo",7,2014-01-03
639,tt0077269,2013-12-26,2013-12-26,,"Los niños del Brasil","The Boys from Brazil",https://www.imdb.com/title/tt0077269/,Película,7.0,125,1978,"Drama, Misterio, Ciencia ficción, Suspense",34444,1979-11-02,"Franklin J. Schaffner",9,2013-12-26
640,tt0335245,2013-12-30,2013-12-30,,"Ladykillers","The Ladykillers",https://www.imdb.com/title/tt0335245/,Película,6.2,104,2004,"Comedia, Crimen, Suspense",113259,2004-05-21,"Ethan Coen, Joel Coen",9,2014-01-03
641,tt1019452,2014-01-03,2014-01-03,,"Un tipo serio","A Serious Man",https://www.imdb.com/title/tt1019452/,Película,7.0,106,2009,"Comedia, Drama",160163,2010-01-08,"Ethan Coen, Joel Coen",5,2014-01-04
642,tt1568338,2014-01-03,2014-01-03,,"Al borde del abismo","Man on a Ledge",https://www.imdb.com/title/tt1568338/,Película,6.6,102,2012,"Acción, Crimen, Suspense",163020,2012-03-23,"Asger Leth",6,2014-01-03
643,tt1403865,2014-01-05,2014-01-05,,"Valor de ley (True Grit)","True Grit",https://www.imdb.com/title/tt1403865/,Película,7.6,110,2010,"Drama, Del oeste",379807,2011-02-11,"Ethan Coen, Joel Coen",6,2014-05-01
644,tt2042568,2014-01-07,2014-01-07,,"A propósito de Llewyn Davis","Inside Llewyn Davis",https://www.imdb.com/title/tt2042568/,Película,7.4,104,2013,"Drama, Música",173530,2014-01-01,"Ethan Coen, Joel Coen",6,2014-05-01
645,tt1454468,2014-01-14,2014-01-14,,"Gravity","Gravity",https://www.imdb.com/title/tt1454468/,Película,7.7,91,2013,"Drama, Ciencia ficción, Suspense",907701,2013-10-04,"Alfonso Cuarón",8,2014-01-14
646,tt0361127,2014-01-16,2014-01-16,,"El leñador","The Woodsman",https://www.imdb.com/title/tt0361127/,Película,7.1,87,2004,"Drama",37143,2005-10-28,"Nicole Kassell",8,2014-01-31
647,tt0250687,2014-01-18,2014-01-18,,"Ratas a la carrera","Rat Race",https://www.imdb.com/title/tt0250687/,Película,6.5,112,2001,"Acción, Aventura, Comedia",131986,2001-12-14,"Jerry Zucker",3,2014-05-01
648,tt0993846,2014-01-20,2014-01-20,,"El lobo de Wall Street","The Wolf of Wall Street",https://www.imdb.com/title/tt0993846/,Película,8.2,180,2013,"Biografía, Comedia, Crimen, Drama",1830837,2014-01-17,"Martin Scorsese",9,2015-10-10
649,tt1028532,2014-01-23,2014-01-23,,"Siempre a tu lado (Hachiko)","Hachi: A Dog's Tale",https://www.imdb.com/title/tt1028532/,Película,8.1,93,2009,"Biografía, Drama, Familiar",349267,2009-11-06,"Lasse Hallström",6,2014-01-23
650,tt0450232,2014-01-23,2014-01-23,,"16 calles","16 Blocks",https://www.imdb.com/title/tt0450232/,Película,6.6,102,2006,"Acción, Drama, Suspense",139374,2006-04-12,"Richard Donner",7,2014-01-23
651,tt0112641,2014-02-03,2014-02-03,,"Casino","Casino",https://www.imdb.com/title/tt0112641/,Película,8.2,178,1995,"Crimen, Drama",629478,1996-02-23,"Martin Scorsese",9,2014-05-01
652,tt0458339,2014-02-04,2014-02-04,,"Capitán América: El primer vengador","Captain America: The First Avenger",https://www.imdb.com/title/tt0458339/,Película,6.9,124,2011,"Acción, Aventura, Ciencia ficción",990437,2011-08-05,"Joe Johnston",3,2014-05-01
653,tt0272338,2014-02-06,2014-02-06,,"Embriagado de amor","Punch-Drunk Love",https://www.imdb.com/title/tt0272338/,Película,7.3,95,2002,"Comedia, Drama, Romance, Suspense",200118,2003-03-07,"Paul Thomas Anderson",7,2014-05-01
654,tt2024544,2014-02-09,2014-02-09,,"12 años de esclavitud","12 Years a Slave",https://www.imdb.com/title/tt2024544/,Película,8.1,134,2013,"Biografía, Drama, Historia",796126,2013-12-13,"Steve McQueen",9,2014-02-09
655,tt1392214,2014-02-10,2014-02-10,,"Prisioneros","Prisoners",https://www.imdb.com/title/tt1392214/,Película,8.2,153,2013,"Crimen, Drama, Misterio, Suspense",962589,2013-10-11,"Denis Villeneuve",8,2017-12-04
656,tt1800241,2014-02-10,2014-02-10,,"La gran estafa americana (American Hustle)","American Hustle",https://www.imdb.com/title/tt1800241/,Película,7.2,138,2013,"Crimen, Drama",522374,2014-01-31,"David O. Russell",7,2014-02-11
657,tt1996310,2014-02-16,2014-02-16,,"Lore","Lore",https://www.imdb.com/title/tt1996310/,Película,7.1,109,2012,"Drama, Romance, Bélico",16603,2012-09-20,"Cate Shortland",8,2014-05-01
658,tt0120669,2014-02-22,2014-02-22,,"Miedo y asco en Las Vegas","Fear and Loathing in Las Vegas",https://www.imdb.com/title/tt0120669/,Película,7.4,118,1998,"Aventura, Comedia, Drama",322168,1999-04-23,"Terry Gilliam",6,2014-05-01
659,tt0074751,2014-02-23,2014-02-23,,"King Kong","King Kong",https://www.imdb.com/title/tt0074751/,Película,6.0,134,1976,"Aventura, Terror",38879,1976-12-17,"John Guillermin",5,2014-05-01
660,tt0790636,2014-02-24,2014-02-24,,"Dallas Buyers Club","Dallas Buyers Club",https://www.imdb.com/title/tt0790636/,Película,7.9,117,2013,"Biografía, Drama",553433,2014-03-14,"Jean-Marc Vallée",8,2014-05-01
661,tt2334873,2014-02-25,2014-02-25,,"Blue Jasmine","Blue Jasmine",https://www.imdb.com/title/tt2334873/,Película,7.3,98,2013,"Comedia, Drama, Romance",221237,2013-11-15,"Woody Allen",7,2014-03-15
662,tt0074860,2014-02-28,2014-02-28,,"Marathon Man","Marathon Man",https://www.imdb.com/title/tt0074860/,Película,7.4,125,1976,"Crimen, Drama, Suspense",76708,1976-12-17,"John Schlesinger",7,2014-02-28
663,tt1535109,2014-03-01,2014-03-01,,"Capitán Phillips","Captain Phillips",https://www.imdb.com/title/tt1535109/,Película,7.8,134,2013,"Acción, Biografía, Crimen, Drama, Suspense",523567,2013-10-18,"Paul Greengrass",8,2014-03-02
664,tt1798709,2014-03-07,2014-03-07,,"Her","Her",https://www.imdb.com/title/tt1798709/,Película,7.9,126,2013,"Drama, Romance, Ciencia ficción",735428,2014-02-21,"Spike Jonze",8,2014-03-15
665,tt0079859,2014-03-08,2014-03-08,,"El sheriff y el pequeño extraterrestre","Uno sceriffo extraterrestre... poco extra e molto terrestre",https://www.imdb.com/title/tt0079859/,Película,6.1,93,1979,"Acción, Comedia, Familiar, Ciencia ficción",4750,1980-06-01,"Michele Lupo",4,2014-05-01
666,tt1935179,2014-03-10,2014-03-10,,"Mud","Mud",https://www.imdb.com/title/tt1935179/,Película,7.3,130,2012,"Aventura, Drama",202033,2013-08-30,"Jeff Nichols",5,2014-05-01
667,tt0118147,2014-03-11,2014-03-11,,"When We Were Kings","When We Were Kings",https://www.imdb.com/title/tt0118147/,Película,7.9,88,1996,"Documental, Deporte",19282,1997-03-12,"Leon Gast",8,2014-03-15
668,tt0083131,2014-03-14,2014-03-14,,"El pelotón chiflado","Stripes",https://www.imdb.com/title/tt0083131/,Película,6.8,106,1981,"Comedia, Bélico",86988,1981-06-26,"Ivan Reitman",5,2014-05-01
669,tt0369672,2014-03-14,2014-03-14,,"Una canción del pasado","A Love Song for Bobby Long",https://www.imdb.com/title/tt0369672/,Película,7.0,119,2004,"Drama",28370,2005-11-18,"Shainee Gabel",6,2014-05-01
670,tt1330059,2014-03-20,2014-03-20,,"Thrilla in Manila","Thrilla in Manila",https://www.imdb.com/title/tt1330059/,Película de TV,7.8,100,2008,"Documental, Deporte",950,2008-11-11,"John Dower",8,2014-05-01
671,tt0248667,2014-03-30,2014-03-30,,"Ali","Ali",https://www.imdb.com/title/tt0248667/,Película,6.7,157,2001,"Biografía, Drama, Deporte",111180,2002-04-26,"Michael Mann",8,2014-05-01
672,tt2278388,2014-04-01,2014-04-01,,"El gran hotel Budapest","The Grand Budapest Hotel",https://www.imdb.com/title/tt2278388/,Película,8.1,99,2014,"Comedia, Drama",988860,2014-03-21,"Wes Anderson",8,2014-05-01
673,tt2241605,2014-04-01,2014-04-01,,"Tesis sobre un homicidio","Tesis sobre un homicidio",https://www.imdb.com/title/tt2241605/,Película,6.3,106,2013,"Crimen, Misterio, Suspense",8843,2013-04-05,"Hernán Goldfrid",5,2014-05-01
674,tt0081398,2014-04-12,2014-04-12,,"Toro salvaje","Raging Bull",https://www.imdb.com/title/tt0081398/,Película,8.1,129,1980,"Biografía, Drama, Deporte",415008,1981-03-20,"Martin Scorsese",9,2014-04-15
675,tt0233142,2014-04-14,2014-04-14,,"Los reyes del crimen","3000 Miles to Graceland",https://www.imdb.com/title/tt0233142/,Película,6.0,125,2001,"Acción, Comedia, Crimen, Suspense",51541,2003-07-18,"Demian Lichtenstein",4,2014-04-14
676,tt0082073,2014-04-19,2014-04-19,,"Bianco, rosso e Verdone","Bianco, rosso e Verdone",https://www.imdb.com/title/tt0082073/,Película,7.4,110,1981,"Comedia",4809,2023-06-30,"Carlo Verdone",8,2014-05-01
677,tt0174856,2014-04-22,2014-04-22,,"Huracán Carter","The Hurricane",https://www.imdb.com/title/tt0174856/,Película,7.6,146,1999,"Biografía, Drama, Deporte",109263,2000-02-25,"Norman Jewison",8,2014-05-01
678,tt0094862,2014-05-03,2014-05-03,,"Muñeco diabólico","Child's Play",https://www.imdb.com/title/tt0094862/,Película,6.7,87,1988,"Terror, Suspense",134489,1989-04-28,"Tom Holland",5,2014-11-10
679,tt0137494,2014-05-04,2014-05-04,,"La trampa","Entrapment",https://www.imdb.com/title/tt0137494/,Película,6.3,113,1999,"Acción, Crimen, Romance, Suspense",130932,1999-05-21,"Jon Amiel",6,2014-05-04
680,tt0289043,2014-05-07,2014-05-07,,"28 días después","28 Days Later",https://www.imdb.com/title/tt0289043/,Película,7.5,113,2002,"Drama, Terror, Ciencia ficción, Suspense",557433,2003-07-18,"Danny Boyle",6,2014-11-10
681,tt1670345,2014-05-08,2014-05-08,,"Ahora me ves...","Now You See Me",https://www.imdb.com/title/tt1670345/,Película,7.2,115,2013,"Crimen, Misterio, Suspense",779849,2013-07-19,"Louis Leterrier",7,2014-05-11
682,tt2358891,2014-05-19,2014-05-19,,"La gran belleza","La grande bellezza",https://www.imdb.com/title/tt2358891/,Película,7.7,141,2013,"Drama",107416,2013-12-05,"Paolo Sorrentino",7,2014-11-10
683,tt1204975,2014-05-20,2014-05-20,,"Plan en Las Vegas","Last Vegas",https://www.imdb.com/title/tt1204975/,Película,6.6,105,2013,"Comedia",141048,2013-11-22,"Jon Turteltaub",6,2014-11-10
684,tt0970179,2014-05-26,2014-05-26,,"La invención de Hugo","Hugo",https://www.imdb.com/title/tt0970179/,Película,7.5,126,2011,"Aventura, Drama, Familiar, Fantasía, Misterio",351787,2012-02-24,"Martin Scorsese",8,2014-05-27
685,tt0018773,2014-05-30,2014-05-30,,"El circo","The Circus",https://www.imdb.com/title/tt0018773/,Película,8.1,72,1928,"Comedia, Familiar, Romance",38997,1928-01-29,"Charles Chaplin",8,2014-05-30
686,tt1535108,2014-05-30,2014-05-30,,"Elysium","Elysium",https://www.imdb.com/title/tt1535108/,Película,6.6,109,2013,"Acción, Drama, Ciencia ficción, Suspense",495870,2013-08-16,"Neill Blomkamp",7,2014-11-10
687,tt0119396,2014-06-02,2014-06-02,,"Jackie Brown","Jackie Brown",https://www.imdb.com/title/tt0119396/,Película,7.5,154,1997,"Crimen, Drama, Suspense",408952,1998-02-27,"Quentin Tarantino",8,2014-11-10
688,tt0021749,2014-06-06,2014-06-06,,"Luces de la ciudad","City Lights",https://www.imdb.com/title/tt0021749/,Película,8.5,87,1931,"Comedia, Drama, Romance",218646,1931-03-07,"Charles Chaplin",8,2014-11-10
689,tt1028528,2014-06-09,2014-06-09,,"Death Proof","Death Proof",https://www.imdb.com/title/tt1028528/,Película,7.0,127,2007,"Drama, Suspense",337452,2007-08-31,"Quentin Tarantino",6,2014-11-10
690,tt0070130,2014-06-11,2014-06-11,,"La gran comilona","La Grande Bouffe",https://www.imdb.com/title/tt0070130/,Película,7.0,130,1973,"Comedia, Drama",16265,1978-05-12,"Marco Ferreri",6,2024-12-14
691,tt0432283,2014-06-12,2014-06-12,,"Fantástico Sr. Fox","Fantastic Mr. Fox",https://www.imdb.com/title/tt0432283/,Película,7.9,87,2009,"Animación, Aventura, Comedia, Crimen, Drama, Familiar",311769,2010-04-23,"Wes Anderson",6,2014-11-10
692,tt0122933,2014-06-14,2014-06-14,,"Una terapia peligrosa","Analyze This",https://www.imdb.com/title/tt0122933/,Película,6.7,103,1999,"Comedia, Crimen",170820,1999-10-01,"Harold Ramis",6,2014-11-10
693,tt0290002,2014-06-14,2014-06-14,,"Los padres de él","Meet the Fockers",https://www.imdb.com/title/tt0290002/,Película,6.4,115,2004,"Comedia, Romance",304158,2005-02-04,"Jay Roach",6,2014-11-10
694,tt0914863,2014-06-16,2014-06-16,,"Amenazados","Unthinkable",https://www.imdb.com/title/tt0914863/,Película,7.0,97,2010,"Crimen, Drama, Suspense",101505,2010-05-26,"Gregor Jordan",7,2014-11-10
695,tt0105695,2014-06-17,2014-06-17,,"Sin perdón","Unforgiven",https://www.imdb.com/title/tt0105695/,Película,8.2,130,1992,"Drama, Del oeste",473646,1992-09-25,"Clint Eastwood",8,2018-03-07
696,tt0088846,2014-06-26,2014-06-26,,"Brazil","Brazil",https://www.imdb.com/title/tt0088846/,Película,7.8,132,1985,"Drama, Ciencia ficción, Suspense",223615,1985-04-06,"Terry Gilliam",6,2014-11-10
697,tt0012349,2014-06-26,2014-06-26,,"El chico","The Kid",https://www.imdb.com/title/tt0012349/,Película,8.2,68,1921,"Comedia, Drama, Familiar",147400,1921-02-06,"Charles Chaplin",9,2014-11-10
698,tt0085794,2014-06-27,2014-06-27,,"El rey de la comedia","The King of Comedy",https://www.imdb.com/title/tt0085794/,Película,7.8,109,1982,"Comedia, Crimen, Drama, Suspense",136108,1982-12-18,"Martin Scorsese",9,2014-11-10
699,tt0408306,2014-06-30,2014-06-30,,"Múnich","Munich",https://www.imdb.com/title/tt0408306/,Película,7.5,164,2005,"Drama, Historia, Suspense",256320,2006-01-27,"Steven Spielberg",6,2014-11-10
700,tt0838283,2014-07-02,2014-07-02,,"Hermanos por pelotas","Step Brothers",https://www.imdb.com/title/tt0838283/,Película,6.9,98,2008,"Comedia",345624,2008-10-31,"Adam McKay",7,2014-11-10
701,tt0015864,2014-07-04,2014-07-04,,"La quimera del oro","The Gold Rush",https://www.imdb.com/title/tt0015864/,Película,8.1,95,1925,"Aventura, Comedia, Drama, Romance, Del oeste",129386,1925-08-16,"Charles Chaplin",8,2014-11-10
702,tt1959490,2014-07-07,2014-07-07,,"Noé","Noah",https://www.imdb.com/title/tt1959490/,Película,5.8,138,2014,"Acción, Aventura, Drama",279065,2014-04-04,"Darren Aronofsky",5,2014-07-07
703,tt2316411,2014-07-07,2014-07-07,,"Enemy","Enemy",https://www.imdb.com/title/tt2316411/,Película,6.8,91,2013,"Drama, Misterio, Suspense",245220,2014-03-28,"Denis Villeneuve",7,2014-11-10
704,tt0117665,2014-07-13,2014-07-13,,"Sleepers","Sleepers",https://www.imdb.com/title/tt0117665/,Película,7.5,147,1996,"Crimen, Drama, Suspense",258953,1996-11-28,"Barry Levinson",6,2014-11-10
705,tt2209764,2014-07-17,2014-07-17,,"Transcendence","Transcendence",https://www.imdb.com/title/tt2209764/,Película,6.2,119,2014,"Drama, Ciencia ficción, Suspense",248963,2014-06-19,"Wally Pfister",6,2014-11-10
706,tt1219289,2014-07-22,2014-07-22,,"Sin límites","Limitless",https://www.imdb.com/title/tt1219289/,Película,7.4,105,2011,"Ciencia ficción, Suspense",655780,2011-04-08,"Neil Burger",6,2014-11-10
707,tt1981107,2014-07-29,2014-07-29,,"El extraordinario viaje de T.S. Spivet","The Young and Prodigious T.S. Spivet",https://www.imdb.com/title/tt1981107/,Película,7.0,105,2013,"Aventura, Comedia, Drama, Familiar",21741,2014-07-04,"Jean-Pierre Jeunet",7,2014-11-10
708,tt2279864,2014-08-01,2014-08-01,,"Clear History","Clear History",https://www.imdb.com/title/tt2279864/,Película de TV,6.4,101,2013,"Comedia",20893,2013-08-10,"Greg Mottola",7,2017-10-09
709,tt1483013,2014-08-02,2014-08-02,,"Oblivion","Oblivion",https://www.imdb.com/title/tt1483013/,Película,7.0,124,2013,"Acción, Aventura, Ciencia ficción",591864,2013-04-12,"Joseph Kosinski",5,2014-11-10
710,tt0104348,2014-08-02,2014-08-02,,"Glengarry Glen Ross: Éxito a cualquier precio","Glengarry Glen Ross",https://www.imdb.com/title/tt0104348/,Película,7.6,100,1992,"Crimen, Drama, Misterio",127587,1992-11-13,"James Foley",7,2014-08-04
711,tt1440292,2014-08-04,2014-08-04,,"Submarine","Submarine",https://www.imdb.com/title/tt1440292/,Película,7.3,97,2010,"Comedia, Drama, Romance",101870,2012-10-31,"Richard Ayoade",9,2014-08-05
712,tt1119646,2014-08-07,2014-08-07,,"Resacón en Las Vegas","The Hangover",https://www.imdb.com/title/tt1119646/,Película,7.7,100,2009,"Comedia",946916,2009-08-14,"Todd Phillips",7,2014-11-10
713,tt0158030,2014-08-08,2014-08-08,,"La niña de tus ojos","La niña de tus ojos",https://www.imdb.com/title/tt0158030/,Película,6.7,121,1998,"Comedia, Drama",4782,1998-11-13,"Fernando Trueba",6,2014-11-10
714,tt0096061,2014-08-11,2014-08-11,,"Los fantasmas atacan al jefe","Scrooged",https://www.imdb.com/title/tt0096061/,Película,6.9,101,1988,"Comedia, Drama, Fantasía, Romance",129868,1988-11-23,"Richard Donner",6,2014-11-10
715,tt0190590,2014-08-14,2014-08-14,,"O Brother!","O Brother, Where Art Thou?",https://www.imdb.com/title/tt0190590/,Película,7.7,107,2000,"Aventura, Comedia, Crimen, Drama, Música",356216,2000-10-06,"Joel Coen, Ethan Coen",6,2014-11-10
716,tt0376136,2014-08-22,2014-08-22,,"Los diarios del ron","The Rum Diary",https://www.imdb.com/title/tt0376136/,Película,6.1,119,2011,"Comedia, Drama, Romance",110590,2012-05-04,"Bruce Robinson",6,2014-11-10
717,tt1839492,2014-08-23,2014-08-23,,"Ruby Sparks","Ruby Sparks",https://www.imdb.com/title/tt1839492/,Película,7.2,104,2012,"Comedia, Drama, Fantasía, Romance",109966,2012-10-26,"Jonathan Dayton, Valerie Faris",8,2014-11-10
718,tt0804461,2014-08-26,2014-08-26,,"Sentencia de muerte","Death Sentence",https://www.imdb.com/title/tt0804461/,Película,6.7,105,2007,"Acción, Crimen, Suspense",78402,2008-05-16,"James Wan",5,2014-11-10
719,tt0106519,2014-08-29,2014-08-29,,"Atrapado por su pasado","Carlito's Way",https://www.imdb.com/title/tt0106519/,Película,7.9,144,1993,"Crimen, Drama, Suspense",251513,1994-03-11,"Brian De Palma",7,2014-11-10
720,tt0198351,2014-08-29,2014-08-29,,"Los caballeros de la cama redonda","Los caballeros de la cama redonda",https://www.imdb.com/title/tt0198351/,Película,6.3,105,1973,"Comedia",258,1973-03-22,"Gerardo Sofovich",6,2014-11-10
721,tt0182917,2014-08-29,2014-08-29,,"Los colimbas al ataque","Los colimbas al ataque",https://www.imdb.com/title/tt0182917/,Película,4.9,90,1987,"Comedia",164,1987-02-12,"Enrique Carreras",6,2014-11-10
722,tt2370248,2014-09-01,2014-09-01,,"Las vidas de Grace","Short Term 12",https://www.imdb.com/title/tt2370248/,Película,7.9,96,2013,"Drama",96266,2014-07-25,"Destin Daniel Cretton",7,2014-11-10
723,tt2866360,2014-09-20,2014-09-20,,"Coherence","Coherence",https://www.imdb.com/title/tt2866360/,Película,7.1,89,2013,"Misterio, Ciencia ficción, Suspense",179928,2015-02-18,"James Ward Byrkit",7,2014-11-10
724,tt0831387,2014-09-22,2014-09-22,,"Godzilla","Godzilla",https://www.imdb.com/title/tt0831387/,Película,6.4,123,2014,"Acción, Aventura, Ciencia ficción, Suspense",469023,2014-05-15,"Gareth Edwards",3,2014-12-31
725,tt1152836,2014-09-28,2014-09-28,,"Enemigos públicos","Public Enemies",https://www.imdb.com/title/tt1152836/,Película,6.9,140,2009,"Biografía, Crimen, Drama, Historia",337554,2009-08-14,"Michael Mann",7,2014-11-10
726,tt0887883,2014-10-01,2014-10-01,,"Quemar después de leer","Burn After Reading",https://www.imdb.com/title/tt0887883/,Película,7.0,96,2008,"Comedia, Crimen, Drama, Suspense",381000,2008-10-10,"Ethan Coen, Joel Coen",7,2014-11-10
727,tt0861689,2014-10-05,2014-10-05,,"A ciegas (Blindness)","Blindness",https://www.imdb.com/title/tt0861689/,Película,6.5,121,2008,"Drama, Misterio, Suspense",77627,2009-03-13,"Fernando Meirelles",6,2014-11-10
728,tt2184339,2014-10-06,2014-10-06,,"The Purge: La noche de las bestias","The Purge",https://www.imdb.com/title/tt2184339/,Película,5.8,85,2013,"Terror, Ciencia ficción, Suspense",264607,2013-07-12,"James DeMonaco",5,2014-10-07
729,tt1091191,2014-10-08,2014-10-08,,"El único superviviente","Lone Survivor",https://www.imdb.com/title/tt1091191/,Película,7.5,121,2013,"Acción, Biografía, Drama, Bélico",326925,2014-01-01,"Peter Berg",7,2014-11-10
730,tt0278504,2014-10-11,2014-10-11,,"Insomnio","Insomnia",https://www.imdb.com/title/tt0278504/,Película,7.2,118,2002,"Drama, Misterio, Suspense",352785,2002-10-11,"Christopher Nolan",7,2014-11-10
731,tt0758774,2014-10-13,2014-10-13,,"Red de mentiras","Body of Lies",https://www.imdb.com/title/tt0758774/,Película,7.0,128,2008,"Acción, Drama, Suspense",252706,2008-11-07,"Ridley Scott",7,2014-10-15
732,tt2170299,2014-10-16,2014-10-16,,"Juegos de palabras","Bad Words",https://www.imdb.com/title/tt2170299/,Película,6.7,89,2013,"Comedia, Drama",58657,2014-10-01,"Jason Bateman",8,2014-10-16
733,tt1433811,2014-10-16,2014-10-16,,"Desconexión","Disconnect",https://www.imdb.com/title/tt1433811/,Película,7.5,115,2012,"Crimen, Drama, Misterio, Suspense",80836,2013-07-05,"Henry Alex Rubin",8,2014-10-16
734,tt1980929,2014-10-20,2014-10-20,,"Begin Again","Can a Song Save Your Life?",https://www.imdb.com/title/tt1980929/,Película,7.4,104,2013,"Comedia, Drama, Música, Romance",178591,2014-08-01,"John Carney",7,2014-11-10
735,tt1972571,2014-10-22,2014-10-22,,"El hombre más buscado","A Most Wanted Man",https://www.imdb.com/title/tt1972571/,Película,6.7,122,2014,"Crimen, Drama, Suspense",85450,2014-09-12,"Anton Corbijn",6,2014-11-10
736,tt1576405,2014-10-23,2014-10-23,,"Juntos para siempre","Juntos para siempre",https://www.imdb.com/title/tt1576405/,Película,6.3,101,2011,"Comedia",217,2011-06-16,"Pablo Solarz",6,2014-11-10
737,tt0124312,2014-10-24,2014-10-24,,"Cenizas del paraíso","Cenizas del paraíso",https://www.imdb.com/title/tt0124312/,Película,7.4,116,1997,"Crimen, Drama, Misterio, Romance, Suspense",1894,1997-10-16,"Marcelo Piñeyro",6,2014-11-10
738,tt2571746,2014-10-27,2014-10-27,,"The Jump! WTF Experience","The Jump! WTF Experience",https://www.imdb.com/title/tt2571746/,Película,7.5,83,2016,"Documental, Biografía, Música",9,2016-10,"Carme Puche",4,2015-03-13
739,tt0147612,2014-10-28,2014-10-28,,"Happiness","Happiness",https://www.imdb.com/title/tt0147612/,Película,7.7,140,1998,"Comedia, Drama",80982,1998-11-30,"Todd Solondz",8,2014-11-10
740,tt3011894,2014-10-28,2014-10-28,,"Relatos salvajes","Relatos salvajes",https://www.imdb.com/title/tt3011894/,Película,8.1,122,2014,"Comedia, Drama, Suspense",242168,2014-10-17,"Damián Szifron",10,2015-06-05
741,tt0829150,2014-10-29,2014-10-29,,"Drácula: La leyenda jamás contada","Dracula Untold",https://www.imdb.com/title/tt0829150/,Película,6.3,92,2014,"Acción, Drama, Fantasía, Terror",225004,2014-10-24,"Gary Shore",6,2014-11-10
742,tt1499658,2014-10-30,2014-10-30,,"Cómo acabar con tu jefe","Horrible Bosses",https://www.imdb.com/title/tt1499658/,Película,6.9,98,2011,"Comedia, Crimen",492451,2011-09-16,"Seth Gordon",5,2014-11-10
743,tt1065073,2014-11-01,2014-11-01,,"Boyhood. Momentos de una vida","Boyhood",https://www.imdb.com/title/tt1065073/,Película,7.9,165,2014,"Comedia, Drama",384198,2014-09-12,"Richard Linklater",7,2014-11-02
744,tt1333117,2014-11-03,2014-11-03,,"Still Bill","Still Bill",https://www.imdb.com/title/tt1333117/,Película,7.7,78,2009,"Documental, Biografía, Música",697,2010-01-27,"Damani Baker, Alex Vlack",9,2014-11-10
745,tt0140352,2014-11-05,2014-11-05,,"El dilema (The Insider)","The Insider",https://www.imdb.com/title/tt0140352/,Película,7.8,157,1999,"Biografía, Drama, Historia, Suspense",193734,2000-02-11,"Michael Mann",6,2014-11-10
746,tt2281551,2014-11-05,2014-11-05,,"Días de vinilo","Días de vinilo",https://www.imdb.com/title/tt2281551/,Película,6.8,105,2012,"Comedia, Música, Romance",1320,2012-09-27,"Gabriel Nesci",5,2014-11-06
747,tt0119488,2014-11-07,2014-11-07,,"L.A. Confidential","L.A. Confidential",https://www.imdb.com/title/tt0119488/,Película,8.2,138,1997,"Crimen, Drama, Misterio, Suspense",664899,1997-11-07,"Curtis Hanson",6,2014-11-10
748,tt0097165,2014-11-07,2014-11-07,,"El club de los poetas muertos","Dead Poets Society",https://www.imdb.com/title/tt0097165/,Película,8.1,128,1989,"Comedia, Drama",671875,1989-11-22,"Peter Weir",8,2014-11-10
749,tt2872732,2014-11-10,2014-11-10,,"Lucy","Lucy",https://www.imdb.com/title/tt2872732/,Película,6.4,89,2014,"Acción, Ciencia ficción, Suspense",586837,2014-08-22,"Luc Besson",8,2014-11-10
750,tt0455323,2014-11-10,2014-11-10,,"La vida de Flynn","Being Flynn",https://www.imdb.com/title/tt0455323/,Película,6.4,102,2012,"Drama",18325,2012-04-19,"Paul Weitz",9,2014-11-11
751,tt1570583,2014-11-12,2014-11-12,,"For Ellen","For Ellen",https://www.imdb.com/title/tt1570583/,Película,6.0,94,2012,"Drama",2459,2012-09-19,"So Yong Kim",6,2014-11-12
752,tt2103281,2014-11-13,2014-11-13,,"El amanecer del planeta de los simios","Dawn of the Planet of the Apes",https://www.imdb.com/title/tt2103281/,Película,7.6,130,2014,"Acción, Aventura, Drama, Ciencia ficción, Suspense",515929,2014-07-17,"Matt Reeves",8,2014-11-14
753,tt0315733,2014-11-15,2014-11-15,,"21 gramos","21 Grams",https://www.imdb.com/title/tt0315733/,Película,7.6,124,2003,"Crimen, Drama, Suspense",254026,2004-01-30,"Alejandro G. Iñárritu",7,2014-12-31
754,tt2015381,2014-11-16,2014-11-16,,"Guardianes de la Galaxia","Guardians of the Galaxy",https://www.imdb.com/title/tt2015381/,Película,8.0,121,2014,"Acción, Aventura, Comedia, Ciencia ficción",1387990,2014-08-14,"James Gunn",6,2014-12-31
755,tt1542344,2014-11-17,2014-11-17,,"127 horas","127 Hours",https://www.imdb.com/title/tt1542344/,Película,7.5,94,2010,"Biografía, Drama",428702,2011-02-04,"Danny Boyle",7,2014-12-31
756,tt2980648,2014-11-20,2014-11-20,,"Un viaje de diez metros","The Hundred-Foot Journey",https://www.imdb.com/title/tt2980648/,Película,7.3,122,2014,"Comedia, Drama",92104,2014-09-26,"Lasse Hallström",6,2014-11-20
757,tt1307068,2014-11-20,2014-11-20,,"Buscando un amigo para el fin del mundo","Seeking a Friend for the End of the World",https://www.imdb.com/title/tt1307068/,Película,6.7,101,2012,"Aventura, Comedia, Drama, Romance, Ciencia ficción",123936,2012-06-22,"Lorene Scafaria",5,2014-12-31
758,tt0361862,2014-11-26,2014-11-26,,"El maquinista","The Machinist",https://www.imdb.com/title/tt0361862/,Película,7.6,101,2004,"Drama, Suspense",447423,2004-12-17,"Brad Anderson",7,2014-12-31
759,tt2883512,2014-11-27,2014-11-27,,"Chef","Chef",https://www.imdb.com/title/tt2883512/,Película,7.3,114,2014,"Aventura, Comedia, Drama",254491,2014-08-08,"Jon Favreau",5,2014-11-27
760,tt0359950,2014-11-28,2014-11-28,,"La vida secreta de Walter Mitty","The Secret Life of Walter Mitty",https://www.imdb.com/title/tt0359950/,Película,7.3,114,2013,"Aventura, Comedia, Drama, Fantasía, Romance",378668,2013-12-25,"Ben Stiller",6,2014-12-31
761,tt1937390,2014-11-30,2014-11-30,,"Nymphomaniac (volumen 1)","Nymphomaniac: Vol. I",https://www.imdb.com/title/tt1937390/,Película,6.9,117,2013,"Drama",140220,2013-12-25,"Lars von Trier",8,2014-11-30
762,tt2382009,2014-12-01,2014-12-01,,"Nymphomaniac (volumen 2)","Nymphomaniac: Vol. II",https://www.imdb.com/title/tt2382009/,Película,6.6,124,2013,"Drama",104785,2014-01-24,"Lars von Trier",7,2014-12-31
763,tt0105793,2014-12-04,2014-12-04,,"Wayne's World: ¡Qué desparrame!","Wayne's World",https://www.imdb.com/title/tt0105793/,Película,7.0,94,1992,"Comedia, Música",184020,1992-07-10,"Penelope Spheeris",8,2014-12-31
764,tt0078841,2014-12-06,2014-12-06,,"Bienvenido Mr. Chance","Being There",https://www.imdb.com/title/tt0078841/,Película,7.9,130,1979,"Comedia, Drama",82798,1980-08-01,"Hal Ashby",7,2014-12-31
765,tt0399146,2014-12-08,2014-12-08,,"Una historia de violencia","A History of Violence",https://www.imdb.com/title/tt0399146/,Película,7.4,96,2005,"Acción, Crimen, Drama, Suspense",277847,2005-10-21,"David Cronenberg",8,2014-12-31
766,tt0765443,2014-12-10,2014-12-10,,"Promesas del este","Eastern Promises",https://www.imdb.com/title/tt0765443/,Película,7.6,100,2007,"Crimen, Drama, Suspense",280547,2007-10-05,"David Cronenberg",7,2014-12-31
767,tt0083658,2014-12-10,2014-12-10,,"Blade Runner","Blade Runner",https://www.imdb.com/title/tt0083658/,Película,8.1,117,1982,"Acción, Drama, Ciencia ficción, Suspense",893330,1982-08-21,"Ridley Scott",5,2014-12-31
768,tt1692486,2014-12-11,2014-12-11,,"Un dios salvaje","Carnage",https://www.imdb.com/title/tt1692486/,Película,7.1,80,2011,"Comedia, Drama",139547,2011-11-18,"Roman Polanski",6,2014-12-31
769,tt1571222,2014-12-13,2014-12-13,,"Un método peligroso","A Dangerous Method",https://www.imdb.com/title/tt1571222/,Película,6.4,99,2011,"Biografía, Drama, Romance",112733,2011-11-25,"David Cronenberg",6,2014-12-31
770,tt0455944,2014-12-14,2014-12-14,,"The Equalizer. El protector","The Equalizer",https://www.imdb.com/title/tt0455944/,Película,7.3,132,2014,"Acción, Crimen, Suspense",473474,2014-10-17,"Antoine Fuqua",8,2014-12-14
771,tt0453047,2014-12-15,2014-12-15,,"Elsa & Fred","Elsa y Fred",https://www.imdb.com/title/tt0453047/,Película,7.5,108,2005,"Comedia, Drama, Romance",3811,2005-11-11,"Marcos Carnevale",7,2014-12-15
772,tt2093990,2014-12-18,2014-12-18,,"El Niño","El Niño",https://www.imdb.com/title/tt2093990/,Película,6.4,136,2014,"Acción, Aventura, Crimen, Drama, Suspense",6900,2014-08-29,"Daniel Monzón",6,2014-12-31
773,tt2275946,2014-12-29,2014-12-29,,"Redirected","Redirected",https://www.imdb.com/title/tt2275946/,Película,6.4,99,2014,"Acción, Comedia, Crimen, Suspense",35074,2015-01-23,"Emilis Velyvis",7,2014-12-30
774,tt1600196,2014-12-30,2014-12-30,,"La entrega","The Drop",https://www.imdb.com/title/tt1600196/,Película,7.0,106,2014,"Crimen, Drama, Misterio, Suspense",171818,2014-09-26,"Michaël R. Roskam",8,2014-12-31
775,tt2692904,2015-01-02,2015-01-02,,"Locke","Locke",https://www.imdb.com/title/tt2692904/,Película,7.1,85,2013,"Drama",171054,2014-08-22,"Steven Knight",6,2015-04-01
776,tt2955316,2015-01-03,2015-01-03,,"Ocho apellidos vascos","Ocho apellidos vascos",https://www.imdb.com/title/tt2955316/,Película,6.5,98,2014,"Comedia, Romance",20029,2014-03-14,"Emilio Martínez Lázaro",6,2015-11-20
777,tt0053779,2015-01-03,2015-01-03,,"La dolce vita","La dolce vita",https://www.imdb.com/title/tt0053779/,Película,8.0,174,1960,"Comedia, Drama",86776,1981-06-01,"Federico Fellini",8,2014-12-31
778,tt2096672,2015-01-03,2015-01-03,,"Dos tontos todavía más tontos","Dumb and Dumber To",https://www.imdb.com/title/tt2096672/,Película,5.6,109,2014,"Comedia",155485,2014-11-14,"Bobby Farrelly, Peter Farrelly",5,2015-04-01
779,tt0352248,2015-01-04,2015-01-04,,"Cinderella Man. El hombre que no se dejó tumbar","Cinderella Man",https://www.imdb.com/title/tt0352248/,Película,8.0,144,2005,"Biografía, Drama, Romance, Deporte",211429,2005-09-09,"Ron Howard",7,2015-04-01
780,tt0292963,2015-01-09,2015-01-09,,"Antes que el diablo sepa que has muerto","Before the Devil Knows You're Dead",https://www.imdb.com/title/tt0292963/,Película,7.3,117,2007,"Crimen, Drama, Suspense",124326,2008-05-23,"Sidney Lumet",8,2015-01-11
781,tt0301524,2015-01-11,2015-01-11,,"El otro lado de la cama","El otro lado de la cama",https://www.imdb.com/title/tt0301524/,Película,6.4,104,2002,"Comedia, Drama, Musical, Romance",6159,2002-07-05,"Emilio Martínez Lázaro",6,2015-04-01
782,tt2713180,2015-01-15,2015-01-15,,"Corazones de acero","Fury",https://www.imdb.com/title/tt2713180/,Película,7.6,134,2014,"Acción, Drama, Bélico",620547,2015-01-09,"David Ayer",6,2015-04-01
783,tt2562232,2015-01-17,2015-01-17,,"Birdman o (La inesperada virtud de la ignorancia)","Birdman or (The Unexpected Virtue of Ignorance)",https://www.imdb.com/title/tt2562232/,Película,7.7,119,2014,"Comedia, Drama",704631,2015-01-09,"Alejandro G. Iñárritu",7,2015-04-01
784,tt0301357,2015-01-22,2015-01-22,,"Good bye, Lenin!","Good Bye Lenin!",https://www.imdb.com/title/tt0301357/,Película,7.7,121,2003,"Comedia, Drama, Romance",161126,2003-11-07,"Wolfgang Becker",6,2024-12-14
785,tt2582802,2015-01-22,2015-01-22,,"Whiplash","Whiplash",https://www.imdb.com/title/tt2582802/,Película,8.5,106,2014,"Drama, Música",1185996,2015-01-16,"Damien Chazelle",8,2015-10-10
786,tt2397535,2015-01-26,2015-01-26,,"Predestination","Predestination",https://www.imdb.com/title/tt2397535/,Película,7.4,97,2014,"Acción, Drama, Ciencia ficción, Suspense",341679,2014-08-28,"Michael Spierig, Peter Spierig",6,2015-01-27
787,tt0373926,2015-01-26,2015-01-26,,"La intérprete","The Interpreter",https://www.imdb.com/title/tt0373926/,Película,6.4,128,2005,"Crimen, Misterio, Suspense",116931,2005-04-15,"Sydney Pollack",6,2015-04-01
788,tt2170593,2015-01-26,2015-01-26,,"St. Vincent","St. Vincent",https://www.imdb.com/title/tt2170593/,Película,7.2,102,2014,"Comedia, Drama",114642,2014-12-12,"Theodore Melfi",7,2015-04-01
789,tt2473602,2015-01-28,2015-01-28,,"I Feel Good: La historia de James Brown","Get on Up",https://www.imdb.com/title/tt2473602/,Película,6.9,139,2014,"Biografía, Drama, Música",27506,2014-08-01,"Tate Taylor",7,2015-04-01
790,tt2872718,2015-01-30,2015-01-30,,"Nightcrawler","Nightcrawler",https://www.imdb.com/title/tt2872718/,Película,7.8,117,2014,"Crimen, Drama, Suspense",683867,2015-01-30,"Dan Gilroy",7,2015-04-01
791,tt1216491,2015-02-01,2015-02-01,,"Matar al mensajero","Kill the Messenger",https://www.imdb.com/title/tt1216491/,Película,6.9,112,2014,"Biografía, Crimen, Drama, Misterio, Suspense",50509,2014-11-14,"Michael Cuesta",7,2015-04-01
792,tt2752688,2015-02-02,2015-02-02,,"Rosewater","Rosewater",https://www.imdb.com/title/tt2752688/,Película,6.6,103,2014,"Biografía, Drama",11202,2014-11-27,"Jon Stewart",7,2015-04-01
793,tt0107211,2015-02-03,2015-02-03,,"Una proposición indecente","Indecent Proposal",https://www.imdb.com/title/tt0107211/,Película,6.1,117,1993,"Drama, Romance",88395,1993-06-25,"Adrian Lyne",6,2015-02-20
794,tt0243133,2015-02-05,2015-02-05,,"El hombre que nunca estuvo allí","The Man Who Wasn't There",https://www.imdb.com/title/tt0243133/,Película,7.5,118,2001,"Crimen, Drama",121423,2002-04-12,"Joel Coen, Ethan Coen",7,2015-02-05
795,tt2245084,2015-02-05,2015-02-05,,"Big Hero 6","Big Hero 6",https://www.imdb.com/title/tt2245084/,Película,7.8,102,2014,"Animación, Acción, Aventura, Comedia, Crimen, Drama, Familiar, Ciencia ficción",563067,2014-12-19,"Don Hall, Chris Williams",8,2015-02-06
796,tt0120812,2015-02-06,2015-02-06,,"Hora punta","Rush Hour",https://www.imdb.com/title/tt0120812/,Película,7.1,98,1998,"Acción, Comedia, Crimen, Suspense",336195,1998-12-04,"Brett Ratner",5,2024-12-14
797,tt0372784,2015-02-06,2015-02-06,,"Batman Begins","Batman Begins",https://www.imdb.com/title/tt0372784/,Película,8.2,140,2005,"Crimen",1748382,2005-06-17,"Christopher Nolan",6,2024-12-14
798,tt3321428,2015-02-06,2015-02-06,,"Torrente 5: Operación Eurovegas","Torrente 5: Operación Eurovegas",https://www.imdb.com/title/tt3321428/,Película,5.3,105,2014,"Acción, Comedia",5341,2014-10-03,"Santiago Segura",6,2015-02-20
799,tt3253930,2015-02-08,2015-02-08,,"La isla mínima","La isla mínima",https://www.imdb.com/title/tt3253930/,Película,7.2,105,2014,"Crimen, Misterio, Suspense",39593,2014-09-26,"Alberto Rodríguez",7,2015-02-20
800,tt2980516,2015-02-10,2015-02-10,,"La teoría del todo","The Theory of Everything",https://www.imdb.com/title/tt2980516/,Película,7.7,123,2014,"Biografía, Drama, Romance",511300,2015-01-16,"James Marsh",9,2015-02-11
801,tt0113247,2015-02-14,2015-02-14,,"El odio","La haine",https://www.imdb.com/title/tt0113247/,Película,8.1,98,1995,"Crimen, Drama",232555,1996-01-30,"Mathieu Kassovitz",5,2024-12-14
802,tt2267998,2015-02-16,2015-02-16,,"Perdida","Gone Girl",https://www.imdb.com/title/tt2267998/,Película,8.1,149,2014,"Drama, Misterio, Suspense",1190959,2014-10-10,"David Fincher",7,2015-02-20
803,tt0936501,2015-02-17,2015-02-17,,"Venganza","Taken",https://www.imdb.com/title/tt0936501/,Película,7.7,90,2008,"Acción, Crimen, Suspense",679547,2008-08-08,"Pierre Morel",7,2015-02-20
804,tt1397280,2015-02-20,2015-02-20,,"Venganza: Conexión Estambul","Taken 2",https://www.imdb.com/title/tt1397280/,Película,6.2,92,2012,"Acción, Crimen, Suspense",339683,2012-10-05,"Olivier Megaton",3,2015-02-20
805,tt0102721,2015-02-23,2015-02-23,,"La prueba","Proof",https://www.imdb.com/title/tt0102721/,Película,7.2,86,1991,"Drama, Romance",7644,1991-08-15,"Jocelyn Moorhouse",5,2015-02-24
806,tt3638598,2015-02-24,2015-02-24,,"Ciutat morta","Ciutat morta",https://www.imdb.com/title/tt3638598/,Película,7.5,123,2014,"Documental",388,2014-10-19,"Xavier Artigas, Xapo Ortega",8,2015-10-10
807,tt1226273,2015-02-25,2015-02-25,,"Al límite","Edge of Darkness",https://www.imdb.com/title/tt1226273/,Película,6.6,117,2010,"Acción, Aventura, Drama, Misterio, Suspense",104334,2010-02-26,"Martin Campbell",6,2015-04-01
808,tt1911658,2015-02-26,2015-02-26,,"Los pingüinos de Madagascar","Penguins of Madagascar",https://www.imdb.com/title/tt1911658/,Película,6.7,92,2014,"Animación, Acción, Aventura, Comedia, Crimen, Familiar, Ciencia ficción",118590,2014-11-28,"Eric Darnell, Simon J. Smith",6,2015-04-01
809,tt2084970,2015-03-04,2015-03-04,,"The Imitation Game (Descifrando Enigma)","The Imitation Game",https://www.imdb.com/title/tt2084970/,Película,8.0,114,2014,"Biografía, Drama, Suspense, Bélico",886741,2015-01-01,"Morten Tyldum",8,2015-03-27
810,tt0075686,2015-03-09,2015-03-09,,"Annie Hall","Annie Hall",https://www.imdb.com/title/tt0075686/,Película,7.9,93,1977,"Comedia, Romance",293077,1978-02-22,"Woody Allen",7,2015-04-01
811,tt0103772,2015-03-10,2015-03-10,,"Instinto básico","Basic Instinct",https://www.imdb.com/title/tt0103772/,Película,7.1,127,1992,"Drama, Misterio, Romance, Suspense",247807,1992-08-21,"Paul Verhoeven",7,2015-04-01
812,tt2059171,2015-03-13,2015-03-13,,"13 pecados","13 Sins",https://www.imdb.com/title/tt2059171/,Película,6.3,93,2014,"Terror, Suspense",42693,2014-04-11,"Daniel Stamm",6,2015-04-01
813,tt3189570,2015-03-13,2015-03-13,,"El otro Maradona","El otro Maradona",https://www.imdb.com/title/tt3189570/,Película,6.2,78,2013,"Documental",21,,"Gabriel Amiel, Ezequiel Luka",5,2015-04-01
814,tt0816692,2015-03-15,2015-03-15,,"Interstellar","Interstellar",https://www.imdb.com/title/tt0816692/,Película,8.7,169,2014,"Aventura, Ciencia ficción",2618115,2014-11-07,"Christopher Nolan",8,2015-03-16
815,tt1001526,2015-03-23,2015-03-23,,"Megamind","Megamind",https://www.imdb.com/title/tt1001526/,Película,7.3,95,2010,"Animación, Acción, Aventura, Comedia, Crimen, Familiar, Fantasía, Ciencia ficción",331451,2010-12-03,"Tom McGrath",4,2024-12-14
816,tt1222815,2015-03-23,2015-03-23,,"Chimpancés","Chimpanzee",https://www.imdb.com/title/tt1222815/,Película,7.1,78,2011,"Documental, Familiar",6565,2012-04-20,"Alastair Fothergill, Mark Linfield",6,2015-04-01
817,tt1458527,2015-03-24,2015-03-24,,"Anita","Anita",https://www.imdb.com/title/tt1458527/,Película,7.3,104,2009,"Drama",668,2009-08-27,"Marcos Carnevale",8,2016-06-22
818,tt1762300,2015-03-28,2015-03-28,,"One Life","One Life",https://www.imdb.com/title/tt1762300/,Película,7.9,85,2011,"Documental, Familiar",2831,2013-02-21,"Michael Gunton, Martha Holmes",9,2015-03-28
819,tt2937898,2015-03-30,2015-03-30,,"El año más violento","A Most Violent Year",https://www.imdb.com/title/tt2937898/,Película,6.9,125,2014,"Crimen, Drama, Suspense",82457,2015-03-19,"J.C. Chandor",6,2015-04-01
820,tt0251160,2015-03-31,2015-03-31,,"John Q","John Q",https://www.imdb.com/title/tt0251160/,Película,7.1,116,2002,"Crimen, Drama, Suspense",156845,2002-03-22,"Nick Cassavetes",7,2015-03-31
821,tt0109445,2015-04-01,2015-04-01,,"Clerks","Clerks",https://www.imdb.com/title/tt0109445/,Película,7.7,92,1994,"Comedia",241987,1994-11-30,"Kevin Smith",5,2015-04-01
822,tt1424381,2015-04-04,2015-04-04,,"Predators","Predators",https://www.imdb.com/title/tt1424381/,Película,6.4,107,2010,"Acción, Aventura, Ciencia ficción, Suspense",265115,2010-08-27,"Nimród Antal",4,2015-04-05
823,tt0079417,2015-04-07,2015-04-07,,"Kramer contra Kramer","Kramer vs. Kramer",https://www.imdb.com/title/tt0079417/,Película,7.8,105,1979,"Drama",168578,1980-03-01,"Robert Benton",7,2022-09-11
824,tt0107473,2015-04-11,2015-04-11,,"La chica del gánster","Mad Dog and Glory",https://www.imdb.com/title/tt0107473/,Película,6.3,97,1993,"Comedia, Crimen, Drama, Romance",24266,1993-05-21,"John McNaughton",6,2015-09-21
825,tt1567437,2015-04-11,2015-04-11,,"The Voices","The Voices",https://www.imdb.com/title/tt1567437/,Película,6.3,103,2014,"Comedia, Crimen, Terror, Suspense",67465,2015-02-06,"Marjane Satrapi",7,2015-04-12
826,tt1411697,2015-04-15,2015-04-15,,"Resacón 2: ¡Ahora en Tailandia!","The Hangover Part II",https://www.imdb.com/title/tt1411697/,Película,6.5,102,2011,"Comedia",587420,2011-06-24,"Todd Phillips",5,2024-12-14
827,tt0079116,2015-04-18,2015-04-18,,"Fuga de Alcatraz","Escape from Alcatraz",https://www.imdb.com/title/tt0079116/,Película,7.5,112,1979,"Biografía, Crimen, Drama, Suspense",167190,1979-12-19,"Don Siegel",7,2015-04-19
828,tt0280653,2015-04-21,2015-04-21,,"Amén.","Amen.",https://www.imdb.com/title/tt0280653/,Película,7.2,132,2002,"Biografía, Crimen, Drama, Bélico",15904,2003-01-10,"Costa-Gavras",8,2015-04-21
829,tt1020072,2015-04-24,2015-04-24,,"Selma","Selma",https://www.imdb.com/title/tt1020072/,Película,7.5,128,2014,"Biografía, Drama, Historia",99831,2015-03-06,"Ava DuVernay",7,2015-04-25
830,tt0164181,2015-04-25,2015-04-25,,"El último escalón","Stir of Echoes",https://www.imdb.com/title/tt0164181/,Película,6.9,99,1999,"Terror, Misterio, Suspense",93885,2000-07-14,"David Koepp",7,2015-04-25
831,tt0780571,2015-04-27,2015-04-27,,"Mr. Brooks","Mr. Brooks",https://www.imdb.com/title/tt0780571/,Película,7.2,120,2007,"Crimen, Drama, Misterio, Suspense",164633,2007-12-05,"Bruce A. Evans",7,2015-05-25
832,tt1966604,2015-04-28,2015-04-28,,"El impostor","The Imposter",https://www.imdb.com/title/tt1966604/,Película,7.4,99,2012,"Documental, Biografía, Crimen, Drama, Suspense",53526,2013-05-10,"Bart Layton",6,2015-05-25
833,tt2567712,2015-05-01,2015-05-01,,"Convicto (Starred Up)","Starred Up",https://www.imdb.com/title/tt2567712/,Película,7.3,106,2013,"Crimen, Drama, Suspense",51980,2014-03-21,"David Mackenzie",6,2015-05-25
834,tt2179136,2015-05-03,2015-05-03,,"El francotirador","American Sniper",https://www.imdb.com/title/tt2179136/,Película,7.3,133,2014,"Acción, Biografía, Drama, Bélico",577288,2015-02-20,"Clint Eastwood",6,2015-05-25
835,tt0470752,2015-05-15,2015-05-15,,"Ex_Machina","Ex Machina",https://www.imdb.com/title/tt0470752/,Película,7.7,108,2014,"Drama, Ciencia ficción, Suspense",647008,2015-02-27,"Alex Garland",7,2015-05-25
836,tt0212985,2015-05-23,2015-05-23,,"Hannibal","Hannibal",https://www.imdb.com/title/tt0212985/,Película,6.8,131,2001,"Crimen, Drama, Suspense",317438,2001-02-23,"Ridley Scott",7,2015-05-25
837,tt0454841,2015-05-26,2015-05-26,,"Las colinas tienen ojos","The Hills Have Eyes",https://www.imdb.com/title/tt0454841/,Película,6.4,107,2006,"Terror, Suspense",198025,2006-06-30,"Alexandre Aja",7,2015-07-24
838,tt2446042,2015-05-27,2015-05-27,,"V3nganza","Taken 3",https://www.imdb.com/title/tt2446042/,Película,6.0,108,2014,"Acción, Crimen, Suspense",216985,2015-01-16,"Olivier Megaton",4,2024-12-14
839,tt0090857,2015-05-31,2015-05-31,,"La clínica del Dr. Cureta","La clínica del Dr. Cureta",https://www.imdb.com/title/tt0090857/,Película,6.1,85,1987,"Comedia, Drama",125,1987-08-06,"Alberto Fischerman",6,2024-12-14
840,tt0288838,2015-06-01,2015-06-01,,"Taxi, un encuentro","Taxi, un encuentro",https://www.imdb.com/title/tt0288838/,Película,6.7,90,2001,"Drama",246,2001-09-13,"Gabriela David",6,2015-07-24
841,tt1823672,2015-06-02,2015-06-02,,"Chappie","Chappie",https://www.imdb.com/title/tt1823672/,Película,6.8,120,2015,"Acción, Crimen, Drama, Ciencia ficción, Suspense",286311,2015-03-13,"Neill Blomkamp",7,2015-07-24
842,tt2614684,2015-06-05,2015-06-05,,"'71","'71",https://www.imdb.com/title/tt2614684/,Película,7.2,99,2014,"Acción, Crimen, Drama, Suspense, Bélico",65419,2015-01-23,"Yann Demange",6,2024-12-14
843,tt0482572,2015-06-09,2015-06-09,,"Cuestión de honor","Pride and Glory",https://www.imdb.com/title/tt0482572/,Película,6.6,130,2008,"Crimen, Drama, Suspense",65947,2009-01-01,"Gavin O'Connor",7,2015-06-10
844,tt1100089,2015-06-12,2015-06-12,,"Foxcatcher","Foxcatcher",https://www.imdb.com/title/tt1100089/,Película,7.0,134,2014,"Biografía, Drama, Historia, Deporte",156080,2015-02-06,"Bennett Miller",6,2024-12-14
845,tt0086960,2015-06-17,2015-06-17,,"Superdetective en Hollywood","Beverly Hills Cop",https://www.imdb.com/title/tt0086960/,Película,7.4,105,1984,"Acción, Comedia, Crimen, Suspense",234980,1985-03-29,"Martin Brest",6,2015-07-24
846,tt0369610,2015-06-17,2015-06-17,,"Jurassic World","Jurassic World",https://www.imdb.com/title/tt0369610/,Película,6.9,124,2015,"Acción, Aventura, Ciencia ficción",739367,2015-06-12,"Colin Trevorrow",8,2015-06-17
847,tt0948470,2015-06-26,2015-06-26,,"The Amazing Spider-Man","The Amazing Spider-Man",https://www.imdb.com/title/tt0948470/,Película,7.0,136,2012,"Acción, Ciencia ficción",790337,2012-07-06,"Marc Webb",5,2015-07-24
848,tt3538766,2015-06-28,2015-06-28,,"Messi","Messi",https://www.imdb.com/title/tt3538766/,Película,7.1,93,2014,"Documental, Biografía, Deporte",4789,2015-01-01,"Álex de la Iglesia",7,2015-07-24
849,tt0087884,2015-07-14,2015-07-14,,"Paris, Texas","Paris, Texas",https://www.imdb.com/title/tt0087884/,Película,8.1,145,1984,"Drama",145507,1989-01-18,"Wim Wenders",7,2015-07-24
850,tt2293640,2015-07-15,2015-07-15,,"Los minions","Minions",https://www.imdb.com/title/tt2293640/,Película,6.4,91,2015,"Animación, Aventura, Comedia, Crimen, Familiar, Ciencia ficción",290915,2015-07-03,"Kyle Balda, Pierre Coffin",7,2015-07-24
851,tt0114709,2015-07-15,2015-07-15,,"Toy Story","Toy Story",https://www.imdb.com/title/tt0114709/,Película,8.3,81,1995,"Animación, Aventura, Comedia, Familiar, Fantasía",1202399,1996-03-14,"John Lasseter",6,2015-07-24
852,tt2381941,2015-07-15,2015-07-15,,"Focus","Focus",https://www.imdb.com/title/tt2381941/,Película,6.6,105,2015,"Comedia, Crimen, Drama, Romance",297931,2015-03-27,"Glenn Ficarra, John Requa",5,2015-07-24
853,tt0057413,2015-07-16,2015-07-16,,"La pantera rosa","The Pink Panther",https://www.imdb.com/title/tt0057413/,Película,7.0,115,1963,"Comedia, Crimen, Romance",62522,1964-03-29,"Blake Edwards",6,2015-07-24
854,tt1881002,2015-07-17,2015-07-17,,"Maggie","Maggie",https://www.imdb.com/title/tt1881002/,Película,5.6,95,2015,"Drama, Terror, Ciencia ficción",49197,2016-01-08,"Henry Hobson",5,2015-07-24
855,tt1637725,2015-07-18,2015-07-18,,"Ted","Ted",https://www.imdb.com/title/tt1637725/,Película,6.9,106,2012,"Comedia",720854,2012-08-10,"Seth MacFarlane",7,2015-07-24
856,tt1649443,2015-07-19,2015-07-19,,"[REC] 4: Apocalipsis","[Rec] 4: Apocalipsis",https://www.imdb.com/title/tt1649443/,Película,5.3,95,2014,"Acción, Aventura, Fantasía, Terror, Ciencia ficción, Suspense",23096,2014-10-31,"Jaume Balagueró",3,2015-07-19
857,tt2273657,2015-07-24,2015-07-24,,"Una historia real","True Story",https://www.imdb.com/title/tt2273657/,Película,6.3,99,2015,"Biografía, Crimen, Drama, Historia, Misterio",76250,2015-07-17,"Rupert Goold",7,2015-07-27
858,tt0367089,2015-07-25,2015-07-25,,"Una historia de Brooklyn","The Squid and the Whale",https://www.imdb.com/title/tt0367089/,Película,7.3,81,2005,"Comedia, Drama",95206,2006-06-23,"Noah Baumbach",7,2015-07-27
859,tt1931533,2015-07-29,2015-07-29,,"Siete psicópatas","Seven Psychopaths",https://www.imdb.com/title/tt1931533/,Película,7.1,110,2012,"Comedia, Crimen, Drama, Suspense",291146,2013-02-22,"Martin McDonagh",8,2015-10-10
860,tt1182345,2015-07-29,2015-07-29,,"Moon","Moon",https://www.imdb.com/title/tt1182345/,Película,7.8,97,2009,"Drama, Misterio, Ciencia ficción",399033,2009-10-09,"Duncan Jones",6,2015-08-12
861,tt0091167,2015-07-30,2015-07-30,,"Hannah y sus hermanas","Hannah and Her Sisters",https://www.imdb.com/title/tt0091167/,Película,7.8,107,1986,"Comedia, Drama",82302,1986-11-21,"Woody Allen",8,2015-07-31
862,tt0780536,2015-07-31,2015-07-31,,"Escondidos en Brujas","In Bruges",https://www.imdb.com/title/tt0780536/,Película,7.9,107,2008,"Comedia, Crimen, Drama, Suspense",498951,2008-07-18,"Martin McDonagh",7,2015-08-12
863,tt1772288,2015-08-01,2015-08-01,,"Nunca es tarde (Danny Collins)","Danny Collins",https://www.imdb.com/title/tt1772288/,Película,7.0,106,2015,"Comedia, Drama, Música",35248,2016-03-04,"Dan Fogelman",7,2015-08-12
864,tt0780511,2015-08-03,2015-08-03,,"Todos están bien","Everybody's Fine",https://www.imdb.com/title/tt0780511/,Película,7.1,100,2009,"Aventura, Drama",68141,2010-01-01,"Kirk Jones",7,2015-08-12
865,tt2515030,2015-08-08,2015-08-08,,"Escobar: Paraíso perdido","Escobar: Paradise Lost",https://www.imdb.com/title/tt2515030/,Película,6.5,120,2014,"Crimen, Drama, Historia, Romance, Suspense",24393,2014-11-14,"Andrea Di Stefano",7,2015-08-08
866,tt1791528,2015-08-13,2015-08-13,,"Puro vicio","Inherent Vice",https://www.imdb.com/title/tt1791528/,Película,6.6,148,2014,"Comedia, Crimen, Drama, Misterio, Romance",120838,2015-03-13,"Paul Thomas Anderson",7,2020-08-18
867,tt1037705,2015-08-14,2015-08-14,,"El libro de Eli","The Book of Eli",https://www.imdb.com/title/tt1037705/,Película,6.8,118,2010,"Acción, Aventura, Drama, Suspense",364827,2010-03-18,"Albert Hughes, Allen Hughes",6,2015-08-26
868,tt0101764,2015-08-15,2015-08-15,,"Doble impacto","Double Impact",https://www.imdb.com/title/tt0101764/,Película,5.7,110,1991,"Acción, Crimen",48342,1992-03-20,"Sheldon Lettich",4,2015-08-26
869,tt1872194,2015-08-16,2015-08-16,,"El juez","The Judge",https://www.imdb.com/title/tt1872194/,Película,7.4,141,2014,"Crimen, Drama, Misterio, Suspense",222863,2014-10-24,"David Dobkin",6,2015-08-26
870,tt0488120,2015-08-18,2015-08-18,,"Fracture","Fracture",https://www.imdb.com/title/tt0488120/,Película,7.2,113,2007,"Crimen, Drama, Suspense",239187,2007-10-19,"Gregory Hoblit",8,2015-08-18
871,tt4040896,2015-08-19,2015-08-19,,"Paco de Lucía: la búsqueda","Paco de Lucía: la búsqueda",https://www.imdb.com/title/tt4040896/,Película,7.6,95,2014,"Documental, Biografía, Música",291,2015-05-14,"Curro Sánchez",8,2015-08-19
872,tt1392190,2015-08-20,2015-08-20,,"Mad Max: Furia en la carretera","Mad Max: Fury Road",https://www.imdb.com/title/tt1392190/,Película,8.1,120,2015,"Acción, Aventura, Ciencia ficción",1223525,2015-05-15,"George Miller",5,2015-08-26
873,tt0189506,2015-08-21,2015-08-21,,"Espérame mucho","Espérame mucho",https://www.imdb.com/title/tt0189506/,Película,5.7,90,1983,"Drama",117,1983-08-11,"Juan José Jusid",5,2015-08-26
874,tt3448226,2015-08-24,2015-08-24,,"Rampage: Capital Punishment","Rampage: Capital Punishment",https://www.imdb.com/title/tt3448226/,Película,6.0,93,2014,"Acción, Crimen, Suspense",7667,2014-08-14,"Uwe Boll",6,2015-08-26
875,tt2870756,2015-08-25,2015-08-25,,"Magia a la luz de la luna","Magic in the Moonlight",https://www.imdb.com/title/tt2870756/,Película,6.5,97,2014,"Comedia, Drama, Romance",74073,2014-12-05,"Woody Allen",7,2015-08-26
876,tt1340138,2015-08-26,2015-08-26,,"Terminator: Génesis","Terminator Genisys",https://www.imdb.com/title/tt1340138/,Película,6.3,126,2015,"Acción, Aventura, Ciencia ficción, Suspense",310467,2015-07-09,"Alan Taylor",8,2015-08-27
877,tt0092796,2015-08-27,2015-08-27,,"Creepshow 2","Creepshow 2",https://www.imdb.com/title/tt0092796/,Película,6.1,92,1987,"Fantasía, Terror",31296,1987-10-15,"Michael Gornick",6,2015-09-03
878,tt3813310,2015-08-28,2015-08-28,,"Coche policial","Cop Car",https://www.imdb.com/title/tt3813310/,Película,6.3,88,2015,"Crimen, Suspense",36961,2015-08-07,"Jon Watts",8,2015-08-28
879,tt0075148,2015-08-29,2015-08-29,,"Rocky","Rocky",https://www.imdb.com/title/tt0075148/,Película,8.1,120,1976,"Drama, Deporte",703603,1977-05-23,"John G. Avildsen",6,2015-08-29
880,tt0079470,2015-08-29,2015-08-29,,"La vida de Brian","Monty Python's Life of Brian",https://www.imdb.com/title/tt0079470/,Película,8.0,94,1979,"Comedia",436284,1980-10-29,"Terry Jones",6,2015-09-03
881,tt0381681,2015-08-30,2015-08-30,,"Antes del atardecer","Before Sunset",https://www.imdb.com/title/tt0381681/,Película,8.1,80,2004,"Drama, Romance",320442,2004-10-08,"Richard Linklater",6,2015-08-31
882,tt0100150,2015-09-01,2015-09-01,,"Muerte entre las flores","Miller's Crossing",https://www.imdb.com/title/tt0100150/,Película,7.7,115,1990,"Crimen, Drama, Suspense",149474,1990-10-26,"Joel Coen, Ethan Coen",8,2015-09-03
883,tt0903657,2015-09-03,2015-09-03,,"Love & Mercy","Love & Mercy",https://www.imdb.com/title/tt0903657/,Película,7.4,121,2014,"Biografía, Drama, Música",46202,2015-06-19,"Bill Pohlad",9,2015-09-04
884,tt0079817,2015-09-03,2015-09-03,,"Rocky II","Rocky II",https://www.imdb.com/title/tt0079817/,Película,7.3,119,1979,"Drama, Deporte",255032,1979-12-06,"Sylvester Stallone",7,2015-09-03
885,tt0079817,2015-09-03,2015-09-03,,"Rocky II","Rocky II",https://www.imdb.com/title/tt0079817/,Película,7.3,119,1979,"Drama, Deporte",255032,1979-12-06,"Sylvester Stallone",7,2015-09-03
886,tt0098439,2015-09-03,2015-09-03,,"Tango y Cash","Tango & Cash",https://www.imdb.com/title/tt0098439/,Película,6.4,104,1989,"Acción, Comedia, Crimen, Suspense",121108,1990-01-26,"Andrei Konchalovsky, Peter MacDonald, Albert Magnoli",5,2015-09-03
887,tt3143414,2015-09-05,2015-09-05,,"El maestro","Non è mai troppo tardi",https://www.imdb.com/title/tt3143414/,Película de TV,7.4,200,2014,"Drama",151,2014-02-24,"Giacomo Campiotti",5,2015-09-05
888,tt0307987,2015-09-08,2015-09-08,,"Bad Santa","Bad Santa",https://www.imdb.com/title/tt0307987/,Película,7.0,92,2003,"Comedia, Crimen, Drama",168819,2004-12-10,"Terry Zwigoff",7,2015-09-08
889,tt1185418,2015-09-10,2015-09-10,,"The Wrecking Crew!","The Wrecking Crew!",https://www.imdb.com/title/tt1185418/,Película,7.7,101,2008,"Documental, Historia, Música",4321,2015-03-13,"Denny Tedesco",7,2015-09-15
890,tt0083866,2015-09-12,2015-09-12,,"E.T. El extraterrestre","E.T. the Extra-Terrestrial",https://www.imdb.com/title/tt0083866/,Película,7.9,115,1982,"Aventura, Familiar, Ciencia ficción",477757,1982-12-06,"Steven Spielberg",6,2015-09-15
891,tt0808285,2015-09-14,2015-09-14,,"Un buen corazón","The Good Heart",https://www.imdb.com/title/tt0808285/,Película,6.8,99,2009,"Comedia, Drama",5390,2010-06-04,"Dagur Kári",8,2015-09-14
892,tt0409847,2015-09-16,2015-09-16,,"Cowboys & Aliens","Cowboys & Aliens",https://www.imdb.com/title/tt0409847/,Película,6.0,119,2011,"Acción, Drama, Ciencia ficción, Suspense, Del oeste",244097,2011-08-17,"Jon Favreau",5,2024-12-14
893,tt1637688,2015-09-22,2015-09-22,,"In Time","In Time",https://www.imdb.com/title/tt1637688/,Película,6.7,109,2011,"Acción, Ciencia ficción, Suspense",489647,2011-12-02,"Andrew Niccol",5,2024-12-14
894,tt2582496,2015-09-23,2015-09-23,,"Yo, él y Raquel","Me and Earl and the Dying Girl",https://www.imdb.com/title/tt2582496/,Película,7.7,105,2015,"Comedia, Drama",145505,2015-10-09,"Alfonso Gomez-Rejon",9,2015-10-09
895,tt1332128,2015-09-24,2015-09-24,,"Zeitgeist: Addendum","Zeitgeist: Addendum",https://www.imdb.com/title/tt1332128/,Vídeo,8.2,123,2008,"Documental, Historia, Bélico",19003,2008-10-02,"Peter Joseph",8,2015-09-24
896,tt0078748,2015-09-26,2015-09-26,,"Alien, el octavo pasajero","Alien",https://www.imdb.com/title/tt0078748/,Película,8.4,117,1979,"Ciencia ficción",1079263,1979-09-25,"Ridley Scott",8,2015-09-26
897,tt1401152,2015-10-02,2015-10-02,,"Sin identidad","Unknown",https://www.imdb.com/title/tt1401152/,Película,6.8,113,2011,"Acción, Misterio, Suspense",277779,2011-05-13,"Jaume Collet-Serra",6,2015-11-30
898,tt0102494,2015-10-10,2015-10-10,,"Mi Idaho privado","My Own Private Idaho",https://www.imdb.com/title/tt0102494/,Película,6.9,104,1991,"Drama",68153,1992-07-10,"Gus Van Sant",6,2015-10-11
899,tt2120120,2015-10-13,2015-10-13,,"Pixels","Pixels",https://www.imdb.com/title/tt2120120/,Película,5.6,105,2015,"Animación, Acción, Aventura, Comedia, Fantasía, Ciencia ficción, Suspense",183816,2015-07-24,"Chris Columbus",6,2015-10-15
900,tt0820094,2015-10-14,2015-10-14,,"Isi/Disi: Alto voltaje","Isi/Disi: Alto voltaje",https://www.imdb.com/title/tt0820094/,Película,4.4,91,2006,"Acción, Comedia, Musical",971,2006-12-01,"Miguel Ángel Lamata",4,2015-11-30
901,tt0128445,2015-10-17,2015-10-17,,"Academia Rushmore","Rushmore",https://www.imdb.com/title/tt0128445/,Película,7.6,93,1998,"Comedia, Drama, Romance",209961,1999-02-19,"Wes Anderson",7,2015-10-18
902,tt0106701,2015-10-18,2015-10-18,,"Daniel el travieso","Dennis the Menace",https://www.imdb.com/title/tt0106701/,Película,5.7,94,1993,"Comedia, Familiar",70042,1993-08-06,"Nick Castle",5,2015-10-18
903,tt0101917,2015-10-19,2015-10-19,,"Pesadilla final: La muerte de Freddy","Freddy's Dead: The Final Nightmare",https://www.imdb.com/title/tt0101917/,Película,4.7,89,1991,"Fantasía, Terror",56610,1992-01-31,"Rachel Talalay",6,2015-10-19
904,tt2096673,2015-10-20,2015-10-20,,"Del revés (Inside Out)","Inside Out",https://www.imdb.com/title/tt2096673/,Película,8.1,95,2015,"Animación, Aventura, Comedia, Drama, Familiar, Fantasía",935234,2015-07-17,"Pete Docter, Ronnie Del Carmen",9,2015-10-20
905,tt3715320,2015-10-22,2015-10-22,,"Irrational Man","Irrational Man",https://www.imdb.com/title/tt3715320/,Película,6.6,95,2015,"Comedia, Crimen, Drama, Romance",71123,2015-09-25,"Woody Allen",7,2015-10-22
906,tt1631867,2015-10-22,2015-10-22,,"Al filo del mañana","Edge of Tomorrow",https://www.imdb.com/title/tt1631867/,Película,7.9,113,2014,"Acción, Aventura, Ciencia ficción",817950,2014-05-30,"Doug Liman",6,2024-12-14
907,tt1504320,2015-10-23,2015-10-23,,"El discurso del rey","The King's Speech",https://www.imdb.com/title/tt1504320/,Película,8.0,118,2010,"Biografía, Drama, Historia",737619,2010-12-22,"Tom Hooper",7,2015-11-30
908,tt2385115,2015-10-31,2015-10-31,,"Jaco","Jaco",https://www.imdb.com/title/tt2385115/,Película,7.6,110,2015,"Documental, Biografía, Drama, Música",1326,2016-12-03,"Stephen Kijak, Paul Marchand",8,2015-11-01
909,tt1355683,2015-11-03,2015-11-03,,"Black Mass: Estrictamente criminal","Black Mass",https://www.imdb.com/title/tt1355683/,Película,6.8,123,2015,"Biografía, Crimen, Drama",204403,2015-10-23,"Scott Cooper",7,2015-11-03
910,tt3754940,2015-11-05,2015-11-05,,"Truman","Truman",https://www.imdb.com/title/tt3754940/,Película,7.3,108,2015,"Comedia, Drama",14893,2015-10-30,"Cesc Gay",8,2015-11-05
911,tt3235888,2015-11-06,2015-11-06,,"It Follows","It Follows",https://www.imdb.com/title/tt3235888/,Película,6.8,100,2014,"Terror, Misterio, Suspense",305627,2015-05-29,"David Robert Mitchell",6,2015-11-07
912,tt1967545,2015-11-07,2015-11-07,,"Una vida en tres días","Labor Day",https://www.imdb.com/title/tt1967545/,Película,6.9,111,2013,"Crimen, Drama, Romance, Suspense",57863,2014-03-14,"Jason Reitman",7,2015-11-08
913,tt3850214,2015-11-12,2015-11-12,,"Dope","Dope",https://www.imdb.com/title/tt3850214/,Película,7.2,103,2015,"Aventura, Comedia, Crimen, Drama",92372,2015-12-11,"Rick Famuyiwa",7,2015-11-13
914,tt1210042,2015-11-13,2015-11-13,,"Los amos de Brooklyn","Brooklyn's Finest",https://www.imdb.com/title/tt1210042/,Película,6.7,132,2009,"Crimen, Drama, Suspense",69317,2011-09-16,"Antoine Fuqua",7,2015-11-30
915,tt0119217,2015-11-15,2015-11-15,,"El indomable Will Hunting","Good Will Hunting",https://www.imdb.com/title/tt0119217/,Película,8.4,126,1997,"Drama, Romance",1246735,1998-02-27,"Gus Van Sant",8,2015-11-16
916,tt0057115,2015-11-19,2015-11-19,,"La gran evasión","The Great Escape",https://www.imdb.com/title/tt0057115/,Película,8.2,172,1963,"Aventura, Drama, Suspense, Bélico",280636,1963-11-11,"John Sturges",7,2016-04-01
917,tt3841866,2015-11-20,2015-11-20,,"Felices 140","Felices 140",https://www.imdb.com/title/tt3841866/,Película,6.0,98,2015,"Comedia, Drama",2109,2015-04-10,"Gracia Querejeta",5,2015-11-30
918,tt2244889,2015-11-24,2015-11-24,,"Heaven Adores You","Heaven Adores You",https://www.imdb.com/title/tt2244889/,Película,6.9,104,2014,"Documental, Biografía, Drama, Música",1597,2014-10-25,"Nickolas Dylan Rossi",7,2015-11-30
919,tt0325805,2015-11-26,2015-11-26,,"Los impostores","Matchstick Men",https://www.imdb.com/title/tt0325805/,Película,7.2,116,2003,"Comedia, Crimen, Drama, Suspense",146909,2003-12-12,"Ridley Scott",8,2015-11-26
920,tt2637276,2015-11-30,2015-11-30,,"Ted 2","Ted 2",https://www.imdb.com/title/tt2637276/,Película,6.3,115,2015,"Comedia",266640,2015-07-31,"Seth MacFarlane",7,2015-11-30
921,tt3168230,2015-12-06,2015-12-06,,"Mr. Holmes","Mr. Holmes",https://www.imdb.com/title/tt3168230/,Película,6.8,104,2015,"Crimen, Drama, Familiar, Misterio, Suspense",70626,2015-08-21,"Bill Condon",6,2024-12-14
922,tt4411504,2015-12-10,2015-12-10,,"El Clan","El Clan",https://www.imdb.com/title/tt4411504/,Película,6.9,108,2015,"Biografía, Crimen, Drama, Suspense",15364,2015-11-13,"Pablo Trapero",9,2015-12-10
923,tt1298650,2015-12-10,2015-12-10,,"Piratas del Caribe: En mareas misteriosas","Pirates of the Caribbean: On Stranger Tides",https://www.imdb.com/title/tt1298650/,Película,6.6,137,2011,"Acción, Aventura, Fantasía",615761,2011-05-20,"Rob Marshall",6,2024-12-14
924,tt1596345,2015-12-10,2015-12-10,,"El caso Fischer","Pawn Sacrifice",https://www.imdb.com/title/tt1596345/,Película,7.0,115,2014,"Biografía, Drama, Historia, Deporte, Suspense",55014,2016-08-12,"Edward Zwick",7,2015-12-11
925,tt2403961,2015-12-18,2015-12-18,,"Séptimo","Séptimo",https://www.imdb.com/title/tt2403961/,Película,5.8,88,2013,"Crimen, Misterio, Suspense",6861,2013-11-08,"Patxi Amezcua",5,2015-12-18
926,tt0093466,2015-12-22,2015-12-22,,"Made in Argentina","Made in Argentina",https://www.imdb.com/title/tt0093466/,Película,7.3,86,1987,"Comedia, Drama",462,1987-05-14,"Juan José Jusid",5,2015-12-27
927,tt3659388,2015-12-26,2015-12-26,,"Marte (The Martian)","The Martian",https://www.imdb.com/title/tt3659388/,Película,8.0,144,2015,"Aventura, Drama, Ciencia ficción",1032855,2015-10-16,"Ridley Scott",8,2015-12-27
928,tt0064115,2015-12-27,2015-12-27,,"Dos hombres y un destino","Butch Cassidy and the Sundance Kid",https://www.imdb.com/title/tt0064115/,Película,8.0,110,1969,"Aventura, Biografía, Crimen, Drama, Del oeste",240087,1977-06-22,"George Roy Hill",7,2015-12-27
929,tt1779826,2015-12-28,2015-12-28,,"Maktub","Maktub",https://www.imdb.com/title/tt1779826/,Película,6.7,113,2011,"Comedia, Drama",876,2011-12-16,"Paco Arango",4,2015-12-28
930,tt0086979,2015-12-28,2015-12-28,,"Sangre fácil","Blood Simple",https://www.imdb.com/title/tt0086979/,Película,7.5,99,1984,"Crimen, Drama, Suspense",115362,1985-01-18,"Joel Coen, Ethan Coen",8,2015-12-29
931,tt0095647,2015-12-30,2015-12-30,,"Arde Mississippi","Mississippi Burning",https://www.imdb.com/title/tt0095647/,Película,7.8,128,1988,"Crimen, Drama, Misterio, Suspense",129166,1989-03-17,"Alan Parker",8,2015-12-31
932,tt0070666,2016-01-02,2016-01-02,,"Serpico","Serpico",https://www.imdb.com/title/tt0070666/,Película,7.7,113,1973,"Biografía, Crimen, Drama, Suspense",148732,1973-12-05,"Sidney Lumet",7,2016-01-03
933,tt0116253,2016-01-02,2016-01-02,,"Decisión crítica","Executive Decision",https://www.imdb.com/title/tt0116253/,Película,6.5,133,1996,"Acción, Aventura, Suspense",66147,1996-05-03,"Stuart Baird",5,2016-01-03
934,tt0115798,2016-01-02,2016-01-02,,"Un loco a domicilio","The Cable Guy",https://www.imdb.com/title/tt0115798/,Película,6.2,96,1996,"Comedia, Drama, Suspense",191738,1996-07-26,"Ben Stiller",7,2016-01-02
935,tt0322298,2016-01-05,2016-01-05,,"El fondo del mar","El fondo del mar",https://www.imdb.com/title/tt0322298/,Película,6.7,92,2003,"Drama, Suspense",1626,2003-08-28,"Damián Szifron",7,2016-01-05
936,tt1226240,2016-01-05,2016-01-05,,"El último concierto","A Late Quartet",https://www.imdb.com/title/tt1226240/,Película,7.1,105,2012,"Drama, Música",16048,2013-08-23,"Yaron Zilberman",7,2016-01-05
937,tt0077416,2016-01-06,2016-01-06,,"El cazador","The Deer Hunter",https://www.imdb.com/title/tt0077416/,Película,8.1,183,1978,"Drama, Bélico",390337,1979-03-19,"Michael Cimino",8,2016-01-06
938,tt2488496,2016-01-07,2016-01-07,,"Star Wars: El despertar de la Fuerza","Star Wars: Episode VII - The Force Awakens",https://www.imdb.com/title/tt2488496/,Película,7.7,138,2015,"Acción, Aventura, Ciencia ficción",1036832,2015-12-18,"J.J. Abrams",8,2016-01-07
939,tt0357413,2016-01-07,2016-01-07,,"El reportero: La leyenda de Ron Burgundy","Anchorman: The Legend of Ron Burgundy",https://www.imdb.com/title/tt0357413/,Película,7.1,94,2004,"Comedia",405557,2004-10-01,"Adam McKay",5,2016-01-07
940,tt0287467,2016-01-10,2016-01-10,,"Hable con ella","Hable con ella",https://www.imdb.com/title/tt0287467/,Película,7.9,112,2002,"Drama, Misterio, Romance",121296,2002-03-15,"Pedro Almodóvar",7,2016-01-11
941,tt0101540,2016-01-12,2016-01-12,,"El cabo del miedo","Cape Fear",https://www.imdb.com/title/tt0101540/,Película,7.3,128,1991,"Crimen, Drama, Suspense",250924,1992-03-11,"Martin Scorsese",7,2016-01-13
942,tt1263670,2016-01-15,2016-01-15,,"Corazón rebelde","Crazy Heart",https://www.imdb.com/title/tt1263670/,Película,7.2,112,2009,"Drama, Música, Romance",99839,2010-03-05,"Scott Cooper",9,2019-12-12
943,tt0116367,2016-01-16,2016-01-16,,"Abierto hasta el amanecer","From Dusk Till Dawn",https://www.imdb.com/title/tt0116367/,Película,7.2,108,1996,"Acción, Crimen, Terror",375798,1996-04-17,"Robert Rodriguez",5,2016-01-16
944,tt0110632,2016-01-18,2016-01-18,,"Asesinos natos","Natural Born Killers",https://www.imdb.com/title/tt0110632/,Película,7.2,119,1994,"Crimen, Romance",270514,1994-10-21,"Oliver Stone",6,2016-01-18
945,tt3682448,2016-01-19,2016-01-19,,"El puente de los espías","Bridge of Spies",https://www.imdb.com/title/tt3682448/,Película,7.6,142,2015,"Drama, Historia, Suspense, Bélico",347760,2015-12-04,"Steven Spielberg",8,2016-01-19
946,tt3460252,2016-01-22,2016-01-22,,"Los odiosos ocho","The Hateful Eight",https://www.imdb.com/title/tt3460252/,Película,7.8,168,2015,"Crimen, Drama, Misterio, Suspense, Del oeste",732678,2016-01-15,"Quentin Tarantino",6,2016-02-22
947,tt3312830,2016-01-26,2016-01-26,,"La juventud","Youth",https://www.imdb.com/title/tt3312830/,Película,7.3,124,2015,"Comedia, Drama, Música, Romance",89664,2016-01-22,"Paolo Sorrentino",8,2016-02-11
948,tt1596363,2016-01-27,2016-01-27,,"La gran apuesta","The Big Short",https://www.imdb.com/title/tt1596363/,Película,7.8,130,2015,"Biografía, Comedia, Drama, Historia",549258,2016-01-22,"Adam McKay",4,2016-04-06
949,tt1663202,2016-01-27,2016-01-27,,"El renacido (The Revenant)","The Revenant",https://www.imdb.com/title/tt1663202/,Película,8.0,156,2015,"Acción, Drama, Del oeste",964359,2016-02-05,"Alejandro G. Iñárritu",8,2016-01-28
950,tt3076658,2016-01-29,2016-01-29,,"Creed. La leyenda de Rocky","Creed",https://www.imdb.com/title/tt3076658/,Película,7.6,133,2015,"Acción, Drama, Deporte",340882,2016-01-29,"Ryan Coogler",6,2016-02-10
951,tt0274812,2016-02-04,2016-02-04,,"Secretary","Secretary",https://www.imdb.com/title/tt0274812/,Película,6.8,107,2002,"Comedia, Drama, Romance",110372,2004-07-16,"Steven Shainberg",7,2016-02-04
952,tt0094721,2016-02-04,2016-02-04,,"Bitelchús","Beetlejuice",https://www.imdb.com/title/tt0094721/,Película,7.4,92,1988,"Comedia, Fantasía",423567,1988-07-22,"Tim Burton",6,2024-12-14
953,tt0080339,2016-02-04,2016-02-04,,"Aterriza como puedas","Airplane!",https://www.imdb.com/title/tt0080339/,Película,7.7,88,1980,"Comedia",293341,1980-12-18,"Jim Abrahams, David Zucker, Jerry Zucker",7,2020-04-28
954,tt0177747,2016-02-04,2016-02-04,,"Entre las piernas","Entre las piernas",https://www.imdb.com/title/tt0177747/,Película,6.1,115,1999,"Drama, Misterio, Romance, Suspense",3276,1999-01-22,"Manuel Gómez Pereira",6,2016-02-04
955,tt3203606,2016-02-10,2016-02-10,,"Trumbo: La lista negra de Hollywood","Trumbo",https://www.imdb.com/title/tt3203606/,Película,7.4,124,2015,"Biografía, Drama",88127,2016-04-29,"Jay Roach",8,2016-02-11
956,tt1895587,2016-02-11,2016-02-11,,"Spotlight","Spotlight",https://www.imdb.com/title/tt1895587/,Película,8.1,129,2015,"Biografía, Crimen, Drama",541981,2016-01-29,"Tom McCarthy",7,2016-02-11
957,tt0325710,2016-02-15,2016-02-15,,"El último samurái","The Last Samurai",https://www.imdb.com/title/tt0325710/,Película,7.8,154,2003,"Acción, Drama",511630,2004-01-09,"Edward Zwick",6,2016-02-15
958,tt0120755,2016-02-15,2016-02-15,,"Misión: Imposible 2","Mission: Impossible II",https://www.imdb.com/title/tt0120755/,Película,6.1,123,2000,"Acción, Aventura, Suspense",419134,2000-07-07,"John Woo",7,2016-02-15
959,tt0054331,2016-02-15,2016-02-15,,"Espartaco","Spartacus",https://www.imdb.com/title/tt0054331/,Película,7.9,184,1960,"Aventura, Biografía, Drama, Historia, Bélico",152630,1960-11-17,"Stanley Kubrick",8,2016-02-15
960,tt0097322,2016-02-17,2016-02-17,,"Los fabulosos Baker Boys","The Fabulous Baker Boys",https://www.imdb.com/title/tt0097322/,Película,6.9,114,1989,"Comedia, Drama, Música, Romance",28096,1990-03-30,"Steve Kloves",8,2016-02-17
961,tt0056592,2016-02-18,2016-02-18,,"Matar a un ruiseñor","To Kill a Mockingbird",https://www.imdb.com/title/tt0056592/,Película,8.2,129,1962,"Crimen, Drama",353781,1964-04-16,"Robert Mulligan",7,2016-04-04
962,tt0108550,2016-02-19,2016-02-19,,"¿A quién ama Gilbert Grape?","What's Eating Gilbert Grape",https://www.imdb.com/title/tt0108550/,Película,7.7,118,1993,"Drama",271814,1994-05-20,"Lasse Hallström",8,2016-02-19
963,tt1291570,2016-02-22,2016-02-22,,"Premonición","Solace",https://www.imdb.com/title/tt1291570/,Película,6.4,101,2015,"Crimen, Drama, Misterio, Suspense",75294,2016-07-15,"Afonso Poyart",6,2016-02-22
964,tt1390411,2016-02-26,2016-02-26,,"En el corazón del mar","In the Heart of the Sea",https://www.imdb.com/title/tt1390411/,Película,6.9,122,2015,"Acción, Aventura, Biografía, Drama, Historia",160940,2015-12-04,"Ron Howard",7,2016-02-27
965,tt0100029,2016-03-01,2016-03-01,,"Lionheart: El luchador","Lionheart",https://www.imdb.com/title/tt0100029/,Película,6.2,108,1990,"Acción, Crimen, Drama, Deporte",43818,1991-02-15,"Sheldon Lettich",5,2016-03-01
966,tt3170832,2016-03-01,2016-03-01,,"La habitación","Room",https://www.imdb.com/title/tt3170832/,Película,8.1,118,2015,"Drama, Suspense",485683,2016-02-26,"Lenny Abrahamson",7,2016-03-01
967,tt1599348,2016-03-02,2016-03-02,,"El invitado","Safe House",https://www.imdb.com/title/tt1599348/,Película,6.7,115,2012,"Acción, Suspense",251379,2012-02-10,"Daniel Espinosa",6,2016-03-02
968,tt3397884,2016-03-02,2016-03-02,,"Sicario","Sicario",https://www.imdb.com/title/tt3397884/,Película,7.7,121,2015,"Acción, Crimen, Drama, Misterio, Suspense",551926,2015-11-13,"Denis Villeneuve",7,2016-03-02
969,tt0203019,2016-03-03,2016-03-03,,"Hombres de honor (Men of Honor)","Men of Honor",https://www.imdb.com/title/tt0203019/,Película,7.2,129,2000,"Biografía, Drama",131812,2001-04-20,"George Tillman Jr.",6,2016-03-03
970,tt0083190,2016-03-03,2016-03-03,,"Ladrón","Thief",https://www.imdb.com/title/tt0083190/,Película,7.4,123,1981,"Acción, Crimen, Drama, Suspense",51901,1981-06-26,"Michael Mann",7,2016-03-03
971,tt0128442,2016-03-05,2016-03-05,,"Rounders","Rounders",https://www.imdb.com/title/tt0128442/,Película,7.3,121,1998,"Crimen, Drama",174091,1999-01-15,"John Dahl",7,2016-03-05
972,tt1979388,2016-03-07,2016-03-07,,"El viaje de Arlo","The Good Dinosaur",https://www.imdb.com/title/tt1979388/,Película,6.7,93,2015,"Animación, Acción, Aventura, Comedia, Drama, Familiar, Fantasía",142942,2015-11-27,"Peter Sohn",6,2016-03-07
973,tt2361509,2016-03-08,2016-03-08,,"El becario","The Intern",https://www.imdb.com/title/tt2361509/,Película,7.1,121,2015,"Comedia, Drama",315755,2015-10-30,"Nancy Meyers",7,2016-03-08
974,tt0277027,2016-03-08,2016-03-08,,"Yo soy Sam","I Am Sam",https://www.imdb.com/title/tt0277027/,Película,7.6,132,2001,"Drama",163830,2002-03-01,"Jessie Nelson",7,2016-03-08
975,tt0088794,2016-03-10,2016-03-10,,"Más vale muerto","Better Off Dead...",https://www.imdb.com/title/tt0088794/,Película,7.1,97,1985,"Comedia, Romance",54346,1985-10-11,"Savage Steve Holland",7,2016-03-10
976,tt0198781,2016-03-10,2016-03-10,,"Monstruos, S.A.","Monsters, Inc.",https://www.imdb.com/title/tt0198781/,Película,8.1,92,2001,"Animación, Aventura, Comedia, Familiar, Fantasía",1094074,2002-02-08,"Pete Docter, David Silverman, Lee Unkrich",7,2016-03-10
977,tt0810819,2016-03-14,2016-03-14,,"La chica danesa","The Danish Girl",https://www.imdb.com/title/tt0810819/,Película,7.1,119,2015,"Biografía, Drama",207678,2016-01-15,"Tom Hooper",8,2016-03-14
978,tt4178092,2016-03-14,2016-03-14,,"El regalo","The Gift",https://www.imdb.com/title/tt4178092/,Película,7.0,108,2015,"Drama, Misterio, Suspense",188246,2016-03-18,"Joel Edgerton",8,2016-03-15
979,tt0386117,2016-03-15,2016-03-15,,"Donde viven los monstruos","Where the Wild Things Are",https://www.imdb.com/title/tt0386117/,Película,6.7,101,2009,"Aventura, Drama, Familiar, Fantasía",112777,2009-12-18,"Spike Jonze",6,2016-03-16
980,tt0116922,2016-03-16,2016-03-16,,"Carretera perdida","Lost Highway",https://www.imdb.com/title/tt0116922/,Película,7.6,134,1997,"Drama, Misterio, Suspense",173840,1997-03-17,"David Lynch",4,2016-03-16
981,tt2381249,2016-03-16,2016-03-16,,"Misión: Imposible - Nación secreta","Mission: Impossible - Rogue Nation",https://www.imdb.com/title/tt2381249/,Película,7.4,131,2015,"Acción, Aventura, Suspense",450748,2015-08-07,"Christopher McQuarrie",6,2016-03-17
982,tt0112579,2016-03-17,2016-03-17,,"Los puentes de Madison","The Bridges of Madison County",https://www.imdb.com/title/tt0112579/,Película,7.6,135,1995,"Drama, Romance",98267,1995-10-11,"Clint Eastwood",7,2016-03-17
983,tt1211956,2016-03-19,2016-03-19,,"Plan de escape","Escape Plan",https://www.imdb.com/title/tt1211956/,Película,6.7,115,2013,"Acción, Suspense",272859,2013-12-05,"Mikael Håfström",6,2016-03-26
984,tt0362270,2016-03-24,2016-03-24,,"Life Aquatic","The Life Aquatic with Steve Zissou",https://www.imdb.com/title/tt0362270/,Película,7.2,119,2004,"Acción, Aventura, Comedia, Drama, Romance",222584,2005-03-23,"Wes Anderson",6,2016-03-25
985,tt0106881,2016-03-25,2016-03-25,,"Sin miedo a la vida","Fearless",https://www.imdb.com/title/tt0106881/,Película,7.0,122,1993,"Drama, Suspense",26474,1994-05-06,"Peter Weir",6,2016-03-26
986,tt0475290,2016-03-26,2016-03-26,,"¡Ave, César!","Hail, Caesar!",https://www.imdb.com/title/tt0475290/,Película,6.3,106,2016,"Comedia, Drama, Misterio",151184,2016-02-19,"Ethan Coen, Joel Coen",7,2016-03-26
987,tt1704573,2016-03-26,2016-03-26,,"Bernie","Bernie",https://www.imdb.com/title/tt1704573/,Película,6.8,99,2011,"Biografía, Comedia, Crimen, Drama",67770,2012-06-22,"Richard Linklater",7,2016-03-26
988,tt4866712,2016-03-28,2016-03-28,,"El pregón","El pregón",https://www.imdb.com/title/tt4866712/,Película,5.2,75,2016,"Comedia, Musical",1511,2016-03-18,"Dani de la Orden",7,2016-03-28
989,tt0116705,2016-03-28,2016-03-28,,"Un padre en apuros","Jingle All the Way",https://www.imdb.com/title/tt0116705/,Película,5.8,89,1996,"Aventura, Comedia, Familiar",131344,1996-12-04,"Brian Levant",5,2016-03-28
990,tt3063516,2016-03-29,2016-03-29,,"Abuelo malo","Bad Grandpa",https://www.imdb.com/title/tt3063516/,Película,6.5,92,2013,"Comedia",101511,2020-11-01,"Jeff Tremaine",7,2016-03-29
991,tt0425061,2016-03-30,2016-03-30,,"Superagente 86 de película","Get Smart",https://www.imdb.com/title/tt0425061/,Película,6.5,110,2008,"Acción, Aventura, Comedia",240920,2008-07-22,"Peter Segal",6,2016-03-30
992,tt3766424,2016-03-30,2016-03-30,,"Bad Grandpa.5","Bad Grandpa.5",https://www.imdb.com/title/tt3766424/,Vídeo,6.2,86,2013,"Documental, Comedia",6307,2013-12-11,"Jeff Tremaine",6,2016-03-30
993,tt0032553,2016-03-31,2016-03-31,,"El gran dictador","The Great Dictator",https://www.imdb.com/title/tt0032553/,Película,8.4,125,1940,"Comedia, Drama, Bélico",260788,1941-03-07,"Charles Chaplin",8,2016-03-31
994,tt0978762,2016-04-02,2016-04-02,,"Mary and Max","Mary and Max.",https://www.imdb.com/title/tt0978762/,Película,8.1,92,2009,"Animación, Comedia, Drama",203758,2017-05-10,"Adam Elliot",6,2016-04-02
995,tt2006295,2016-04-04,2016-04-04,,"Los 33: una historia de esperanza","The 33",https://www.imdb.com/title/tt2006295/,Película,6.9,127,2015,"Biografía, Drama, Historia",42157,2016-01-22,"Patricia Riggen",4,2016-04-05
996,tt0086879,2016-04-05,2016-04-05,,"Amadeus","Amadeus",https://www.imdb.com/title/tt0086879/,Película,8.4,160,1984,"Biografía, Drama, Música",474348,1985-03-08,"Miloš Forman",9,2016-04-06
997,tt1667889,2016-04-07,2016-04-07,,"Ice Age 4: La formación de los continentes","Ice Age: Continental Drift",https://www.imdb.com/title/tt1667889/,Película,6.5,88,2012,"Animación, Aventura, Comedia, Familiar",247008,2012-06-29,"Steve Martino, Michael Thurmeier",6,2024-12-14
998,tt1706593,2016-04-07,2016-04-07,,"Chronicle","Chronicle",https://www.imdb.com/title/tt1706593/,Película,7.0,89,2012,"Drama, Ciencia ficción, Suspense",280468,2012-03-02,"Josh Trank",5,2016-04-07
999,tt2719848,2016-04-08,2016-04-08,,"Everest","Everest",https://www.imdb.com/title/tt2719848/,Película,7.1,121,2015,"Aventura, Biografía, Drama, Suspense",249941,2015-09-18,"Baltasar Kormákur",7,2016-04-08
1000,tt1692928,2016-04-08,2016-04-08,,"The Last Lions","The Last Lions",https://www.imdb.com/title/tt1692928/,Película,8.2,88,2011,"Documental, Familiar",4521,2011-02-18,"Dereck Joubert",6,2024-12-14
1001,tt1352852,2016-04-12,2016-04-12,,"The Yes Men Fix the World","The Yes Men Fix the World",https://www.imdb.com/title/tt1352852/,Película,7.5,87,2009,"Documental, Comedia",5247,2009-08-07,"Andy Bichlbaum, Mike Bonanno, Kurt Engfehr",7,2016-04-12
1002,tt1549920,2016-04-14,2016-04-14,,"El último desafío","The Last Stand",https://www.imdb.com/title/tt1549920/,Película,6.3,107,2013,"Acción, Drama, Suspense, Del oeste",151320,2013-02-01,"Kim Jee-woon",5,2016-04-14
1003,tt3327994,2016-04-15,2016-04-15,,"Human","Human",https://www.imdb.com/title/tt3327994/,Película,8.6,190,2015,"Documental",9294,2016-08-12,"Yann Arthus-Bertrand",9,2016-04-15
1004,tt0825232,2016-04-18,2016-04-18,,"Ahora o nunca","The Bucket List",https://www.imdb.com/title/tt0825232/,Película,7.3,97,2007,"Aventura, Comedia, Drama",275599,2008-02-01,"Rob Reiner",7,2016-04-18
1005,tt1039960,2016-04-20,2016-04-20,,"Estômago","Estômago",https://www.imdb.com/title/tt1039960/,Película,7.8,113,2007,"Comedia, Crimen, Drama",10517,2008-12-19,"Marcos Jorge",8,2016-04-20
1006,tt3488710,2016-04-20,2016-04-20,,"El desafío (The Walk)","The Walk",https://www.imdb.com/title/tt3488710/,Película,7.3,123,2015,"Aventura, Biografía, Drama",142530,2015-12-25,"Robert Zemeckis",8,2016-04-22
1007,tt3733774,2016-04-24,2016-04-24,,"Policías corruptos","The Trust",https://www.imdb.com/title/tt3733774/,Película,5.5,92,2016,"Acción, Crimen, Drama, Misterio, Suspense",22183,2016-05-13,"Alex Brewer, Benjamin Brewer",6,2016-04-24
1008,tt0050083,2016-04-26,2016-04-26,,"12 hombres sin piedad","12 Angry Men",https://www.imdb.com/title/tt0050083/,Película,9.0,96,1957,"Crimen, Drama",1006770,1957-04-10,"Sidney Lumet",8,2016-04-26
1009,tt0414387,2016-04-26,2016-04-26,,"Pride & Prejudice (Orgullo y prejuicio)","Pride & Prejudice",https://www.imdb.com/title/tt0414387/,Película,7.8,129,2005,"Drama, Romance",384077,2006-02-10,"Joe Wright",5,2016-04-26
1010,tt0137363,2016-04-27,2016-04-27,,"Arlington Road, temerás a tu vecino","Arlington Road",https://www.imdb.com/title/tt0137363/,Película,7.2,117,1999,"Acción, Crimen, Drama, Misterio, Suspense",100748,1999-05-14,"Mark Pellington",7,2016-04-27
1011,tt1431045,2016-05-02,2016-05-02,,"Deadpool","Deadpool",https://www.imdb.com/title/tt1431045/,Película,8.0,108,2016,"Acción, Comedia, Ciencia ficción",1274732,2016-02-19,"Tim Miller",8,2016-05-02
1012,tt1748179,2016-05-05,2016-05-05,,"Luces rojas","Red Lights",https://www.imdb.com/title/tt1748179/,Película,6.1,114,2012,"Drama, Fantasía, Misterio",71911,2012-03-02,"Rodrigo Cortés",6,2016-05-05
1013,tt0079367,2016-05-06,2016-05-06,,"Un loco anda suelto","The Jerk",https://www.imdb.com/title/tt0079367/,Película,7.1,94,1979,"Comedia",69501,1979-12-14,"Carl Reiner",6,2016-05-06
1014,tt0305669,2016-05-06,2016-05-06,,"Se montó la gorda","Bringing Down the House",https://www.imdb.com/title/tt0305669/,Película,5.7,105,2003,"Comedia",41585,2003-07-11,"Adam Shankman",5,2016-05-06
1015,tt3302594,2016-05-07,2016-05-07,,"El misterio de la felicidad","El misterio de la felicidad",https://www.imdb.com/title/tt3302594/,Película,6.1,92,2014,"Comedia, Drama, Romance",1133,2014-01-16,"Daniel Burman",6,2016-05-07
1016,tt2870648,2016-05-07,2016-05-07,,"Amy (la chica detrás del nombre)","Amy",https://www.imdb.com/title/tt2870648/,Película,7.8,128,2015,"Documental, Biografía, Música",58287,2015-07-17,"Asif Kapadia",8,2016-05-07
1017,tt1045778,2016-05-08,2016-05-08,,"Año uno","Year One",https://www.imdb.com/title/tt1045778/,Película,5.0,97,2009,"Comedia",109661,2009-08-28,"Harold Ramis",7,2016-05-08
1018,tt5465868,2016-05-09,2016-05-09,,"Me case con un boludo","Me casé con un boludo",https://www.imdb.com/title/tt5465868/,Película,5.5,100,2016,"Comedia, Romance",1852,2017-05-26,"Juan Taratuto",7,2016-05-09
1019,tt0118883,2016-05-11,2016-05-11,,"Conspiración","Conspiracy Theory",https://www.imdb.com/title/tt0118883/,Película,6.7,135,1997,"Acción, Crimen, Drama, Misterio, Suspense",115621,1997-11-13,"Richard Donner",5,2016-05-12
1020,tt1053810,2016-05-12,2016-05-12,,"El gran año","The Big Year",https://www.imdb.com/title/tt1053810/,Película,6.2,102,2011,"Comedia",51444,2012-06-08,"David Frankel",7,2016-05-12
1021,tt0120681,2016-05-16,2016-05-16,,"Desde el infierno","From Hell",https://www.imdb.com/title/tt0120681/,Película,6.7,122,2001,"Crimen, Terror, Misterio, Suspense",173430,2002-03-01,"Albert Hughes, Allen Hughes",7,2016-05-16
1022,tt3772576,2016-05-17,2016-05-17,,"Papeles en el viento","Papeles en el viento",https://www.imdb.com/title/tt3772576/,Película,6.1,98,2015,"Comedia, Drama, Deporte",1115,2015-01-08,"Juan Taratuto",6,2016-05-19
1023,tt3040964,2016-05-23,2016-05-23,,"El libro de la selva (The Jungle Book)","The Jungle Book",https://www.imdb.com/title/tt3040964/,Película,7.3,106,2016,"Animación, Acción, Aventura, Drama, Familiar, Fantasía, Musical",308447,2016-04-15,"Jon Favreau",8,2016-05-23
1024,tt0116999,2016-05-24,2016-05-24,,"La habitación de Marvin","Marvin's Room",https://www.imdb.com/title/tt0116999/,Película,6.7,98,1996,"Drama",32304,1997-03-21,"Jerry Zaks",7,2016-05-25
1025,tt2194499,2016-06-08,2016-06-08,,"Una cuestión de tiempo","About Time",https://www.imdb.com/title/tt2194499/,Película,7.8,123,2013,"Comedia, Drama, Fantasía, Romance, Ciencia ficción",443948,2013-10-18,"Richard Curtis",6,2016-06-09
1026,tt3381008,2016-06-12,2016-06-12,,"Agente contrainteligente","Grimsby",https://www.imdb.com/title/tt3381008/,Película,6.2,83,2016,"Acción, Aventura, Comedia, Crimen",121667,2016-03-18,"Louis Leterrier",7,2016-06-12
1027,tt2911666,2016-06-12,2016-06-12,,"John Wick (Otro día para matar)","John Wick",https://www.imdb.com/title/tt2911666/,Película,7.5,101,2014,"Acción, Crimen, Suspense",842681,2024-10-31,"Chad Stahelski",7,2016-06-12
1028,tt5462400,2016-06-18,2016-06-18,,"Capitán Kóblic","Kóblic",https://www.imdb.com/title/tt5462400/,Película,6.4,92,2016,"Crimen, Drama, Suspense",2560,2016-06-17,"Sebastián Borensztein",8,2016-06-18
1029,tt0100405,2016-06-19,2016-06-19,,"Pretty Woman","Pretty Woman",https://www.imdb.com/title/tt0100405/,Película,7.1,119,1990,"Comedia, Romance",412968,1990-10-10,"Garry Marshall",6,2016-06-20
1030,tt0338751,2016-06-20,2016-06-20,,"El aviador","The Aviator",https://www.imdb.com/title/tt0338751/,Película,7.5,170,2004,"Biografía, Drama",413836,2005-01-14,"Martin Scorsese",7,2016-06-20
1031,tt3464902,2016-06-27,2016-06-27,,"Langosta","The Lobster",https://www.imdb.com/title/tt3464902/,Película,7.1,119,2015,"Drama, Romance, Ciencia ficción, Suspense",338856,2015-12-04,"Yorgos Lanthimos",4,2017-08-19
1032,tt0095253,2016-06-29,2016-06-29,,"Dos cuñados desenfrenados","The Great Outdoors",https://www.imdb.com/title/tt0095253/,Película,6.6,91,1988,"Comedia",57085,1990-07-06,"Howard Deutch",6,2016-06-29
1033,tt3499096,2016-07-04,2016-07-04,,"El héroe de Berlín","Race",https://www.imdb.com/title/tt3499096/,Película,7.1,134,2016,"Biografía, Drama, Deporte",44375,2016-04-15,"Stephen Hopkins",6,2016-07-04
1034,tt0082484,2016-07-07,2016-07-07,,"En busca del fuego","La guerre du feu",https://www.imdb.com/title/tt0082484/,Película,7.3,100,1981,"Aventura, Drama",26835,1981-12-16,"Jean-Jacques Annaud",7,2016-07-07
1035,tt0790770,2016-07-11,2016-07-11,,"Miles Ahead","Miles Ahead",https://www.imdb.com/title/tt0790770/,Película,6.4,100,2015,"Biografía, Drama, Música, Romance",11112,2016-04-22,"Don Cheadle",6,2017-08-19
1036,tt0267490,2016-07-12,2016-07-12,,"Felicidades","Felicidades",https://www.imdb.com/title/tt0267490/,Película,7.3,100,2000,"Comedia, Drama",922,2003-01-24,"Lucho Bender",7,2026-03-04
1037,tt4897822,2016-07-14,2016-07-14,,"¿Qué invadimos ahora?","Where to Invade Next",https://www.imdb.com/title/tt4897822/,Película,7.5,120,2015,"Documental, Comedia",26624,2016-05-27,"Michael Moore",8,2016-07-14
1038,tt3544112,2016-07-19,2016-07-19,,"Sing Street","Sing Street",https://www.imdb.com/title/tt3544112/,Película,7.9,106,2016,"Comedia, Drama, Música, Musical, Romance",109258,2016-09-30,"John Carney",9,2016-07-19
1039,tt1708135,2016-07-21,2016-07-21,,"13 minutos para matar a Hitler","Elser",https://www.imdb.com/title/tt1708135/,Película,7.0,114,2015,"Biografía, Drama, Bélico",10706,2016-03-04,"Oliver Hirschbiegel",7,2016-07-21
1040,tt0361596,2016-07-26,2016-07-26,,"Fahrenheit 9/11","Fahrenheit 9/11",https://www.imdb.com/title/tt0361596/,Película,7.5,122,2004,"Documental, Drama, Bélico",135559,2004-07-23,"Michael Moore",8,2016-07-26
1041,tt0098213,2016-07-26,2016-07-26,,"Roger y yo","Roger & Me",https://www.imdb.com/title/tt0098213/,Película,7.5,91,1989,"Documental",28345,1989-12-20,"Michael Moore",8,2016-07-26
1042,tt0328828,2016-07-29,2016-07-29,,"American Pie: ¡Menuda boda!","American Wedding",https://www.imdb.com/title/tt0328828/,Película,6.3,96,2003,"Comedia",231346,2003-08-22,"Jesse Dylan",7,2016-07-29
1043,tt4226388,2016-08-01,2016-08-01,,"Victoria","Victoria",https://www.imdb.com/title/tt4226388/,Película,7.5,138,2015,"Crimen, Drama, Romance, Suspense",68079,2015-06-11,"Sebastian Schipper",7,2017-08-19
1044,tt2948472,2016-08-06,2016-08-06,,"Corazón de león","Corazón de León",https://www.imdb.com/title/tt2948472/,Película,6.6,94,2013,"Comedia, Drama, Romance",3302,2014-07-18,"Marcos Carnevale",3,2016-08-06
1045,tt2802144,2016-08-08,2016-08-08,,"Kingsman: Servicio secreto","Kingsman: The Secret Service",https://www.imdb.com/title/tt2802144/,Película,7.7,129,2014,"Acción, Aventura, Comedia, Suspense",785674,2015-02-27,"Matthew Vaughn",7,2017-08-19
1046,tt2277860,2016-08-16,2016-08-16,,"Buscando a Dory","Finding Dory",https://www.imdb.com/title/tt2277860/,Película,7.2,97,2016,"Animación, Aventura, Comedia, Familiar, Fantasía, Misterio",340874,2016-06-22,"Andrew Stanton, Angus MacLane",7,2016-08-16
1047,tt0095765,2016-08-16,2016-08-16,,"Cinema Paradiso","Nuovo Cinema Paradiso",https://www.imdb.com/title/tt0095765/,Película,8.5,174,1988,"Drama, Romance",321649,1989-12-18,"Giuseppe Tornatore",7,2018-03-07
1048,tt0138524,2016-08-23,2016-08-23,,"Crueldad intolerable","Intolerable Cruelty",https://www.imdb.com/title/tt0138524/,Película,6.3,100,2003,"Comedia, Crimen, Romance",106579,2003-10-24,"Joel Coen, Ethan Coen",7,2016-08-23
1049,tt2381335,2016-08-28,2016-08-28,,"Fed Up","Fed Up",https://www.imdb.com/title/tt2381335/,Película,7.7,92,2014,"Documental",12739,2014-01-19,"Stephanie Soechtig",7,2016-08-28
1050,tt1454029,2016-08-29,2016-08-29,,"Criadas y señoras","The Help",https://www.imdb.com/title/tt1454029/,Película,8.1,146,2011,"Drama",533840,2011-10-28,"Tate Taylor",8,2016-08-29
1051,tt0310793,2016-08-30,2016-08-30,,"Bowling for Columbine","Bowling for Columbine",https://www.imdb.com/title/tt0310793/,Película,7.9,120,2002,"Documental, Crimen, Drama",152828,2003-03-21,"Michael Moore",7,2018-12-22
1052,tt1185589,2016-09-01,2016-09-01,,"Café de los maestros","Café de los maestros",https://www.imdb.com/title/tt1185589/,Película,7.5,90,2008,"Documental, Musical",203,2008-06-26,"Miguel Kohan",8,2016-09-01
1053,tt2091935,2016-09-03,2016-09-03,,"Mr. Right","Mr. Right",https://www.imdb.com/title/tt2091935/,Película,6.3,95,2015,"Acción, Comedia, Crimen, Romance",66461,2016-05-01,"Paco Cabezas",6,2016-09-03
1054,tt3799694,2016-09-07,2016-09-07,,"Dos buenos tipos","The Nice Guys",https://www.imdb.com/title/tt3799694/,Película,7.4,116,2016,"Acción, Comedia, Crimen, Misterio, Suspense",426101,2016-06-10,"Shane Black",7,2016-09-07
1055,tt0097937,2016-09-18,2016-09-18,,"Mi pie izquierdo","My Left Foot: The Story of Christy Brown",https://www.imdb.com/title/tt0097937/,Película,7.8,103,1989,"Biografía, Drama",86135,1990-03-17,"Jim Sheridan",8,2016-09-18
1056,tt0477302,2016-09-18,2016-09-18,,"Tan fuerte, tan cerca","Extremely Loud & Incredibly Close",https://www.imdb.com/title/tt0477302/,Película,6.9,129,2011,"Aventura, Drama, Misterio",108449,2012-03-16,"Stephen Daldry",5,2016-09-28
1057,tt1661820,2016-09-22,2016-09-22,,"Cut Bank","Cut Bank",https://www.imdb.com/title/tt1661820/,Película,6.1,93,2014,"Crimen, Drama, Misterio, Suspense",14867,2015-08-21,"Matt Shakman",8,2016-09-22
1058,tt4513674,2016-09-25,2016-09-25,,"Café Society","Café Society",https://www.imdb.com/title/tt4513674/,Película,6.6,96,2016,"Comedia, Drama, Romance",85348,2016-08-26,"Woody Allen",7,2016-09-25
1059,tt1576458,2016-09-27,2016-09-27,,"San Martín: El cruce de Los Andes","San Martín: El cruce de Los Andes",https://www.imdb.com/title/tt1576458/,Película,6.9,90,2010,"Acción, Aventura, Biografía, Drama, Historia, Bélico",654,2010-04-07,"Leandro Ipiña",6,2016-09-27
1060,tt4034354,2016-09-28,2016-09-28,,"Swiss Army Man","Swiss Army Man",https://www.imdb.com/title/tt4034354/,Película,6.9,97,2016,"Comedia, Drama, Fantasía, Romance",143020,2017-06-27,"Daniel Kwan, Daniel Scheinert",7,2016-09-28
1061,tt0918940,2016-10-02,2016-10-02,,"La leyenda de Tarzán","The Legend of Tarzan",https://www.imdb.com/title/tt0918940/,Película,6.2,110,2016,"Acción, Aventura, Drama, Fantasía, Romance",199824,2016-07-22,"David Yates",6,2016-10-03
1062,tt1067583,2016-10-16,2016-10-16,,"Agua para elefantes","Water for Elephants",https://www.imdb.com/title/tt1067583/,Película,6.9,122,2011,"Drama, Romance",124787,2011-05-06,"Francis Lawrence",6,2016-10-16
1063,tt0102609,2016-10-17,2016-10-17,,"Con el dinero de los demás","Other People's Money",https://www.imdb.com/title/tt0102609/,Película,6.2,103,1991,"Comedia, Drama, Romance",10237,1991-10-18,"Norman Jewison",6,2016-10-17
1064,tt4139124,2016-10-20,2016-10-20,,"Keanu","Keanu",https://www.imdb.com/title/tt4139124/,Película,6.2,100,2016,"Acción, Comedia, Crimen",56193,2016-04-29,"Peter Atencio",7,2016-10-20
1065,tt3655414,2016-10-22,2016-10-22,,"Cien años de perdón","Cien años de perdón",https://www.imdb.com/title/tt3655414/,Película,6.2,96,2016,"Aventura, Crimen, Drama, Suspense",7825,2016-03-04,"Daniel Calparsoro",4,2016-10-22
1066,tt3553976,2016-11-05,2016-11-05,,"Captain Fantastic","Captain Fantastic",https://www.imdb.com/title/tt3553976/,Película,7.8,118,2016,"Aventura, Comedia, Drama",253839,2016-09-23,"Matt Ross",9,2017-08-19
1067,tt3904986,2016-11-06,2016-11-06,,"Hello I Am David!","Hello I Am David!",https://www.imdb.com/title/tt3904986/,Película,7.4,105,2015,"Documental, Biografía, Música",281,2015-10,"Cosima Lange",8,2016-11-06
1068,tt4698684,2016-11-10,2016-11-10,,"A la caza de los ñumanos","Hunt for the Wilderpeople",https://www.imdb.com/title/tt4698684/,Película,7.8,101,2016,"Aventura, Comedia, Drama, Familiar",156615,2016-03-31,"Taika Waititi",8,2016-11-10
1069,tt2582782,2016-11-15,2016-11-15,,"Comanchería","Hell or High Water",https://www.imdb.com/title/tt2582782/,Película,7.6,102,2016,"Crimen, Drama, Suspense, Del oeste",282541,2016-12-30,"David Mackenzie",7,2016-11-15
1070,tt1355631,2016-11-17,2016-11-17,,"Infiltrado","The Infiltrator",https://www.imdb.com/title/tt1355631/,Película,7.0,127,2016,"Biografía, Crimen, Drama, Suspense",85837,2016-12-16,"Brad Furman",7,2016-11-17
1071,tt0090967,2016-11-21,2016-11-21,,"Bajo el peso de la ley","Down by Law",https://www.imdb.com/title/tt0090967/,Película,7.6,107,1986,"Comedia, Crimen, Drama",59323,1999-03-12,"Jim Jarmusch",6,2016-11-21
1072,tt0119177,2016-11-25,2016-11-25,,"Gattaca","Gattaca",https://www.imdb.com/title/tt0119177/,Película,7.7,106,1997,"Drama, Ciencia ficción, Suspense",351607,1998-03-20,"Andrew Niccol",7,2016-11-25
1073,tt4562518,2016-11-26,2016-11-26,,"El ciudadano ilustre","El ciudadano ilustre",https://www.imdb.com/title/tt4562518/,Película,7.5,118,2016,"Comedia, Drama",14537,2016-11-11,"Mariano Cohn, Gastón Duprat",7,2016-11-26
1074,tt2005151,2016-12-01,2016-12-01,,"Juego de armas","War Dogs",https://www.imdb.com/title/tt2005151/,Película,7.1,114,2016,"Biografía, Comedia, Crimen, Drama, Bélico",309887,2016-09-09,"Todd Phillips",7,2016-12-01
1075,tt3263904,2016-12-05,2016-12-05,,"Sully","Sully",https://www.imdb.com/title/tt3263904/,Película,7.4,96,2016,"Biografía, Drama, Historia",327048,2016-11-04,"Clint Eastwood",7,2016-12-05
1076,tt2404435,2016-12-11,2016-12-11,,"Los siete magníficos","The Magnificent Seven",https://www.imdb.com/title/tt2404435/,Película,6.9,132,2016,"Acción, Aventura, Drama, Del oeste",249796,2016-09-23,"Antoine Fuqua",7,2016-12-11
1077,tt4520364,2016-12-15,2016-12-15,,"Morgan","Morgan",https://www.imdb.com/title/tt4520364/,Película,5.9,92,2016,"Acción, Terror, Ciencia ficción, Suspense",50211,2016-09-16,"Luke Scott",5,2016-12-15
1078,tt3521164,2016-12-17,2016-12-17,,"Vaiana","Moana",https://www.imdb.com/title/tt3521164/,Película,7.6,107,2016,"Animación, Aventura, Comedia, Familiar, Fantasía, Musical",451518,2016-12-02,"Ron Clements, John Musker, Don Hall, Chris Williams",8,2016-12-17
1079,tt0117631,2016-12-18,2016-12-18,,"Shine","Shine",https://www.imdb.com/title/tt0117631/,Película,7.6,105,1996,"Biografía, Drama, Música, Romance",59424,1997-01-27,"Scott Hicks",7,2016-12-18
1080,tt1935859,2016-12-19,2016-12-19,,"El hogar de Miss Peregrine para niños peculiares","Miss Peregrine's Home for Peculiar Children",https://www.imdb.com/title/tt1935859/,Película,6.7,127,2016,"Aventura, Drama, Familiar, Fantasía, Suspense",211538,2016-09-30,"Tim Burton",7,2016-12-19
1081,tt0172495,2016-12-20,2016-12-20,,"Gladiator (El gladiador)","Gladiator",https://www.imdb.com/title/tt0172495/,Película,8.5,155,2000,"Acción, Aventura, Drama",1887153,2000-05-17,"Ridley Scott",7,2016-12-20
1082,tt5680678,2016-12-23,2016-12-23,,"Inseparables","Inseparables",https://www.imdb.com/title/tt5680678/,Película,6.7,108,2016,"Comedia, Drama",1601,2017-07-21,"Marcos Carnevale",6,2016-12-23
1083,tt1809398,2016-12-26,2016-12-26,,"Invencible (Unbroken)","Unbroken",https://www.imdb.com/title/tt1809398/,Película,7.2,137,2014,"Biografía, Drama, Deporte, Bélico",200711,2014-12-25,"Angelina Jolie",5,2016-12-26
1084,tt4196848,2016-12-27,2016-12-27,,"Mr. Church","Mr. Church",https://www.imdb.com/title/tt4196848/,Película,7.6,104,2016,"Comedia, Drama",34986,2016-11-11,"Bruce Beresford",6,2016-12-27
1085,tt0087814,2016-12-29,2016-12-29,,"Non ci resta che piangere","Non ci resta che piangere",https://www.imdb.com/title/tt0087814/,Película,7.6,113,1984,"Comedia, Fantasía",8135,1984-12-20,"Roberto Benigni, Massimo Troisi",7,2016-12-29
1086,tt0110877,2016-12-30,2016-12-30,,"El cartero (y Pablo Neruda)","Il postino",https://www.imdb.com/title/tt0110877/,Película,7.8,108,1994,"Biografía, Comedia, Drama, Romance",42022,1995-11-03,"Michael Radford",7,2016-12-30
1087,tt3062096,2017-01-01,2017-01-01,,"Inferno","Inferno",https://www.imdb.com/title/tt3062096/,Película,6.2,121,2016,"Acción, Aventura, Crimen, Drama, Misterio, Suspense",204901,2016-10-14,"Ron Howard",7,2017-01-03
1088,tt2177771,2017-01-07,2017-01-07,,"Monuments Men","The Monuments Men",https://www.imdb.com/title/tt2177771/,Película,6.1,118,2014,"Biografía, Comedia, Drama, Bélico",149696,2014-02-21,"George Clooney",6,2017-01-07
1089,tt2611652,2017-01-09,2017-01-09,,"Corazón gigante","Fúsi",https://www.imdb.com/title/tt2611652/,Película,7.4,94,2015,"Drama, Romance",10501,2015-03-20,"Dagur Kári",7,2017-01-09
1090,tt0050706,2017-01-12,2017-01-12,,"Mi tío","Mon oncle",https://www.imdb.com/title/tt0050706/,Película,7.6,120,1958,"Comedia",25201,1958-10-14,"Jacques Tati",6,2017-01-13
1091,tt0120735,2017-01-14,2017-01-14,,"Lock & Stock","Lock, Stock and Two Smoking Barrels",https://www.imdb.com/title/tt0120735/,Película,8.1,107,1998,"Comedia, Crimen",655349,1999-04-09,"Guy Ritchie",8,2017-01-14
1092,tt4341582,2017-01-20,2017-01-20,,"La reina de Katwe","Queen of Katwe",https://www.imdb.com/title/tt4341582/,Película,7.4,124,2016,"Biografía, Drama, Deporte",20305,2016-09-30,"Mira Nair",7,2017-01-21
1093,tt0356485,2017-01-22,2017-01-22,,"Conversaciones con mamá","Conversaciones con mamá",https://www.imdb.com/title/tt0356485/,Película,7.2,90,2004,"Drama, Comedia",581,2005-01-14,"Santiago Carlos Oves",5,2017-01-22
1094,tt1386697,2017-01-24,2017-01-24,,"Escuadrón suicida","Suicide Squad",https://www.imdb.com/title/tt1386697/,Película,5.9,123,2016,"Acción, Aventura, Fantasía, Ciencia ficción",768089,2016-08-05,"David Ayer",6,2017-02-05
1095,tt0356721,2017-02-02,2017-02-02,,"Extrañas coincidencias","I Heart Huckabees",https://www.imdb.com/title/tt0356721/,Película,6.5,107,2004,"Comedia",67865,2005-08-12,"David O. Russell",8,2017-02-08
1096,tt0478304,2017-02-03,2017-02-03,,"El árbol de la vida","The Tree of Life",https://www.imdb.com/title/tt0478304/,Película,6.8,139,2011,"Drama, Fantasía",193674,2011-09-16,"Terrence Malick",4,2017-02-04
1097,tt0490215,2017-02-05,2017-02-05,,"Silencio","Silence",https://www.imdb.com/title/tt0490215/,Película,7.2,161,2016,"Drama, Historia",136462,2017-01-06,"Martin Scorsese",,
1098,tt0838221,2017-02-09,2017-02-09,,"Viaje a Darjeeling","The Darjeeling Limited",https://www.imdb.com/title/tt0838221/,Película,7.2,91,2007,"Aventura, Comedia, Drama",239050,2008-01-04,"Wes Anderson",7,2017-02-09
1099,tt1798603,2017-02-20,2017-02-20,,"Bad Santa 2","Bad Santa 2",https://www.imdb.com/title/tt1798603/,Película,5.6,92,2016,"Comedia, Crimen, Drama, Misterio",32067,2016-11-23,"Mark Waters",6,2017-02-20
1100,tt4975722,2017-03-02,2017-03-02,,"Moonlight","Moonlight",https://www.imdb.com/title/tt4975722/,Película,7.4,111,2016,"Drama",356625,2017-02-10,"Barry Jenkins",8,2017-03-02
1101,tt2471626,2017-03-07,2017-03-07,,"Imagine: Freddie Mercury: The Great Pretender","Imagine: Freddie Mercury: The Great Pretender",https://www.imdb.com/title/tt2471626/,Episodio de TV,7.6,107,2012,"Documental, Biografía, Historia",1244,2012-09-24,"Rhys Thomas",7,2017-03-07
1102,tt0070849,2017-03-09,2017-03-09,,"El último tango en París","Ultimo tango a Parigi",https://www.imdb.com/title/tt0070849/,Película,6.8,129,1972,"Drama, Romance",63322,1972-12-15,"Bernardo Bertolucci",8,2017-03-10
1103,tt3731562,2017-03-11,2017-03-11,,"Kong: La Isla Calavera","Kong: Skull Island",https://www.imdb.com/title/tt3731562/,Película,6.7,118,2017,"Acción, Aventura, Fantasía, Ciencia ficción",379636,2017-03-10,"Jordan Vogt-Roberts",7,2017-07-17
1104,tt3741834,2017-03-27,2017-03-27,,"Lion","Lion",https://www.imdb.com/title/tt3741834/,Película,8.0,118,2016,"Biografía, Drama",269540,2017-01-27,"Garth Davis",8,2017-03-27
1105,tt0270288,2017-03-28,2017-03-28,,"Confesiones de una mente peligrosa","Confessions of a Dangerous Mind",https://www.imdb.com/title/tt0270288/,Película,7.0,113,2002,"Biografía, Comedia, Crimen, Drama, Romance, Suspense",96342,2004-06-25,"George Clooney",8,2017-03-31
1106,tt1041829,2017-04-02,2017-04-02,,"La proposición","The Proposal",https://www.imdb.com/title/tt1041829/,Película,6.8,108,2009,"Comedia, Drama, Romance",404822,2009-07-10,"Anne Fletcher",6,2017-04-02
1107,tt0117913,2017-04-05,2017-04-05,,"Tiempo de matar","A Time to Kill",https://www.imdb.com/title/tt0117913/,Película,7.5,149,1996,"Crimen, Drama, Suspense",213066,1996-09-20,"Joel Schumacher",8,2017-04-07
1108,tt0114924,2017-04-14,2017-04-14,,"Mientras dormías","While You Were Sleeping",https://www.imdb.com/title/tt0114924/,Película,6.8,103,1995,"Comedia, Drama, Romance",129014,1995-09-04,"Jon Turteltaub",6,2017-04-14
1109,tt4276820,2017-04-24,2017-04-24,,"El fundador","The Founder",https://www.imdb.com/title/tt4276820/,Película,7.2,115,2016,"Biografía, Drama",209979,2017-03-10,"John Lee Hancock",7,2017-04-24
1110,tt4176826,2017-05-04,2017-05-04,,"Ha vuelto","Er ist wieder da",https://www.imdb.com/title/tt4176826/,Película,7.0,116,2015,"Comedia, Drama, Fantasía",54662,2015-10-08,"David Wnendt",7,2017-05-04
1111,tt6736782,2017-05-12,2017-05-12,,"Louis C.K. 2017","Louis C.K. 2017",https://www.imdb.com/title/tt6736782/,Especial de TV,7.6,74,2017,"Comedia",11353,2017-04-04,"Louis C.K.",7,2017-05-12
1112,tt5133308,2017-05-17,2017-05-17,,"Al final del túnel","Al final del túnel",https://www.imdb.com/title/tt5133308/,Película,7.0,120,2016,"Crimen, Drama, Suspense",16994,2016-08-12,"Rodrigo Grande",6,2017-07-11
1113,tt3470600,2017-05-21,2017-05-21,,"¡Canta!","Sing",https://www.imdb.com/title/tt3470600/,Película,7.1,108,2016,"Animación, Comedia, Familiar, Música",217610,2016-12-23,"Garth Jennings, Christophe Lourdelet",9,2017-05-21
1114,tt5125930,2017-05-24,2017-05-24,,"Era el Cielo","Era el Cielo",https://www.imdb.com/title/tt5125930/,Película,6.5,102,2016,"Drama, Suspense",2256,2016-09-22,"Marco Dutra",7,2017-05-24
1115,tt3137630,2017-05-27,2017-05-27,,"David Brent: Life on the Road","David Brent: Life on the Road",https://www.imdb.com/title/tt3137630/,Película,6.3,96,2016,"Comedia, Música",23277,2016-08-19,"Ricky Gervais",5,2017-05-27
1116,tt2763304,2017-05-31,2017-05-31,,"T2: Trainspotting","T2 Trainspotting",https://www.imdb.com/title/tt2763304/,Película,7.1,117,2017,"Comedia, Crimen, Drama",143168,2017-02-24,"Danny Boyle",7,2017-05-31
1117,tt4036488,2017-06-04,2017-06-04,,"Saving Banksy","Saving Banksy",https://www.imdb.com/title/tt4036488/,Película,6.8,80,2017,"Documental",1116,2017-01-13,"Colin M. Day",7,2017-06-04
1118,tt1291547,2017-06-08,2017-06-08,,"Cuando se acaba el porno","After Porn Ends",https://www.imdb.com/title/tt1291547/,Película,5.7,94,2012,"Documental",8326,2012-05-21,"Bryce Wagoner",6,2017-06-08
1119,tt5168832,2017-06-08,2017-06-08,,"After Porn Ends 2","After Porn Ends 2",https://www.imdb.com/title/tt5168832/,Película,5.5,90,2017,"Documental",2928,2017-03-28,"Bryce Wagoner",6,2017-06-08
1120,tt1212428,2017-06-18,2017-06-18,,"Z, la ciudad perdida","The Lost City of Z",https://www.imdb.com/title/tt1212428/,Película,6.6,141,2016,"Aventura, Biografía, Drama, Historia",107336,2017-05-05,"James Gray",7,2017-06-18
1121,tt4425200,2017-06-18,2017-06-18,,"John Wick: Pacto de sangre","John Wick: Chapter 2",https://www.imdb.com/title/tt4425200/,Película,7.4,122,2017,"Acción, Crimen, Suspense",580166,2017-04-21,"Chad Stahelski",7,2017-06-18
1122,tt0109506,2017-06-20,2017-06-20,,"El cuervo","The Crow",https://www.imdb.com/title/tt0109506/,Película,7.5,102,1994,"Acción, Crimen, Drama, Fantasía, Terror, Suspense",234105,1994-10-28,"Alex Proyas",8,2017-06-20
1123,tt0120737,2017-06-24,2017-06-24,,"El señor de los anillos: La comunidad del anillo","The Lord of the Rings: The Fellowship of the Ring",https://www.imdb.com/title/tt0120737/,Película,8.9,178,2001,"Aventura, Drama, Fantasía",2243158,2001-12-19,"Peter Jackson",7,2017-06-24
1124,tt0053604,2017-06-28,2017-06-28,,"El apartamento","The Apartment",https://www.imdb.com/title/tt0053604/,Película,8.3,125,1960,"Comedia, Drama, Romance",223606,1960-06-29,"Billy Wilder",7,2017-06-28
1125,tt0118531,2017-07-03,2017-07-03,,"187, más mentes peligrosas","One Eight Seven",https://www.imdb.com/title/tt0118531/,Película,6.6,119,1997,"Drama, Suspense",27344,1997-09-23,"Kevin Reynolds",6,2017-07-03
1126,tt4103686,2017-07-05,2017-07-05,,"Ciudad de Dios: 10 años después","Cidade de Deus: 10 Anos Depois",https://www.imdb.com/title/tt4103686/,Película,6.4,70,2013,"Documental",1593,2015-11-05,"Cavi Borges, Luciano Vidigal",7,2017-07-05
1127,tt3510480,2017-07-16,2017-07-16,,"Anacleto: Agente secreto","Anacleto: Agente secreto",https://www.imdb.com/title/tt3510480/,Película,6.1,93,2015,"Acción, Comedia, Suspense",4623,2015-09-04,"Javier Ruiz Caldera",5,2017-07-16
1128,tt0084512,2017-07-17,2017-07-17,,"Plata dulce","Plata dulce",https://www.imdb.com/title/tt0084512/,Película,7.3,97,1982,"Comedia, Drama",788,1982-07-08,"Fernando Ayala",7,2017-07-17
1129,tt3469046,2017-07-24,2017-07-24,,"Gru 3: Mi villano favorito","Despicable Me 3",https://www.imdb.com/title/tt3469046/,Película,6.3,90,2017,"Animación, Aventura, Comedia, Crimen, Familiar, Ciencia ficción",186749,2017-06-30,"Kyle Balda, Pierre Coffin, Eric Guillon",7,2017-07-24
1130,tt0119683,2017-07-24,2017-07-24,,"Los miserables: La leyenda nunca muere","Les Misérables",https://www.imdb.com/title/tt0119683/,Película,7.4,134,1998,"Crimen, Drama, Romance",44835,1998-10-09,"Bille August",6,2017-07-25
1131,tt0103850,2017-08-03,2017-08-03,,"Ciudadano Bob Roberts","Bob Roberts",https://www.imdb.com/title/tt0103850/,Película,7.0,102,1992,"Comedia, Drama",15052,1992-11-20,"Tim Robbins",8,2017-08-03
1132,tt2725962,2017-08-20,2017-08-20,,"Nuestro último verano en Escocia","What We Did on Our Holiday",https://www.imdb.com/title/tt2725962/,Película,6.9,95,2014,"Comedia, Drama",26372,2015-05-29,"Andy Hamilton, Guy Jenkin",7,2017-08-20
1133,tt1309472,2017-08-24,2017-08-24,,"Nacidas para sufrir","Nacidas para sufrir",https://www.imdb.com/title/tt1309472/,Película,6.4,103,2009,"Comedia",244,2010-02-12,"Miguel Albaladejo",7,2017-08-24
1134,tt5614612,2017-09-06,2017-09-06,,"Nieve negra","Nieve negra",https://www.imdb.com/title/tt5614612/,Película,6.2,90,2017,"Crimen, Drama, Misterio, Suspense",6369,2017-04-12,"Martín Hodara",6,2017-09-06
1135,tt0109446,2017-09-07,2017-09-07,,"El cliente","The Client",https://www.imdb.com/title/tt0109446/,Película,6.7,119,1994,"Crimen, Drama, Misterio, Suspense",87912,1994-09-16,"Joel Schumacher",7,2017-09-07
1136,tt4944658,2017-09-07,2017-09-07,,"El faro de las orcas","El faro de las orcas",https://www.imdb.com/title/tt4944658/,Película,6.7,110,2016,"Biografía, Drama, Romance",4420,2016-12-16,"Gerardo Olivares",4,2017-09-07
1137,tt5555502,2017-09-07,2017-09-07,,"El médico africano","Bienvenue à Marly-Gomont",https://www.imdb.com/title/tt5555502/,Película,7.0,96,2016,"Biografía, Comedia, Drama",12329,2017-04-21,"Julien Rambaldi",8,2017-09-07
1138,tt0099077,2017-09-08,2017-09-08,,"Despertares","Awakenings",https://www.imdb.com/title/tt0099077/,Película,7.8,121,1990,"Biografía, Drama",179230,1991-03-04,"Penny Marshall",8,2017-09-08
1139,tt0151804,2017-09-09,2017-09-09,,"Trabajo basura","Office Space",https://www.imdb.com/title/tt0151804/,Película,7.6,89,1999,"Comedia",312320,1999-06-11,"Mike Judge",6,2017-09-09
1140,tt0108330,2017-09-10,2017-09-10,,"Vida de este chico","This Boy's Life",https://www.imdb.com/title/tt0108330/,Película,7.2,115,1993,"Biografía, Drama",63205,1994-09-30,"Michael Caton-Jones",7,2017-09-10
1141,tt0452623,2017-09-14,2017-09-14,,"Adiós pequeña, adiós","Gone Baby Gone",https://www.imdb.com/title/tt0452623/,Película,7.6,114,2007,"Crimen, Drama, Misterio, Suspense",314030,2007-10-31,"Ben Affleck",7,2017-09-14
1142,tt7310906,2017-09-23,2017-09-23,,"Jerry Before Seinfeld","Jerry Before Seinfeld",https://www.imdb.com/title/tt7310906/,Especial de TV,7.0,62,2017,"Comedia",6407,2017-09-19,"Michael Bonfiglio",6,2017-09-23
1143,tt0898367,2017-10-04,2017-10-04,,"La carretera (The Road)","The Road",https://www.imdb.com/title/tt0898367/,Película,7.2,111,2009,"Drama, Suspense",274083,2010-02-05,"John Hillcoat",7,2017-10-04
1144,tt3967856,2017-10-06,2017-10-06,,"Okja","Okja",https://www.imdb.com/title/tt3967856/,Película,7.3,120,2017,"Acción, Aventura, Drama, Ciencia ficción",143556,2017-06-28,"Bong Joon Ho",8,2017-10-06
1145,tt1748122,2017-10-09,2017-10-09,,"Moonrise Kingdom","Moonrise Kingdom",https://www.imdb.com/title/tt1748122/,Película,7.7,94,2012,"Aventura, Comedia, Drama, Fantasía, Romance",385449,2012-06-15,"Wes Anderson",7,2013-09-03
1146,tt2390361,2017-10-09,2017-10-09,,"Sobran las palabras","Enough Said",https://www.imdb.com/title/tt2390361/,Película,7.0,93,2013,"Comedia, Drama, Romance",70800,2013-12-20,"Nicole Holofcener",7,2013-12-03
1147,tt1139328,2017-10-12,2017-10-12,,"El escritor (The Ghost Writer)","The Ghost Writer",https://www.imdb.com/title/tt1139328/,Película,7.2,128,2010,"Crimen, Drama, Misterio, Suspense",177820,2010-03-26,"Roman Polanski",7,2017-10-12
1148,tt0071315,2017-10-17,2017-10-17,,"Chinatown","Chinatown",https://www.imdb.com/title/tt0071315/,Película,8.1,130,1974,"Drama, Misterio, Suspense",380940,1974-12-16,"Roman Polanski",7,2017-10-18
1149,tt0288477,2017-10-19,2017-10-19,,"Ghost Ship","Ghost Ship",https://www.imdb.com/title/tt0288477/,Película,5.6,91,2002,"Terror, Misterio, Suspense",119600,2002-12-05,"Steve Beck",6,2017-10-21
1150,tt3450958,2017-10-21,2017-10-21,,"La guerra del planeta de los simios","War for the Planet of the Apes",https://www.imdb.com/title/tt3450958/,Película,7.4,140,2017,"Acción, Aventura, Drama, Ciencia ficción, Suspense",330857,2017-07-12,"Matt Reeves",8,2017-10-21
1151,tt0166924,2017-10-21,2017-10-21,,"Mulholland Drive","Mulholland Dr.",https://www.imdb.com/title/tt0166924/,Película,7.9,147,2001,"Drama, Misterio, Suspense",435498,2002-03-08,"David Lynch",8,2017-10-21
1152,tt0206634,2017-10-23,2017-10-23,,"Hijos de los hombres","Children of Men",https://www.imdb.com/title/tt0206634/,Película,7.9,109,2006,"Drama, Ciencia ficción, Suspense",573148,2006-10-20,"Alfonso Cuarón",6,2017-10-24
1153,tt1189340,2017-10-27,2017-10-27,,"El inocente (The Lincoln Lawyer)","The Lincoln Lawyer",https://www.imdb.com/title/tt1189340/,Película,7.3,118,2011,"Crimen, Drama, Misterio, Suspense",273322,2011-05-13,"Brad Furman",8,2017-10-28
1154,tt0101984,2017-10-28,2017-10-28,,"Caza de brujas","Guilty by Suspicion",https://www.imdb.com/title/tt0101984/,Película,6.6,105,1991,"Drama",10652,1993-04-07,"Irwin Winkler",7,2017-10-28
1155,tt0424823,2017-10-31,2017-10-31,,"Pelotas en juego","Balls of Fury",https://www.imdb.com/title/tt0424823/,Película,5.4,90,2007,"Comedia, Crimen, Deporte",47822,2007-12-21,"Robert Ben Garant",7,2017-10-31
1156,tt6522634,2017-11-02,2017-11-02,,"El otro hermano","El otro hermano",https://www.imdb.com/title/tt6522634/,Película,6.5,112,2017,"Crimen, Drama, Suspense",1890,2017-03-30,"Israel Adrián Caetano",8,2017-11-02
1157,tt0203119,2017-11-03,2017-11-03,,"Sexy Beast","Sexy Beast",https://www.imdb.com/title/tt0203119/,Película,7.3,89,2000,"Crimen, Drama, Suspense",77236,2002-03-08,"Jonathan Glazer",7,2017-11-03
1158,tt0094291,2017-11-07,2017-11-07,,"Wall Street","Wall Street",https://www.imdb.com/title/tt0094291/,Película,7.3,126,1987,"Crimen, Drama",176252,1988-04-08,"Oliver Stone",6,2017-11-08
1159,tt3296908,2017-11-08,2017-11-08,,"El hombre del corazón de hierro","HHhH",https://www.imdb.com/title/tt3296908/,Película,6.4,120,2017,"Acción, Biografía, Suspense, Bélico",20154,2017-07-07,"Cédric Jimenez",7,2017-11-11
1160,tt1289388,2017-11-09,2017-11-09,,"El corredor nocturno","El corredor nocturno",https://www.imdb.com/title/tt1289388/,Película,5.5,98,2009,"Suspense",426,2010-03-05,"Gerardo Herrero",7,2017-11-10
1161,tt0420509,2017-11-10,2017-11-10,,"El aura","El aura",https://www.imdb.com/title/tt0420509/,Película,7.1,134,2005,"Crimen, Drama, Suspense",15946,2005-10-21,"Fabián Bielinsky",5,2017-11-11
1162,tt0117666,2017-11-12,2017-11-12,,"El otro lado de la vida","Sling Blade",https://www.imdb.com/title/tt0117666/,Película,8.0,135,1996,"Drama",104953,1997-09-03,"Billy Bob Thornton",8,2017-11-12
1163,tt3674140,2017-11-18,2017-11-18,,"La sal de la Tierra","The Salt of the Earth",https://www.imdb.com/title/tt3674140/,Película,8.4,110,2014,"Documental, Biografía, Historia",25572,2014-11-14,"Juliano Ribeiro Salgado, Wim Wenders",7,2017-11-18
1164,tt5610362,2017-11-18,2017-11-18,,"Afacerea Est","Afacerea Est",https://www.imdb.com/title/tt5610362/,Película,7.3,87,2016,"Comedia, Drama",954,2016-10-28,"Igor Cobileanski",8,2017-11-18
1165,tt0219965,2017-11-22,2017-11-22,,"Bandits (Bandidos)","Bandits",https://www.imdb.com/title/tt0219965/,Película,6.5,123,2001,"Acción, Comedia, Crimen, Drama, Romance",75037,2002-01-04,"Barry Levinson",7,2017-11-22
1166,tt5088010,2017-11-25,2017-11-25,,"La dieta digital","Hilfe, wir sind offline!",https://www.imdb.com/title/tt5088010/,Película de TV,5.7,88,2016,"Comedia",126,2016-10-27,"Ingo Rasper",3,2017-11-25
1167,tt7214762,2017-11-27,2017-11-27,,"Jim y Andy","Jim & Andy: The Great Beyond - Featuring a Very Special, Contractually Obligated Mention of Tony Clifton",https://www.imdb.com/title/tt7214762/,Película,7.6,94,2017,"Documental",29224,2017-11-17,"Chris Smith",8,2017-11-27
1168,tt0067023,2017-11-30,2017-11-30,,"El diablo sobre ruedas","Duel",https://www.imdb.com/title/tt0067023/,Película de TV,7.6,90,1971,"Acción, Suspense",87216,1983-02-19,"Steven Spielberg",7,2017-11-30
1169,tt2380307,2017-12-02,2017-12-02,,"Coco","Coco",https://www.imdb.com/title/tt2380307/,Película,8.4,105,2017,"Animación, Aventura, Drama, Familiar, Fantasía, Música, Misterio",729845,2017-12-01,"Lee Unkrich, Adrian Molina",9,2017-12-02
1170,tt6895746,2017-12-10,2017-12-10,,"Fe de etarras","Fe de etarras",https://www.imdb.com/title/tt6895746/,Película,5.7,89,2017,"Comedia",3262,2017-10-12,"Borja Cobeaga",7,2017-12-10
1171,tt0088258,2017-12-11,2017-12-11,,"This Is Spinal Tap","This Is Spinal Tap",https://www.imdb.com/title/tt0088258/,Película,7.9,82,1984,"Comedia, Música",161913,1984-03-02,"Rob Reiner",6,2017-12-12
1172,tt5109784,2017-12-12,2017-12-12,,"¡Madre!","Mother!",https://www.imdb.com/title/tt5109784/,Película,6.6,121,2017,"Drama, Terror, Misterio",271314,2017-09-29,"Darren Aronofsky",8,2017-12-13
1173,tt6214928,2017-12-15,2017-12-15,,"1922","1922",https://www.imdb.com/title/tt6214928/,Película,6.2,102,2017,"Crimen, Drama, Terror, Misterio, Suspense",79918,2017-10-20,"Zak Hilditch",7,2017-12-15
1174,tt1396484,2017-12-21,2017-12-21,,"It","It",https://www.imdb.com/title/tt1396484/,Película,7.3,135,2017,"Terror",711891,2017-09-08,"Andy Muschietti",7,2017-12-21
1175,tt0095675,2017-12-23,2017-12-23,,"Mujeres al borde de un ataque de 'nervios'","Mujeres al borde de un ataque de nervios",https://www.imdb.com/title/tt0095675/,Película,7.5,88,1988,"Comedia, Drama",51423,1988-03-25,"Pedro Almodóvar",6,2017-12-23
1176,tt5657856,2018-01-03,2018-01-03,,"Brawl in Cell Block 99","Brawl in Cell Block 99",https://www.imdb.com/title/tt5657856/,Película,7.1,132,2017,"Crimen, Drama, Suspense",84245,2017-10-06,"S. Craig Zahler",7,2018-01-03
1177,tt3645068,2018-01-12,2018-01-12,,"Nat King Cole: Afraid of the Dark","Nat King Cole: Afraid of the Dark",https://www.imdb.com/title/tt3645068/,Película,7.0,94,2014,"Documental, Biografía, Música",531,2016-10-09,"Jon Brewer",8,2018-01-12
1178,tt0444653,2018-01-13,2018-01-13,,"Secretos de familia","Keeping Mum",https://www.imdb.com/title/tt0444653/,Película,6.8,99,2005,"Comedia, Crimen",38435,2006-01-27,"Niall Johnson",5,2018-01-13
1179,tt5536736,2018-01-13,2018-01-13,,"The Meyerowitz Stories (New and Selected)","The Meyerowitz Stories (New and Selected)",https://www.imdb.com/title/tt5536736/,Película,6.9,112,2017,"Comedia, Drama",57213,2017-10-13,"Noah Baumbach",6,2018-01-13
1180,tt0455590,2018-01-16,2018-01-16,,"El último rey de Escocia","The Last King of Scotland",https://www.imdb.com/title/tt0455590/,Película,7.6,123,2006,"Biografía, Drama, Historia, Suspense",207557,2007-02-23,"Kevin Macdonald",7,2018-01-16
1181,tt0318523,2018-01-17,2018-01-17,,"Un oso rojo","Un oso rojo",https://www.imdb.com/title/tt0318523/,Película,7.2,95,2002,"Crimen, Drama, Suspense",2709,2003-04-30,"Israel Adrián Caetano",7,2018-01-17
1182,tt2404311,2018-01-20,2018-01-20,,"Malavita","The Family",https://www.imdb.com/title/tt2404311/,Película,6.3,111,2013,"Comedia, Crimen, Suspense",129208,2013-11-15,"Luc Besson",7,2018-01-20
1183,tt0441909,2018-01-28,2018-01-28,,"Volver","Volver",https://www.imdb.com/title/tt0441909/,Película,7.6,121,2006,"Comedia, Drama",113890,2006-03-17,"Pedro Almodóvar",7,2018-01-28
1184,tt0319262,2018-01-30,2018-01-30,,"El día de mañana","The Day After Tomorrow",https://www.imdb.com/title/tt0319262/,Película,6.5,124,2004,"Acción, Aventura, Ciencia ficción, Suspense",518503,2004-05-28,"Roland Emmerich",6,2018-01-30
1185,tt6294822,2018-02-06,2018-02-06,,"Los archivos del Pentágono","The Post",https://www.imdb.com/title/tt6294822/,Película,7.2,116,2017,"Biografía, Drama, Historia, Suspense, Bélico",174142,2018-01-19,"Steven Spielberg",7,2018-02-06
1186,tt5126922,2018-02-07,2018-02-07,,"The Pirates of Somalia","The Pirates of Somalia",https://www.imdb.com/title/tt5126922/,Película,6.7,116,2017,"Biografía, Drama",12203,2017-12-08,"Bryan Buckley",7,2018-02-07
1187,tt3402236,2018-02-12,2018-02-12,,"Asesinato en el Orient Express","Murder on the Orient Express",https://www.imdb.com/title/tt3402236/,Película,6.5,114,2017,"Comedia, Crimen, Drama, Misterio, Suspense",325642,2017-11-24,"Kenneth Branagh",5,2018-02-13
1188,tt5027774,2018-02-22,2018-02-22,,"Tres anuncios en las afueras","Three Billboards Outside Ebbing, Missouri",https://www.imdb.com/title/tt5027774/,Película,8.1,115,2017,"Comedia, Crimen, Drama",617558,2018-01-12,"Martin McDonagh",8,2018-02-22
1189,tt5580390,2018-03-01,2018-03-01,,"La forma del agua","The Shape of Water",https://www.imdb.com/title/tt5580390/,Película,7.3,123,2017,"Drama, Fantasía, Romance, Ciencia ficción",481147,2018-02-16,"Guillermo del Toro",7,2018-03-07
1190,tt4555426,2018-03-06,2018-03-06,,"El instante más oscuro","Darkest Hour",https://www.imdb.com/title/tt4555426/,Película,7.4,125,2017,"Biografía, Drama, Historia, Bélico",246356,2018-01-12,"Joe Wright",6,2018-03-07
1191,tt2283362,2018-03-08,2018-03-08,,"Jumanji: Bienvenidos a la jungla","Jumanji: Welcome to the Jungle",https://www.imdb.com/title/tt2283362/,Película,6.9,119,2017,"Acción, Aventura, Comedia, Fantasía",513434,2017-12-22,"Jake Kasdan",5,2018-03-22
1192,tt4925292,2018-03-13,2018-03-13,,"Lady Bird","Lady Bird",https://www.imdb.com/title/tt4925292/,Película,7.4,94,2017,"Comedia, Drama",369973,2018-02-23,"Greta Gerwig",7,2018-03-15
1193,tt1389072,2018-03-15,2018-03-15,,"Una vida a lo grande","Downsizing",https://www.imdb.com/title/tt1389072/,Película,5.8,135,2017,"Drama, Fantasía, Ciencia ficción",139327,2017-12-22,"Alexander Payne",7,2018-03-20
1194,tt2333784,2018-03-17,2018-03-17,,"Los mercenarios 3","The Expendables 3",https://www.imdb.com/title/tt2333784/,Película,6.1,126,2014,"Acción, Aventura, Suspense",208125,2014-08-14,"Patrick Hughes",3,2018-03-17
1195,tt4686844,2018-03-21,2018-03-21,,"La muerte de Stalin","The Death of Stalin",https://www.imdb.com/title/tt4686844/,Película,7.3,107,2017,"Comedia, Drama, Historia",128683,2018-03-16,"Armando Iannucci",6,2018-03-21
1196,tt0083203,2018-03-22,2018-03-22,,"Tiempo de revancha","Tiempo de revancha",https://www.imdb.com/title/tt0083203/,Película,7.8,112,1981,"Drama, Suspense",1615,1981-07-30,"Adolfo Aristarain",7,2018-03-22
1197,tt1655460,2018-03-23,2018-03-23,,"Sácame del paraíso","Wanderlust",https://www.imdb.com/title/tt1655460/,Película,5.6,98,2012,"Comedia, Romance",83422,2012-06-15,"David Wain",8,2018-03-23
1198,tt5580036,2018-03-25,2018-03-25,,"Yo, Tonya","I, Tonya",https://www.imdb.com/title/tt5580036/,Película,7.5,119,2017,"Biografía, Comedia, Drama, Deporte",264289,2018-02-23,"Craig Gillespie",8,2018-03-25
1199,tt0085181,2018-03-26,2018-03-26,,"El arreglo","El arreglo",https://www.imdb.com/title/tt0085181/,Película,7.0,90,1983,"Drama, Suspense",308,1983-05-19,"Fernando Ayala",7,2018-03-26
1200,tt0116238,2018-03-27,2018-03-27,,"Eva Perón","Eva Perón",https://www.imdb.com/title/tt0116238/,Película,6.7,120,1996,"Biografía, Drama, Historia",573,1998-01-22,"Juan Carlos Desanzo",6,2018-03-27
1201,tt5294550,2018-03-28,2018-03-28,,"Todo el dinero del mundo","All the Money in the World",https://www.imdb.com/title/tt5294550/,Película,6.8,132,2017,"Biografía, Crimen, Drama, Historia, Misterio, Suspense",97423,2018-02-23,"Ridley Scott",8,2018-03-28
1202,tt0119008,2018-03-29,2018-03-29,,"Donnie Brasco","Donnie Brasco",https://www.imdb.com/title/tt0119008/,Película,7.7,127,1997,"Biografía, Crimen, Drama",361485,1997-03-19,"Mike Newell",7,2018-03-29
1203,tt3521126,2018-03-30,2018-03-30,,"The Disaster Artist","The Disaster Artist",https://www.imdb.com/title/tt3521126/,Película,7.3,104,2017,"Biografía, Comedia, Drama",173315,2017-12-29,"James Franco",8,2018-03-30
1204,tt5726616,2018-04-03,2018-04-03,,"Call Me by Your Name","Call Me by Your Name",https://www.imdb.com/title/tt5726616/,Película,7.8,132,2017,"Drama, Romance",365412,2018-01-26,"Luca Guadagnino",7,2018-04-03
1205,tt5742374,2018-04-09,2018-04-09,,"En realidad, nunca estuviste aquí","You Were Never Really Here",https://www.imdb.com/title/tt5742374/,Película,6.7,89,2017,"Crimen, Drama, Suspense",136715,2017-11-24,"Lynne Ramsay",7,2018-04-09
1206,tt5776858,2018-04-10,2018-04-10,,"El hilo invisible","Phantom Thread",https://www.imdb.com/title/tt5776858/,Película,7.4,130,2017,"Drama, Romance",164579,2018-02-02,"Paul Thomas Anderson",7,2018-04-10
1207,tt0086017,2018-04-13,2018-04-13,,"No habrá más penas ni olvido","No habrá más penas ni olvido",https://www.imdb.com/title/tt0086017/,Película,7.0,80,1983,"Comedia, Drama, Bélico",635,1984-06-06,"Héctor Olivera",6,2018-04-13
1208,tt0343737,2018-04-14,2018-04-14,,"El buen pastor","The Good Shepherd",https://www.imdb.com/title/tt0343737/,Película,6.7,167,2006,"Drama, Historia, Suspense",113524,2007-04-04,"Robert De Niro",7,2018-04-14
1209,tt0107206,2018-04-26,2018-04-26,,"En la línea de fuego","In the Line of Fire",https://www.imdb.com/title/tt0107206/,Película,7.2,128,1993,"Acción, Crimen, Drama, Suspense",124788,1993-10-22,"Wolfgang Petersen",7,2018-04-26
1210,tt0105323,2018-05-01,2018-05-01,,"Esencia de mujer","Scent of a Woman",https://www.imdb.com/title/tt0105323/,Película,8.0,156,1992,"Drama",376905,1993-03-12,"Martin Brest",7,2018-05-01
1211,tt7319532,2018-05-08,2018-05-08,,"27: El club de los malditos","27: El club de los malditos",https://www.imdb.com/title/tt7319532/,Película,3.6,80,2018,"Acción, Comedia, Crimen, Fantasía, Misterio",438,2018-01-04,"Nicanor Loreti",4,2018-06-12
1212,tt1713440,2018-05-08,2018-05-08,,"El hombre de las mil caras","El hombre de las mil caras",https://www.imdb.com/title/tt1713440/,Película,6.8,123,2016,"Biografía, Suspense",8936,2016-09-23,"Alberto Rodríguez",7,2018-05-08
1213,tt0120890,2018-05-15,2018-05-15,,"Juegos salvajes","Wild Things",https://www.imdb.com/title/tt0120890/,Película,6.6,108,1998,"Crimen, Drama, Misterio, Suspense",142428,1998-12-04,"John McNaughton",5,2018-05-16
1214,tt6060156,2018-05-19,2018-05-19,,"Toc Toc","Toc Toc",https://www.imdb.com/title/tt6060156/,Película,6.8,90,2017,"Comedia",23409,2017-10-06,"Vicente Villanueva",4,2018-06-12
1215,tt0087843,2018-05-27,2018-05-27,,"Érase una vez en América","C'era una volta in America",https://www.imdb.com/title/tt0087843/,Película,8.3,229,1984,"Crimen, Drama",412981,1985-01-24,"Sergio Leone",7,2018-05-27
1216,tt6101820,2018-05-27,2018-05-27,,"Perfectos desconocidos","Perfectos desconocidos",https://www.imdb.com/title/tt6101820/,Película,6.9,97,2017,"Comedia, Drama",16667,2017-12-01,"Álex de la Iglesia",6,2018-05-27
1217,tt0118607,2018-05-31,2018-05-31,,"Amistad","Amistad",https://www.imdb.com/title/tt0118607/,Película,7.3,155,1997,"Biografía, Drama, Historia",88861,1998-02-20,"Steven Spielberg",7,2018-05-31
1218,tt2133196,2018-06-06,2018-06-06,,"Born to Be Blue","Born to Be Blue",https://www.imdb.com/title/tt2133196/,Película,6.8,97,2015,"Biografía, Drama, Música, Romance",9882,2016-07-25,"Robert Budreau",7,2018-06-06
1219,tt4881806,2018-06-11,2018-06-11,,"Jurassic World: El reino caído","Jurassic World: Fallen Kingdom",https://www.imdb.com/title/tt4881806/,Película,6.2,128,2018,"Acción, Aventura, Ciencia ficción",388606,2018-06-07,"J.A. Bayona",8,2018-06-11
1220,tt1091722,2018-06-16,2018-06-16,,"Adventureland","Adventureland",https://www.imdb.com/title/tt1091722/,Película,6.8,107,2009,"Comedia, Drama, Romance",175563,2009-09-24,"Greg Mottola",7,2018-06-17
1221,tt2782692,2018-06-30,2018-06-30,,"La boda de Ali","Ali's Wedding",https://www.imdb.com/title/tt2782692/,Película,6.9,110,2017,"Comedia, Drama, Romance",5809,2017-08-31,"Jeffrey Walker",7,2018-06-30
1222,tt1677720,2018-07-05,2018-07-05,,"Ready Player One","Ready Player One",https://www.imdb.com/title/tt1677720/,Película,7.4,140,2018,"Acción, Aventura, Ciencia ficción",552734,2018-03-29,"Steven Spielberg",8,2018-07-06
1223,tt1020955,2018-07-08,2018-07-08,,"Fuera de carta","Fuera de carta",https://www.imdb.com/title/tt1020955/,Película,6.1,111,2008,"Comedia, Romance",2370,2008-04-11,"Nacho G. Velilla",6,2018-07-08
1224,tt5104604,2018-07-13,2018-07-13,,"Isla de perros","Isle of Dogs",https://www.imdb.com/title/tt5104604/,Película,7.8,101,2018,"Animación, Aventura, Comedia, Drama, Fantasía, Ciencia ficción",215146,2018-04-20,"Wes Anderson",8,2018-07-13
1225,tt0043949,2018-07-16,2018-07-16,,"Quo Vadis","Quo Vadis",https://www.imdb.com/title/tt0043949/,Película,7.1,171,1951,"Drama, Romance",18755,1951-12-25,"Mervyn LeRoy, Anthony Mann",7,2018-07-16
1226,tt5649144,2018-07-16,2018-07-16,,"The Florida Project","The Florida Project",https://www.imdb.com/title/tt5649144/,Película,7.6,111,2017,"Drama",149868,2018-02-09,"Sean Baker",6,2018-07-16
1227,tt4034228,2018-07-21,2018-07-21,,"Manchester frente al mar","Manchester by the Sea",https://www.imdb.com/title/tt4034228/,Película,7.8,137,2016,"Drama",364446,2017-02-03,"Kenneth Lonergan",8,2018-07-20
1228,tt5463162,2018-08-13,2018-08-13,,"Deadpool 2","Deadpool 2",https://www.imdb.com/title/tt5463162/,Película,7.6,119,2018,"Acción, Aventura, Comedia, Ciencia ficción",760028,2018-05-18,"David Leitch",8,2018-08-13
1229,tt4682788,2018-08-22,2018-08-22,,"Loving Pablo","Loving Pablo",https://www.imdb.com/title/tt4682788/,Película,6.4,123,2017,"Biografía, Crimen, Drama",24373,2018-03-09,"Fernando León de Aranoa",3,2018-11-19
1230,tt5610554,2018-08-25,2018-08-25,,"Tully","Tully",https://www.imdb.com/title/tt5610554/,Película,6.9,95,2018,"Comedia, Drama, Misterio",67105,2018-06-22,"Jason Reitman",7,2018-08-25
1231,tt5013056,2018-09-03,2018-09-03,,"Dunkerque","Dunkirk",https://www.imdb.com/title/tt5013056/,Película,7.8,106,2017,"Acción, Drama, Historia, Suspense, Bélico",829543,2017-07-21,"Christopher Nolan",7,2018-09-03
1232,tt5164214,2018-09-04,2018-09-04,,"Ocean's 8","Ocean's Eight",https://www.imdb.com/title/tt5164214/,Película,6.3,110,2018,"Comedia, Crimen, Suspense",265407,2018-07-06,"Gary Ross",6,2018-09-04
1233,tt7440432,2018-09-22,2018-09-22,,"Quincy","Quincy",https://www.imdb.com/title/tt7440432/,Película,7.6,124,2018,"Documental, Biografía",5823,2018-09-21,"Alan Hicks, Rashida Jones",8,2018-09-22
1234,tt3829266,2018-10-02,2018-10-02,,"Predator","The Predator",https://www.imdb.com/title/tt3829266/,Película,5.3,107,2018,"Acción, Aventura, Ciencia ficción, Suspense",165054,2018-09-14,"Shane Black",5,2018-10-02
1235,tt0064665,2018-10-03,2018-10-03,,"Cowboy de medianoche","Midnight Cowboy",https://www.imdb.com/title/tt0064665/,Película,7.8,113,1969,"Drama",133079,1969-05-25,"John Schlesinger",7,2018-10-03
1236,tt7207238,2018-10-06,2018-10-06,,"Jane","Jane",https://www.imdb.com/title/tt7207238/,Película,7.8,90,2017,"Documental, Biografía",6345,2017-11-24,"Brett Morgen",8,2018-10-06
1237,tt5121816,2018-10-09,2018-10-09,,"El bar","El bar",https://www.imdb.com/title/tt5121816/,Película,6.3,102,2017,"Terror, Suspense",30416,2017-03-24,"Álex de la Iglesia",6,2018-10-09
1238,tt7280898,2018-10-10,2018-10-10,,"22 de julio","22 July",https://www.imdb.com/title/tt7280898/,Película,6.8,143,2018,"Crimen, Drama, Historia, Suspense",41500,2018-10-10,"Paul Greengrass",7,2018-10-10
1239,tt2671706,2018-10-12,2018-10-12,,"Fences","Fences",https://www.imdb.com/title/tt2671706/,Película,7.2,139,2016,"Drama",126686,2017-02-24,"Denzel Washington",6,2018-10-12
1240,tt1458175,2018-10-20,2018-10-20,,"Los próximos tres días","The Next Three Days",https://www.imdb.com/title/tt1458175/,Película,7.3,133,2010,"Acción, Crimen, Drama, Romance, Suspense",217037,2011-01-05,"Paul Haggis",7,2018-10-20
1241,tt7349662,2018-10-28,2018-10-28,,"Infiltrado en el KKKlan","BlacKkKlansman",https://www.imdb.com/title/tt7349662/,Película,7.5,135,2018,"Biografía, Comedia, Crimen, Drama, Suspense",317992,2018-10-31,"Spike Lee",7,2018-10-28
1242,tt3766354,2018-11-05,2018-11-05,,"The Equalizer 2","The Equalizer 2",https://www.imdb.com/title/tt3766354/,Película,6.7,121,2018,"Acción, Crimen, Misterio, Suspense",234133,2018-08-10,"Antoine Fuqua",7,2018-11-07
1243,tt1727824,2018-11-09,2018-11-09,,"Bohemian Rhapsody","Bohemian Rhapsody",https://www.imdb.com/title/tt1727824/,Película,7.9,134,2018,"Biografía, Drama, Música",655750,2018-10-31,"Bryan Singer",8,2018-11-09
1244,tt4283892,2018-11-13,2018-11-13,,"Chasing Trane: The John Coltrane Documentary","Chasing Trane: The John Coltrane Documentary",https://www.imdb.com/title/tt4283892/,Película,7.3,99,2016,"Documental, Biografía, Historia, Música",2663,2017-04-14,"John Scheinfeld",7,2018-11-13
1245,tt0211915,2018-11-15,2018-11-15,,"Amélie","Le fabuleux destin d'Amélie Poulain",https://www.imdb.com/title/tt0211915/,Película,8.2,122,2001,"Comedia, Romance",848428,2001-10-19,"Jean-Pierre Jeunet",8,2018-11-15
1246,tt0217869,2018-11-15,2018-11-15,,"El protegido","Unbreakable",https://www.imdb.com/title/tt0217869/,Película,7.3,106,2000,"Drama, Misterio, Ciencia ficción, Suspense",472258,2001-01-12,"M. Night Shyamalan",6,2018-11-15
1247,tt6628394,2018-11-22,2018-11-22,,"Malos tiempos en El Royale","Bad Times at the El Royale",https://www.imdb.com/title/tt6628394/,Película,7.1,141,2018,"Crimen, Drama, Misterio, Suspense",181220,2018-11-16,"Drew Goddard",4,2018-12-13
1248,tt1270797,2018-12-01,2018-12-01,,"Venom","Venom",https://www.imdb.com/title/tt1270797/,Película,6.6,112,2018,"Acción, Aventura, Ciencia ficción",618809,2018-10-05,"Ruben Fleischer",7,2018-12-01
1249,tt1277953,2018-12-06,2018-12-06,,"Madagascar 3: De marcha por Europa","Madagascar 3: Europe's Most Wanted",https://www.imdb.com/title/tt1277953/,Película,6.8,95,2012,"Animación, Aventura, Comedia, Familiar",221923,2012-07-27,"Eric Darnell, Tom McGrath, Conrad Vernon",4,2018-12-06
1250,tt0281870,2018-12-20,2018-12-20,,"La fuga","La fuga",https://www.imdb.com/title/tt0281870/,Película,6.5,117,2001,"Crimen, Drama, Suspense",870,2001-10-11,"Eduardo Mignogna",6,2024-12-14
1251,tt8632862,2018-12-22,2018-12-22,,"Fahrenheit 11/9","Fahrenheit 11/9",https://www.imdb.com/title/tt8632862/,Película,7.2,128,2018,"Documental",21657,2018-09-21,"Michael Moore",7,2018-12-22
1252,tt6412452,2018-12-25,2018-12-25,,"La balada de Buster Scruggs","The Ballad of Buster Scruggs",https://www.imdb.com/title/tt6412452/,Película,7.2,133,2018,"Comedia, Drama, Musical, Misterio, Del oeste",187576,2018-11-16,"Ethan Coen, Joel Coen",8,2018-12-25
1253,tt0120663,2018-12-29,2018-12-29,,"Eyes Wide Shut","Eyes Wide Shut",https://www.imdb.com/title/tt0120663/,Película,7.5,159,1999,"Drama, Misterio, Suspense",440966,1999-09-17,"Stanley Kubrick",7,2018-12-29
1254,tt2452386,2018-12-30,2018-12-30,,"Los principios del cuidado","The Fundamentals of Caring",https://www.imdb.com/title/tt2452386/,Película,7.3,97,2016,"Comedia, Drama",88481,2016-06-24,"Rob Burnett",8,2018-12-31
1255,tt9495224,2019-01-04,2019-01-04,,"Black Mirror: Bandersnatch","Black Mirror: Bandersnatch",https://www.imdb.com/title/tt9495224/,Película,7.1,90,2018,"Drama, Fantasía, Misterio, Ciencia ficción, Suspense",144099,2018-12-28,"David Slade",6,2019-01-04
1256,tt2837574,2019-01-04,2019-01-04,,"The Old Man & the Gun","The Old Man & the Gun",https://www.imdb.com/title/tt2837574/,Película,6.7,93,2018,"Biografía, Comedia, Crimen, Drama, Romance",53110,2019-01-25,"David Lowery",7,2019-01-04
1257,tt9062342,2019-01-12,2019-01-12,,"El Potro, lo mejor del amor","El Potro, lo mejor del amor",https://www.imdb.com/title/tt9062342/,Película,5.2,122,2018,"Biografía, Drama, Música",859,2019-01-04,"Lorena Muñoz",6,2019-01-12
1258,tt0089841,2019-01-19,2019-01-19,,"El honor de los Prizzi","Prizzi's Honor",https://www.imdb.com/title/tt0089841/,Película,6.7,130,1985,"Comedia, Crimen, Drama, Romance",28920,1985-10-09,"John Huston",6,2019-01-19
1259,tt0094226,2019-01-26,2019-01-26,,"Los intocables de Eliot Ness","The Untouchables",https://www.imdb.com/title/tt0094226/,Película,7.8,119,1987,"Crimen, Drama, Suspense",357696,1987-10-02,"Brian De Palma",7,2019-01-26
1260,tt0078346,2019-02-05,2019-02-05,,"Superman","Superman: The Movie",https://www.imdb.com/title/tt0078346/,Película,7.4,143,1978,"Acción, Aventura, Ciencia ficción",209303,1979-02-08,"Richard Donner",7,2019-02-05
1261,tt7204348,2019-02-10,2019-02-10,,"El ángel","El ángel",https://www.imdb.com/title/tt7204348/,Película,6.9,118,2018,"Biografía, Crimen, Drama",12518,2018-10-31,"Luis Ortega",7,2019-02-10
1262,tt6343314,2019-02-17,2019-02-17,,"Creed II. La leyenda de Rocky","Creed II",https://www.imdb.com/title/tt6343314/,Película,7.1,130,2018,"Acción, Drama, Deporte",174788,2019-01-25,"Steven Caple Jr.",5,2019-02-20
1263,tt6966692,2019-02-21,2019-02-21,,"Green Book","Green Book",https://www.imdb.com/title/tt6966692/,Película,8.2,130,2018,"Biografía, Comedia, Drama, Música",706880,2019-02-01,"Peter Farrelly",8,2019-02-22
1264,tt6266538,2019-02-24,2019-02-24,,"El vicio del poder","Vice",https://www.imdb.com/title/tt6266538/,Película,7.2,132,2018,"Biografía, Comedia, Drama, Historia",177111,2019-01-11,"Adam McKay",7,2019-02-24
1265,tt1517451,2019-03-01,2019-03-01,,"Ha nacido una estrella","A Star Is Born",https://www.imdb.com/title/tt1517451/,Película,7.6,136,2018,"Drama, Música, Romance",453662,2018-10-05,"Bradley Cooper",7,2019-03-02
1266,tt7959026,2019-04-04,2019-04-04,,"Mula","The Mule",https://www.imdb.com/title/tt7959026/,Película,7.0,116,2018,"Crimen, Drama, Suspense",171334,2019-03-08,"Clint Eastwood",7,2019-04-04
1267,tt4003440,2019-04-06,2019-04-06,,"La casa de Jack","The House That Jack Built",https://www.imdb.com/title/tt4003440/,Película,6.8,152,2018,"Crimen, Drama, Terror",108317,2019-01-25,"Lars von Trier",7,2019-04-06
1268,tt0064276,2019-04-12,2019-04-12,,"Easy Rider (Buscando mi destino)","Easy Rider",https://www.imdb.com/title/tt0064276/,Película,7.2,95,1969,"Aventura, Drama",123785,1974-11-28,"Dennis Hopper",5,2019-04-13
1269,tt6793580,2019-04-21,2019-04-21,,"Campeones","Campeones",https://www.imdb.com/title/tt6793580/,Película,7.2,124,2018,"Comedia, Drama, Familiar, Deporte",13210,2018-04-06,"Javier Fesser",6,2019-04-21
1270,tt2737304,2019-05-13,2019-05-13,,"Bird Box: A ciegas","Bird Box",https://www.imdb.com/title/tt2737304/,Película,6.6,124,2018,"Terror, Misterio, Ciencia ficción",428422,2018-12-21,"Susanne Bier",7,2019-05-13
1271,tt0181865,2019-05-14,2019-05-14,,"Traffic","Traffic",https://www.imdb.com/title/tt0181865/,Película,7.5,147,2000,"Crimen, Drama, Suspense",232334,2001-02-09,"Steven Soderbergh",7,2019-05-14
1272,tt1058017,2019-05-17,2019-05-17,,"Increíble pero falso","The Invention of Lying",https://www.imdb.com/title/tt1058017/,Película,6.4,100,2009,"Comedia, Fantasía, Romance",158712,2010-04-30,"Ricky Gervais, Matthew Robinson",6,2019-05-17
1273,tt0112384,2019-05-20,2019-05-20,,"Apolo 13","Apollo 13",https://www.imdb.com/title/tt0112384/,Película,7.7,140,1995,"Aventura, Drama, Historia",343694,1995-09-06,"Ron Howard",7,2019-05-20
1274,tt1860242,2019-05-27,2019-05-27,,"Emboscada final","The Highwaymen",https://www.imdb.com/title/tt1860242/,Película,6.9,132,2019,"Biografía, Crimen, Drama, Misterio, Suspense, Del oeste",115360,2019-03-29,"John Lee Hancock",7,2019-05-27
1275,tt6146586,2019-06-04,2019-06-04,,"John Wick: Capítulo 3 - Parabellum","John Wick: Chapter 3 - Parabellum",https://www.imdb.com/title/tt6146586/,Película,7.4,130,2019,"Acción, Crimen, Suspense",489477,2019-05-31,"Chad Stahelski",4,2019-06-25
1276,tt4400358,2019-06-25,2019-06-25,,"Marcus","Marcus",https://www.imdb.com/title/tt4400358/,Vídeo,7.6,97,2015,"Documental, Música",59,2015-01-26,"Patrick Savey",6,2019-06-25
1277,tt10147546,2019-06-27,2019-06-27,,"Homecoming: A Film by Beyoncé","Homecoming: A Film by Beyoncé",https://www.imdb.com/title/tt10147546/,Película,7.6,137,2019,"Documental, Música",8496,2019-04-17,"Beyoncé, Ed Burke",10,2020-12-05
1278,tt0837563,2019-06-27,2019-06-27,,"Cementerio de animales","Pet Sematary",https://www.imdb.com/title/tt0837563/,Película,5.7,100,2019,"Terror, Misterio, Suspense",107015,2019-04-05,"Kevin Kölsch, Dennis Widmyer",6,2019-06-27
1279,tt8695030,2019-06-30,2019-06-30,,"Los muertos no mueren","The Dead Don't Die",https://www.imdb.com/title/tt8695030/,Película,5.4,104,2019,"Acción, Comedia, Crimen, Drama, Fantasía, Terror, Misterio, Ciencia ficción, Suspense",104015,2019-06-28,"Jim Jarmusch",8,2019-06-30
1280,tt0100935,2019-08-14,2019-08-14,,"Corazón salvaje","Wild at Heart",https://www.imdb.com/title/tt0100935/,Película,7.2,125,1990,"Crimen, Drama, Suspense",113520,1991-02-01,"David Lynch",5,2019-08-16
1281,tt7131622,2019-08-15,2019-08-15,,"Érase una vez en... Hollywood","Once Upon a Time in... Hollywood",https://www.imdb.com/title/tt7131622/,Película,7.6,161,2019,"Comedia, Drama",981542,2019-08-15,"Quentin Tarantino",8,2019-08-15
1282,tt0468569,2019-08-18,2019-08-18,,"El caballero oscuro","The Dark Knight",https://www.imdb.com/title/tt0468569/,Película,9.1,152,2008,"Crimen, Suspense",3236869,2008-08-13,"Christopher Nolan",8,2019-08-18
1283,tt2283336,2019-08-20,2019-08-20,,"Men In Black: International","Men in Black: International",https://www.imdb.com/title/tt2283336/,Película,5.6,114,2019,"Acción, Aventura, Comedia, Ciencia ficción",163141,2019-06-14,"F. Gary Gray",6,2019-08-20
1284,tt2066051,2019-09-12,2019-09-12,,"Rocketman","Rocketman",https://www.imdb.com/title/tt2066051/,Película,7.3,121,2019,"Biografía, Drama, Música, Musical",212495,2019-05-31,"Dexter Fletcher",7,2019-09-12
1285,tt0770802,2019-09-13,2019-09-13,,"Samsara","Samsara",https://www.imdb.com/title/tt0770802/,Película,8.4,102,2011,"Documental, Música",40322,2012-08-23,"Ron Fricke",8,2019-09-13
1286,tt8663516,2019-09-18,2019-09-18,,"Muñeco diabólico (Child's Play)","Child's Play",https://www.imdb.com/title/tt8663516/,Película,5.7,90,2019,"Drama, Terror, Ciencia ficción, Suspense",61243,2019-06-28,"Lars Klevberg",6,2019-09-18
1287,tt1540133,2019-09-20,2019-09-20,,"El irlandés","The Guard",https://www.imdb.com/title/tt1540133/,Película,7.3,96,2011,"Comedia, Crimen, Suspense",102590,2012-07-20,"John Michael McDonagh",7,2019-09-20
1288,tt1234559,2019-09-20,2019-09-20,,"Chico Xavier","Chico Xavier",https://www.imdb.com/title/tt1234559/,Película,7.1,124,2010,"Biografía, Drama",2176,2010-04-02,"Daniel Filho",7,2019-09-20
1289,tt0119116,2019-09-27,2019-09-27,,"El quinto elemento","Le cinquième élément",https://www.imdb.com/title/tt0119116/,Película,7.6,126,1997,"Acción, Aventura, Ciencia ficción",552926,1997-05-30,"Luc Besson",6,2019-09-30
1290,tt7286456,2019-10-04,2019-10-04,,"Joker","Joker",https://www.imdb.com/title/tt7286456/,Película,8.3,122,2019,"Drama",1729927,2019-10-04,"Todd Phillips",8,2019-10-04
1291,tt0324133,2019-10-07,2019-10-07,,"Swimming Pool","Swimming Pool",https://www.imdb.com/title/tt0324133/,Película,6.7,102,2003,"Crimen, Drama, Misterio, Suspense",51952,2003-10-24,"François Ozon",7,2019-10-07
1292,tt1356864,2019-10-15,2019-10-15,,"I'm Still Here","I'm Still Here",https://www.imdb.com/title/tt1356864/,Película,6.1,108,2010,"Comedia, Drama, Música",25105,2011-02-11,"Casey Affleck",6,2019-10-15
1293,tt0304532,2019-10-19,2019-10-19,,"País cerrado, teatro abierto","País cerrado, teatro abierto",https://www.imdb.com/title/tt0304532/,Película,7.3,80,1990,"Documental",9,1990-04-26,"Arturo Balassa",7,2019-10-19
1294,tt0080491,2019-10-20,2019-10-20,,"Calígula","Caligola",https://www.imdb.com/title/tt0080491/,Película,5.4,137,1979,"Drama, Historia",42326,1979-08-14,"Tinto Brass",7,2019-10-20
1295,tt9243946,2019-10-27,2019-10-27,,"El Camino. Una película de Breaking Bad","El Camino",https://www.imdb.com/title/tt9243946/,Película,7.3,122,2019,"Crimen, Drama, Suspense",353833,2019-10-11,"Vince Gilligan",8,2019-10-27
1296,tt1392170,2019-10-29,2019-10-29,,"Los juegos del hambre","The Hunger Games",https://www.imdb.com/title/tt1392170/,Película,7.2,142,2012,"Acción, Aventura, Ciencia ficción, Suspense",1097333,2012-04-20,"Gary Ross",7,2019-10-29
1297,tt1977786,2019-10-30,2019-10-30,,"El Representante de Dios","El Representante de Dios",https://www.imdb.com/title/tt1977786/,Película,7.4,,2011,"Biografía",15,2011-06-26,"Matías Gueilburt",7,2019-10-30
1298,tt7139936,2019-10-30,2019-10-30,,"Día de lluvia en Nueva York","A Rainy Day in New York",https://www.imdb.com/title/tt7139936/,Película,6.4,92,2019,"Comedia, Romance",59254,2019-10-11,"Woody Allen",8,2019-10-30
1299,tt7830574,2019-11-03,2019-11-03,,"Ricky Gervais: Humanity","Ricky Gervais: Humanity",https://www.imdb.com/title/tt7830574/,Especial de TV,8.0,79,2018,"Documental, Comedia",25423,2018-03-13,"John L. Spencer",8,2019-11-03
1300,tt7349950,2019-11-04,2019-11-04,,"It: Capítulo 2","It: Chapter Two",https://www.imdb.com/title/tt7349950/,Película,6.5,169,2019,"Drama, Fantasía, Terror",364109,2019-09-06,"Andy Muschietti",7,2019-11-04
1301,tt8526872,2019-11-08,2019-11-08,,"Yo soy Dolemite","Dolemite Is My Name",https://www.imdb.com/title/tt8526872/,Película,7.2,118,2019,"Biografía, Comedia, Drama",68677,2019-10-25,"Craig Brewer",7,2019-11-08
1302,tt0186908,2019-11-08,2019-11-08,,"The Search: La justicia de Sally","La búsqueda",https://www.imdb.com/title/tt0186908/,Película,5.8,89,1985,"Acción, Crimen, Drama, Suspense",186,1985-09-19,"Juan Carlos Desanzo",6,2019-11-08
1303,tt0100433,2019-11-11,2019-11-11,,"Las puertitas del señor López","Las puertitas del señor López",https://www.imdb.com/title/tt0100433/,Película,5.8,95,1988,"Comedia",89,1988-06-09,"Alberto Fischerman",5,2024-12-14
1304,tt2144939,2019-11-11,2019-11-11,,"Mussolini in Color","Mussolini in Color",https://www.imdb.com/title/tt2144939/,Serie de TV,,,2011,"Documental",0,2011-12-05,,,
1305,tt0097123,2019-11-11,2019-11-11,,"Delitos y faltas","Crimes and Misdemeanors",https://www.imdb.com/title/tt0097123/,Película,7.8,104,1989,"Comedia, Drama",63883,1990-03-06,"Woody Allen",7,2019-11-11
1306,tt4935462,2019-11-12,2019-11-12,,"Amazing Grace","Amazing Grace",https://www.imdb.com/title/tt4935462/,Película,7.5,89,2018,"Documental, Música",5527,2019-04-05,"Alan Elliott, Sydney Pollack",7,2019-11-12
1307,tt6105098,2019-11-14,2019-11-14,,"El rey león","The Lion King",https://www.imdb.com/title/tt6105098/,Película,6.8,118,2019,"Animación, Aventura, Drama, Familiar, Musical",296251,2019-07-19,"Jon Favreau",7,2019-11-14
1308,tt7681970,2019-11-15,2019-11-15,,"After Porn Ends 3","After Porn Ends 3",https://www.imdb.com/title/tt7681970/,Película,5.4,86,2018,"Documental",1871,2018-10-30,"Brittany Andrews",6,2019-11-15
1309,tt0070379,2019-11-19,2019-11-19,,"Malas calles","Mean Streets",https://www.imdb.com/title/tt0070379/,Película,7.1,112,1973,"Crimen, Drama, Suspense",130071,1977-12-24,"Martin Scorsese",7,2019-11-19
1310,tt0758758,2019-11-19,2019-11-19,,"Hacia rutas salvajes","Into the Wild",https://www.imdb.com/title/tt0758758/,Película,8.0,148,2007,"Aventura, Biografía, Drama",700470,2008-01-25,"Sean Penn",7,2019-11-19
1311,tt6450804,2019-11-21,2019-11-21,,"Terminator: Destino oscuro","Terminator: Dark Fate",https://www.imdb.com/title/tt6450804/,Película,6.2,128,2019,"Acción, Aventura, Ciencia ficción, Suspense",215469,2019-10-31,"Tim Miller",7,2019-11-21
1312,tt8453986,2019-11-25,2019-11-25,,"El cuento de las comadrejas","El cuento de las comadrejas",https://www.imdb.com/title/tt8453986/,Película,7.2,129,2019,"Comedia, Drama",4206,2019-07-12,"Juan José Campanella",5,2019-11-25
1313,tt0472043,2019-11-26,2019-11-26,,"Apocalypto","Apocalypto",https://www.imdb.com/title/tt0472043/,Película,7.9,139,2006,"Acción, Aventura, Drama, Suspense",365269,2007-01-19,"Mel Gibson",8,2019-11-27
1314,tt0106965,2019-12-02,2019-12-02,,"¡Liberad a Willy!","Free Willy",https://www.imdb.com/title/tt0106965/,Película,6.1,112,1993,"Aventura, Drama, Familiar",90505,1994-06-24,"Simon Wincer",6,2019-12-02
1315,tt1302006,2019-12-03,2019-12-03,,"El irlandés","The Irishman",https://www.imdb.com/title/tt1302006/,Película,7.8,209,2019,"Biografía, Crimen, Drama, Historia, Suspense",480915,2019-11-27,"Martin Scorsese",8,2019-12-05
1316,tt0091605,2019-12-06,2019-12-06,,"El nombre de la rosa","The Name of the Rose",https://www.imdb.com/title/tt0091605/,Película,7.7,130,1986,"Drama, Misterio, Suspense",128967,1986-12-19,"Jean-Jacques Annaud",6,2019-12-07
1317,tt7653254,2019-12-07,2019-12-07,,"Historia de un matrimonio","Marriage Story",https://www.imdb.com/title/tt7653254/,Película,7.9,137,2019,"Drama, Romance",376113,2019-12-06,"Noah Baumbach",8,2019-12-07
1318,tt0107614,2019-12-08,2019-12-08,,"Sra. Doubtfire: Papá de por vida","Mrs. Doubtfire",https://www.imdb.com/title/tt0107614/,Película,7.1,125,1993,"Comedia, Drama, Familiar",320815,1994-02-04,"Chris Columbus",8,2021-08-08
1319,tt0362526,2019-12-09,2019-12-09,,"Criminal","Criminal",https://www.imdb.com/title/tt0362526/,Película,6.4,87,2004,"Comedia, Crimen, Drama, Suspense",11495,2004-09-24,"Gregory Jacobs",5,2023-11-03
1320,tt0412019,2019-12-09,2019-12-09,,"Flores rotas","Broken Flowers",https://www.imdb.com/title/tt0412019/,Película,7.1,106,2005,"Comedia, Drama, Misterio, Romance",110830,2005-10-28,"Jim Jarmusch",6,2019-12-09
1321,tt0118760,2019-12-10,2019-12-10,,"The Boxer","The Boxer",https://www.imdb.com/title/tt0118760/,Película,7.0,113,1997,"Drama, Romance, Deporte",24006,1998-02-12,"Jim Sheridan",7,2019-12-10
1322,tt1234548,2019-12-12,2019-12-12,,"Los hombres que miraban fijamente a las cabras","The Men Who Stare at Goats",https://www.imdb.com/title/tt1234548/,Película,6.2,94,2009,"Comedia, Bélico",142721,2010-03-05,"Grant Heslov",6,2019-12-12
1323,tt0244130,2019-12-12,2019-12-12,,"Peperina","Peperina",https://www.imdb.com/title/tt0244130/,Película,4.4,93,1995,"Drama, Musical",69,1995-10-05,"Raúl de la Torre",5,2019-12-12
1324,tt0089670,2019-12-12,2019-12-12,,"Las vacaciones europeas de una chiflada familia americana","National Lampoon's European Vacation",https://www.imdb.com/title/tt0089670/,Película,6.2,95,1985,"Aventura, Comedia",75728,1986-06-30,"Amy Heckerling",6,2019-12-12
1325,tt0097958,2019-12-13,2019-12-13,,"¡Socorro! Ya es Navidad","National Lampoon's Christmas Vacation",https://www.imdb.com/title/tt0097958/,Película,7.5,97,1989,"Comedia",249346,2020-07-08,"Jeremiah S. Chechik",5,2019-12-14
1326,tt1103275,2019-12-14,2019-12-14,,"Two Lovers","Two Lovers",https://www.imdb.com/title/tt1103275/,Película,7.0,110,2008,"Drama, Romance",46564,2010-05-14,"James Gray",7,2019-12-14
1327,tt5052448,2019-12-16,2019-12-16,,"Déjame salir","Get Out",https://www.imdb.com/title/tt5052448/,Película,7.8,104,2017,"Terror, Misterio, Suspense",840749,2017-05-19,"Jordan Peele",7,2019-12-16
1328,tt1924396,2019-12-20,2019-12-20,,"La mejor oferta","La migliore offerta",https://www.imdb.com/title/tt1924396/,Película,7.7,131,2013,"Crimen, Drama, Misterio, Romance, Suspense",138868,2013-07-05,"Giuseppe Tornatore",8,2019-12-20
1329,tt5116302,2019-12-21,2019-12-21,,"Togo","Togo",https://www.imdb.com/title/tt5116302/,Película,7.9,113,2019,"Aventura, Biografía, Drama, Familiar, Historia",63330,2020-03-24,"Ericson Core",8,2019-12-21
1330,tt0098554,2019-12-22,2019-12-22,,"Solos con nuestro tío","Uncle Buck",https://www.imdb.com/title/tt0098554/,Película,7.1,100,1989,"Comedia",123329,1991-06-14,"John Hughes",6,2019-12-22
1331,tt4334266,2019-12-23,2019-12-23,,"Amor carnal","The Bad Batch",https://www.imdb.com/title/tt4334266/,Película,5.2,118,2016,"Acción, Terror, Misterio, Romance, Ciencia ficción",38307,2020-03-21,"Ana Lily Amirpour",7,2019-12-23
1332,tt0144117,2019-12-25,2019-12-25,,"Los elegidos","The Boondock Saints",https://www.imdb.com/title/tt0144117/,Película,7.6,108,1999,"Acción, Crimen, Suspense",264459,2000-09-22,"Troy Duffy",5,2019-12-26
1333,tt5247022,2019-12-27,2019-12-27,,"Paterson","Paterson",https://www.imdb.com/title/tt5247022/,Película,7.3,118,2016,"Comedia, Drama, Romance",96734,2016-12-07,"Jim Jarmusch",7,2019-12-27
1334,tt6259380,2019-12-27,2019-12-27,,"Código 8","Code 8",https://www.imdb.com/title/tt6259380/,Película,6.1,98,2019,"Acción, Crimen, Drama, Ciencia ficción, Suspense",58684,2019-12-06,"Jeff Chan",6,2019-12-27
1335,tt3147312,2019-12-28,2019-12-28,,"Desierto","Desierto",https://www.imdb.com/title/tt3147312/,Película,6.1,88,2015,"Acción, Aventura, Drama, Suspense",11541,2017-01-04,"Jonás Cuarón",7,2019-12-28
1336,tt8359848,2019-12-29,2019-12-29,,"Climax","Climax",https://www.imdb.com/title/tt8359848/,Película,6.9,97,2018,"Drama, Terror, Música, Suspense",91495,2018-09-19,"Gaspar Noé",7,2019-12-29
1337,tt4026034,2019-12-31,2019-12-31,,"Hired Gun","Hired Gun",https://www.imdb.com/title/tt4026034/,Película,7.2,98,2016,"Documental, Música",2412,2017-08-01,"Fran Strine",8,2019-12-31
1338,tt9063902,2020-01-01,2020-01-01,,"Vivir dos veces","Vivir dos veces",https://www.imdb.com/title/tt9063902/,Película,7.2,101,2019,"Comedia, Drama",7751,2019-09-06,"Maria Ripoll",7,2020-01-01
1339,tt11310004,2020-01-03,2020-01-03,,"Porta dos Fundos: A Primeira Tentação de Cristo","Porta dos Fundos: A Primeira Tentação de Cristo",https://www.imdb.com/title/tt11310004/,Película,5.0,46,2019,"Comedia",3669,2019-12-03,"Rodrigo Van Der Put",9,2020-01-03
1340,tt6938828,2020-01-04,2020-01-04,,"Van Gogh, a las puertas de la eternidad","At Eternity's Gate",https://www.imdb.com/title/tt6938828/,Película,6.9,111,2018,"Biografía, Drama, Historia",45138,2019-03-01,"Julian Schnabel",6,2020-01-04
1341,tt9476490,2020-01-08,2020-01-08,,"Porta dos Fundos: Se Beber, Não Ceie","Porta dos Fundos: Se Beber, Não Ceie",https://www.imdb.com/title/tt9476490/,Corto,6.4,44,2018,"Corto, Comedia",2507,2018-12-21,"Rodrigo Van Der Put",7,2020-01-08
1342,tt8404614,2020-01-17,2020-01-17,,"Los dos Papas","The Two Popes",https://www.imdb.com/title/tt8404614/,Película,7.6,125,2019,"Biografía, Drama",148289,2019-12-20,"Fernando Meirelles",8,2020-01-17
1343,tt2762506,2020-01-25,2020-01-25,,"Bacurau","Bacurau",https://www.imdb.com/title/tt2762506/,Película,7.3,131,2019,"Acción, Aventura, Drama, Terror, Misterio, Suspense, Del oeste",35516,2020-05-14,"Juliano Dornelles, Kleber Mendonça Filho",7,2020-01-25
1344,tt8786106,2020-01-31,2020-01-31,,"Porno para principiantes","Porno para principiantes",https://www.imdb.com/title/tt8786106/,Película,5.4,88,2018,"Comedia",687,2019-10-03,"Carlos Ameglio",8,2020-02-01
1345,tt10384744,2020-02-02,2020-02-02,,"La odisea de los giles","La odisea de los giles",https://www.imdb.com/title/tt10384744/,Película,7.2,116,2019,"Aventura, Comedia, Crimen, Drama, Historia, Suspense",15590,2019-11-29,"Sebastián Borensztein",8,2020-02-02
1346,tt6751668,2020-02-04,2020-02-04,,"Parásitos","Gisaengchung",https://www.imdb.com/title/tt6751668/,Película,8.5,132,2019,"Drama, Suspense",1201141,2019-10-25,"Bong Joon Ho",8,2020-02-04
1347,tt2584384,2020-02-04,2020-02-04,,"Jojo Rabbit","Jojo Rabbit",https://www.imdb.com/title/tt2584384/,Película,7.9,108,2019,"Comedia, Drama, Bélico",495643,2020-01-17,"Taika Waititi",7,2020-02-04
1348,tt5606664,2020-02-06,2020-02-06,,"Doctor Sueño","Doctor Sleep",https://www.imdb.com/title/tt5606664/,Película,7.3,152,2019,"Drama, Fantasía, Terror, Suspense",248972,2019-10-31,"Mike Flanagan",8,2020-02-06
1349,tt0385887,2020-02-07,2020-02-07,,"Huérfanos de Brooklyn","Motherless Brooklyn",https://www.imdb.com/title/tt0385887/,Película,6.8,144,2019,"Crimen, Drama, Misterio",66903,2019-12-05,"Edward Norton",6,2020-02-09
1350,tt8291806,2020-02-10,2020-02-10,,"Dolor y gloria","Dolor y gloria",https://www.imdb.com/title/tt8291806/,Película,7.5,113,2019,"Drama",67858,2019-03-22,"Pedro Almodóvar",6,2020-08-05
1351,tt3224458,2020-02-13,2020-02-13,,"Un amigo extraordinario","A Beautiful Day in the Neighborhood",https://www.imdb.com/title/tt3224458/,Película,7.2,109,2019,"Biografía, Drama, Familiar",96144,2020-08-21,"Marielle Heller",8,2020-02-14
1352,tt8946378,2020-02-14,2020-02-14,,"Puñales por la espalda (Knives Out)","Knives Out",https://www.imdb.com/title/tt8946378/,Película,7.9,130,2019,"Comedia, Crimen, Drama, Misterio, Suspense",893204,2019-11-29,"Rian Johnson",8,2020-02-14
1353,tt3513548,2020-03-07,2020-03-07,,"Richard Jewell","Richard Jewell",https://www.imdb.com/title/tt3513548/,Película,7.5,131,2019,"Biografía, Crimen, Drama",108939,2020-01-01,"Clint Eastwood",8,2020-03-07
1354,tt9358200,2020-03-20,2020-03-20,,"American Masters: Miles Davis: Birth of the Cool","American Masters: Miles Davis: Birth of the Cool",https://www.imdb.com/title/tt9358200/,Episodio de TV,7.4,114,2019,"Documental, Biografía",3304,2020-02-25,,8,2020-03-20
1355,tt7533152,2020-03-23,2020-03-23,,"El niño que domó el viento","The Boy Who Harnessed the Wind",https://www.imdb.com/title/tt7533152/,Película,7.6,113,2019,"Biografía, Drama, Historia",53807,2019-03-01,"Chiwetel Ejiofor",7,2020-03-23
1356,tt4181052,2020-03-26,2020-03-26,,"Special Correspondents","Special Correspondents",https://www.imdb.com/title/tt4181052/,Película,5.9,101,2016,"Comedia",27783,2016-04-29,"Ricky Gervais",4,2020-03-26
1357,tt0380599,2020-04-03,2020-04-03,,"Oliver Twist","Oliver Twist",https://www.imdb.com/title/tt0380599/,Película,6.8,130,2005,"Crimen, Drama",35913,2005-12-02,"Roman Polanski",7,2020-04-03
1358,tt0467406,2020-04-06,2020-04-06,,"Juno","Juno",https://www.imdb.com/title/tt0467406/,Película,7.4,96,2007,"Comedia, Drama",575957,2008-02-01,"Jason Reitman",7,2020-04-06
1359,tt7670212,2020-04-10,2020-04-10,,"El monstruo de St. Pauli","Der goldene Handschuh",https://www.imdb.com/title/tt7670212/,Película,6.7,115,2019,"Crimen, Drama, Terror, Suspense",22798,2019-12-20,"Fatih Akin",7,2020-04-10
1360,tt0121598,2020-04-10,2020-04-10,,"La nona","La nona",https://www.imdb.com/title/tt0121598/,Película,7.3,90,1979,"Comedia, Drama",565,1979-05-10,"Héctor Olivera",7,2020-04-10
1361,tt5536610,2020-04-11,2020-04-11,,"Vida privada","Private Life",https://www.imdb.com/title/tt5536610/,Película,7.2,123,2018,"Comedia, Drama",24051,2018-10-05,"Tamara Jenkins",6,2020-04-22
1362,tt5168192,2020-04-17,2020-04-17,,"Yo, Daniel Blake","I, Daniel Blake",https://www.imdb.com/title/tt5168192/,Película,7.8,100,2016,"Drama",68943,2016-10-28,"Ken Loach",5,2020-04-22
1363,tt2121382,2020-04-18,2020-04-18,,"Fuerza mayor","Turist",https://www.imdb.com/title/tt2121382/,Película,7.2,120,2014,"Comedia, Drama",73711,2015-02-27,"Ruben Östlund",6,2020-04-18
1364,tt1598778,2020-04-22,2020-04-22,,"Contagio","Contagion",https://www.imdb.com/title/tt1598778/,Película,6.8,106,2011,"Drama, Suspense",334706,2011-10-14,"Steven Soderbergh",7,2020-04-22
1365,tt0093894,2020-04-26,2020-04-26,,"Perseguido","The Running Man",https://www.imdb.com/title/tt0093894/,Película,6.6,101,1987,"Acción, Ciencia ficción, Suspense",193750,1988-04-29,"Paul Michael Glaser",6,2020-04-26
1366,tt0087803,2020-04-27,2020-04-27,,"1984","Nineteen Eighty-Four",https://www.imdb.com/title/tt0087803/,Película,7.0,113,1984,"Drama, Ciencia ficción",89830,1985-01-15,"Michael Radford",7,2020-04-27
1367,tt0066580,2020-04-28,2020-04-28,,"Woodstock","Woodstock",https://www.imdb.com/title/tt0066580/,Película,8.1,184,1970,"Documental, Historia, Música",19665,1975-05-17,"Michael Wadleigh",8,2020-04-28
1368,tt9139586,2020-04-29,2020-04-29,,"Arkansas","Arkansas",https://www.imdb.com/title/tt9139586/,Película,6.1,117,2020,"Acción, Crimen, Misterio, Suspense",16975,2020-08-02,"Clark Duke",6,2020-05-15
1369,tt0111149,2020-04-30,2020-04-30,,"Tumba abierta (Shallow Grave)","Shallow Grave",https://www.imdb.com/title/tt0111149/,Película,7.2,89,1994,"Crimen, Drama, Suspense",71761,1995-02-15,"Danny Boyle",7,2020-05-01
1370,tt10199590,2020-05-01,2020-05-01,,"Los miserables","Les Misérables",https://www.imdb.com/title/tt10199590/,Película,7.6,104,2019,"Crimen, Drama, Suspense",30933,2019-11-22,"Ladj Ly",8,2020-05-03
1371,tt0107507,2020-05-04,2020-05-04,,"Misterioso asesinato en Manhattan","Manhattan Murder Mystery",https://www.imdb.com/title/tt0107507/,Película,7.3,104,1993,"Comedia, Misterio",50259,1994-04-15,"Woody Allen",5,2020-05-06
1372,tt0097216,2020-05-07,2020-05-07,,"Haz lo que debas","Do the Right Thing",https://www.imdb.com/title/tt0097216/,Película,7.9,120,1989,"Comedia, Drama",126553,1989-10-03,"Spike Lee",6,2020-05-15
1373,tt0800325,2020-05-09,2020-05-09,,"The Dirt","The Dirt",https://www.imdb.com/title/tt0800325/,Película,7.0,107,2019,"Biografía, Comedia, Drama, Música",61603,2019-03-22,"Jeff Tremaine",6,2020-05-15
1374,tt0084329,2020-05-16,2020-05-16,,"La comedia sexual de una noche de verano","A Midsummer Night's Sex Comedy",https://www.imdb.com/title/tt0084329/,Película,6.6,88,1982,"Comedia",22135,1982-07-16,"Woody Allen",5,2020-05-27
1375,tt0100758,2020-05-17,2020-05-17,,"Tortugas Ninja","Teenage Mutant Ninja Turtles",https://www.imdb.com/title/tt0100758/,Película,6.8,93,1990,"Acción, Aventura, Comedia, Familiar, Ciencia ficción",113828,1990-11-30,"Steve Barron",7,2020-05-17
1376,tt0405296,2020-05-19,2020-05-19,,"A Scanner Darkly","A Scanner Darkly",https://www.imdb.com/title/tt0405296/,Película,7.0,100,2006,"Animación, Comedia, Crimen, Drama, Misterio, Ciencia ficción, Suspense",122727,2006-10-20,"Richard Linklater",5,2020-05-27
1377,tt1179056,2020-05-25,2020-05-25,,"Pesadilla en Elm Street. El origen","A Nightmare on Elm Street",https://www.imdb.com/title/tt1179056/,Película,5.2,95,2010,"Crimen, Drama, Terror, Misterio",116307,2010-07-23,"Samuel Bayer",5,2020-05-27
1378,tt0097243,2020-05-26,2020-05-26,,"Una árida estación blanca","A Dry White Season",https://www.imdb.com/title/tt0097243/,Película,7.0,106,1989,"Drama, Suspense",7024,1989-09-20,"Euzhan Palcy",8,2020-05-27
1379,tt0119167,2020-05-27,2020-05-27,,"Funny Games - Juegos divertidos","Funny Games",https://www.imdb.com/title/tt0119167/,Película,7.5,108,1997,"Crimen, Drama, Terror, Suspense",99879,1998-03-05,"Michael Haneke",8,2020-05-28
1380,tt1659337,2020-05-29,2020-05-29,,"Las ventajas de ser un marginado","The Perks of Being a Wallflower",https://www.imdb.com/title/tt1659337/,Película,7.9,103,2012,"Drama",607733,2013-02-08,"Stephen Chbosky",7,2020-05-29
1381,tt0096320,2020-06-01,2020-06-01,,"Los gemelos golpean dos veces","Twins",https://www.imdb.com/title/tt0096320/,Película,6.2,107,1988,"Comedia, Crimen",151240,1989-03-17,"Ivan Reitman",4,2020-06-03
1382,tt0160611,2020-06-03,2020-06-03,,"Criminal y decente","Ordinary Decent Criminal",https://www.imdb.com/title/tt0160611/,Película,6.3,93,2000,"Comedia, Crimen",14826,2000-07-28,"Thaddeus O'Sullivan",5,2020-06-06
1383,tt1285016,2020-06-04,2020-06-04,,"La red social","The Social Network",https://www.imdb.com/title/tt1285016/,Película,7.8,120,2010,"Biografía, Drama",831452,2010-10-15,"David Fincher",7,2020-06-04
1384,tt0063522,2020-06-08,2020-06-08,,"La semilla del diablo","Rosemary's Baby",https://www.imdb.com/title/tt0063522/,Película,8.0,137,1968,"Drama, Terror",261673,1968-06-12,"Roman Polanski",8,2020-06-08
1385,tt10948718,2020-06-11,2020-06-11,,"El robo del siglo","El robo del siglo",https://www.imdb.com/title/tt10948718/,Película,7.1,114,2020,"Acción, Biografía, Comedia, Crimen, Drama",12636,2021-07-02,"Ariel Winograd",7,2020-10-26
1386,tt0483925,2020-06-17,2020-06-17,,"Maten a Perón","Maten a Perón",https://www.imdb.com/title/tt0483925/,Película,7.5,74,2005,"Documental, Historia",12,2005-10-06,"Fernando Musante",7,2020-06-17
1387,tt1457767,2020-06-17,2020-06-17,,"Expediente Warren: The Conjuring","The Conjuring",https://www.imdb.com/title/tt1457767/,Película,7.5,112,2013,"Terror, Misterio, Suspense",634618,2013-07-19,"James Wan",7,2020-06-17
1388,tt0097239,2020-06-19,2020-06-19,,"Paseando a Miss Daisy","Driving Miss Daisy",https://www.imdb.com/title/tt0097239/,Película,7.3,99,1989,"Comedia, Drama",124870,1990-03-16,"Bruce Beresford",6,2020-06-19
1389,tt8201852,2020-06-21,2020-06-21,,"You Should Have Left","You Should Have Left",https://www.imdb.com/title/tt8201852/,Película,5.4,93,2020,"Terror, Misterio, Suspense",32169,2020-06-18,"David Koepp",5,2020-06-21
1390,tt9777644,2020-06-23,2020-06-23,,"Da 5 Bloods: Hermanos de armas","Da 5 Bloods",https://www.imdb.com/title/tt9777644/,Película,6.5,154,2020,"Aventura, Drama, Bélico",58033,2020-06-12,"Spike Lee",6,2020-06-25
1391,tt12327104,2020-06-26,2020-06-26,,"Eric Andre: Legalize Everything","Eric Andre: Legalize Everything",https://www.imdb.com/title/tt12327104/,Especial de TV,6.2,51,2020,"Comedia",2786,2020-06-23,"Eric Notarnicola",7,2020-06-26
1392,tt7549996,2020-07-19,2020-07-19,,"Judy","Judy",https://www.imdb.com/title/tt7549996/,Película,6.8,118,2019,"Biografía, Drama, Música, Romance",59037,2020-01-31,"Rupert Goold",7,2020-07-19
1393,tt0086993,2020-07-22,2020-07-22,,"Motín a bordo","The Bounty",https://www.imdb.com/title/tt0086993/,Película,7.1,132,1984,"Aventura, Drama, Historia, Romance",35500,1984-08-20,"Roger Donaldson",7,2020-07-22
1394,tt2920808,2020-07-23,2020-07-23,,"El misterio de God's Pocket","God's Pocket",https://www.imdb.com/title/tt2920808/,Película,6.1,88,2014,"Crimen, Drama",13482,2014-08-08,"John Slattery",8,2020-07-23
1395,tt0100157,2020-07-24,2020-07-24,,"Misery","Misery",https://www.imdb.com/title/tt0100157/,Película,7.8,107,1990,"Drama, Suspense",270166,1991-04-11,"Rob Reiner",8,2020-07-25
1396,tt0264472,2020-07-26,2020-07-26,,"Al límite de la verdad","Changing Lanes",https://www.imdb.com/title/tt0264472/,Película,6.5,98,2002,"Drama, Suspense",77615,2002-12-05,"Roger Michell",7,2020-07-26
1397,tt0093010,2020-07-27,2020-07-27,,"Atracción fatal","Fatal Attraction",https://www.imdb.com/title/tt0093010/,Película,6.9,119,1987,"Drama, Suspense",113252,1988-01-29,"Adrian Lyne",8,2020-07-27
1398,tt0918927,2020-07-30,2020-07-30,,"La duda (Doubt)","Doubt",https://www.imdb.com/title/tt0918927/,Película,7.5,104,2008,"Drama, Misterio",148877,2009-01-30,"John Patrick Shanley",7,2020-07-30
1399,tt0052357,2020-08-02,2020-08-02,,"De entre los muertos (Vertigo)","Vertigo",https://www.imdb.com/title/tt0052357/,Película,8.2,128,1958,"Misterio, Romance, Suspense",463748,1958-05-28,"Alfred Hitchcock",8,2020-08-03
1400,tt0033467,2020-08-02,2020-08-02,,"Ciudadano Kane","Citizen Kane",https://www.imdb.com/title/tt0033467/,Película,8.2,119,1941,"Drama, Misterio",497516,1941-09-05,"Orson Welles",7,2020-08-02
1401,tt0056869,2020-08-03,2020-08-03,,"Los pájaros","The Birds",https://www.imdb.com/title/tt0056869/,Película,7.6,119,1963,"Drama, Terror, Misterio, Romance",222625,1963-03-29,"Alfred Hitchcock",6,2020-08-05
1402,tt1126590,2020-08-05,2020-08-05,,"Big Eyes","Big Eyes",https://www.imdb.com/title/tt1126590/,Película,6.9,106,2014,"Biografía, Crimen, Drama, Romance",105520,2014-12-25,"Tim Burton",8,2020-08-06
1403,tt0120787,2020-08-06,2020-08-06,,"Un crimen perfecto","A Perfect Murder",https://www.imdb.com/title/tt0120787/,Película,6.6,107,1998,"Crimen, Drama, Suspense",99777,1998-10-22,"Andrew Davis",7,2020-08-06
1404,tt0096933,2020-08-09,2020-08-09,,"Black Rain","Black Rain",https://www.imdb.com/title/tt0096933/,Película,6.6,125,1989,"Acción, Crimen, Drama, Suspense",65757,1989-12-04,"Ridley Scott",6,2020-08-09
1405,tt0082085,2020-08-10,2020-08-10,,"Impacto","Blow Out",https://www.imdb.com/title/tt0082085/,Película,7.4,108,1981,"Crimen, Drama, Misterio, Suspense",78777,1982-02-17,"Brian De Palma",8,2020-08-11
1406,tt0075005,2020-08-11,2020-08-11,,"La profecía","The Omen",https://www.imdb.com/title/tt0075005/,Película,7.5,111,1976,"Terror, Misterio",148179,1976-11-08,"Richard Donner",8,2020-08-11
1407,tt0490204,2020-08-15,2020-08-15,,"En algún lugar de la memoria","Reign Over Me",https://www.imdb.com/title/tt0490204/,Película,7.4,124,2007,"Drama",106204,2007-06-29,"Mike Binder",7,2020-08-15
1408,tt0119256,2020-08-16,2020-08-16,,"Hard Eight, Sydney","Sydney",https://www.imdb.com/title/tt0119256/,Película,7.1,102,1996,"Crimen, Drama",60682,1998-07-31,"Paul Thomas Anderson",8,2020-08-16
1409,tt0108399,2020-08-19,2020-08-19,,"Amor a quemarropa","True Romance",https://www.imdb.com/title/tt0108399/,Película,7.9,119,1993,"Crimen, Drama, Romance, Suspense",264708,1993-11-12,"Tony Scott",8,2020-08-19
1410,tt0070047,2020-08-21,2020-08-21,,"El exorcista","The Exorcist",https://www.imdb.com/title/tt0070047/,Película,8.1,122,1973,"Terror",506199,1975-09-01,"William Friedkin",9,2020-08-22
1411,tt0105151,2020-08-22,2020-08-22,,"El juego de Hollywood (The Player)","The Player",https://www.imdb.com/title/tt0105151/,Película,7.5,124,1992,"Comedia, Crimen, Drama, Suspense",73258,1992-12-04,"Robert Altman",7,2020-08-22
1412,tt10915060,2020-08-25,2020-08-25,,"Crímenes de familia","Crímenes de familia",https://www.imdb.com/title/tt10915060/,Película,6.7,99,2020,"Crimen, Drama, Suspense",4969,2020-08-20,"Sebastián Schindel",7,2020-08-25
1413,tt0183845,2020-08-26,2020-08-26,,"Sálvese quien pueda","Sálvese quien pueda",https://www.imdb.com/title/tt0183845/,Película,5.3,90,1984,"Comedia",79,1984-07-05,"Enrique Carreras",6,2020-08-26
1414,tt0354899,2020-08-29,2020-08-29,,"La ciencia del sueño","La science des rêves",https://www.imdb.com/title/tt0354899/,Película,7.2,105,2006,"Comedia, Drama, Fantasía, Romance",72454,2007-02-09,"Michel Gondry",7,2020-08-29
1415,tt0101889,2020-09-03,2020-09-03,,"El rey pescador","The Fisher King",https://www.imdb.com/title/tt0101889/,Película,7.5,137,1991,"Comedia, Drama, Fantasía",97793,1992-01-17,"Terry Gilliam",8,2020-09-04
1416,tt0080569,2020-09-09,2020-09-09,,"A la caza","Cruising",https://www.imdb.com/title/tt0080569/,Película,6.5,102,1980,"Crimen, Drama, Misterio, Suspense",31604,1980-03-20,"William Friedkin",7,2020-09-09
1417,tt7939766,2020-09-11,2020-09-11,,"Estoy pensando en dejarlo","I'm Thinking of Ending Things",https://www.imdb.com/title/tt7939766/,Película,6.5,134,2020,"Drama, Suspense",112458,2020-09-04,"Charlie Kaufman",7,2020-09-11
1418,tt0116745,2020-09-12,2020-09-12,,"Kansas City","Kansas City",https://www.imdb.com/title/tt0116745/,Película,6.3,116,1996,"Crimen, Drama, Música, Suspense",5985,1997-01-30,"Robert Altman",7,2020-09-12
1419,tt11464826,2020-09-14,2020-09-14,,"El dilema de las redes","The Social Dilemma",https://www.imdb.com/title/tt11464826/,Película,7.6,94,2020,"Documental, Drama",95291,2020-09-09,"Jeff Orlowski-Yang",7,2020-09-14
1420,tt0068575,2020-09-15,2020-09-15,,"Fat City, ciudad dorada","Fat City",https://www.imdb.com/title/tt0068575/,Película,7.2,96,1972,"Drama, Deporte",11950,1972-07-26,"John Huston",7,2020-09-15
1421,tt0208874,2020-09-15,2020-09-15,,"Candidata al poder","The Contender",https://www.imdb.com/title/tt0208874/,Película,6.9,126,2000,"Drama, Suspense",26221,2001-05-11,"Rod Lurie",7,2020-09-15
1422,tt0103670,2020-09-19,2020-09-19,,"Corazón roto","American Heart",https://www.imdb.com/title/tt0103670/,Película,6.7,113,1992,"Crimen, Drama, Romance",3916,1994-05-13,"Martin Bell",8,2020-09-19
1423,tt0109303,2020-09-21,2020-09-21,,"Blown Away (Volar por los aires)","Blown Away",https://www.imdb.com/title/tt0109303/,Película,6.3,121,1994,"Acción, Crimen, Drama, Suspense",37282,1994-10-28,"Stephen Hopkins",6,2020-09-21
1424,tt0106525,2020-09-23,2020-09-23,,"El caso María Soledad","El caso María Soledad",https://www.imdb.com/title/tt0106525/,Película,5.7,125,1993,"Drama",100,1993-03-25,"Héctor Olivera",6,2020-09-23
1425,tt1077368,2020-09-25,2020-09-25,,"Sombras tenebrosas","Dark Shadows",https://www.imdb.com/title/tt1077368/,Película,6.2,113,2012,"Comedia, Fantasía, Terror",297007,2012-05-11,"Tim Burton",6,2020-09-25
1426,tt0047296,2020-10-02,2020-10-02,,"La ley del silencio","On the Waterfront",https://www.imdb.com/title/tt0047296/,Película,8.1,108,1954,"Crimen, Drama, Suspense",181612,1954-06-22,"Elia Kazan",7,2020-10-02
1427,tt5825380,2020-10-10,2020-10-10,,"Wonder Wheel","Wonder Wheel",https://www.imdb.com/title/tt5825380/,Película,6.2,101,2017,"Drama, Romance",33044,2017-12-22,"Woody Allen",8,2020-10-10
1428,tt12987894,2020-10-13,2020-10-13,,"El caso Watts: El padre homicida","American Murder: The Family Next Door",https://www.imdb.com/title/tt12987894/,Película,7.2,83,2020,"Documental, Crimen",38651,2020-09-30,"Jenny Popplewell",7,2020-10-13
1429,tt0108473,2020-10-14,2020-10-14,,"Secuestrada","The Vanishing",https://www.imdb.com/title/tt0108473/,Película,6.3,109,1993,"Drama, Terror, Misterio, Suspense",30901,1993-08-27,"George Sluizer",8,2020-10-14
1430,tt5788462,2020-10-15,2020-10-15,,"Rocco","Rocco",https://www.imdb.com/title/tt5788462/,Película,5.7,105,2016,"Documental",4508,2016-11-30,"Thierry Demaizière, Alban Teurlai",6,2020-10-15
1431,tt6792282,2020-10-16,2020-10-16,,"La noche de 12 años","La noche de 12 años",https://www.imdb.com/title/tt6792282/,Película,7.5,122,2018,"Aventura, Biografía, Crimen, Drama, Historia",11848,2018-11-23,"Álvaro Brechner",6,2020-10-17
1432,tt1070874,2020-10-19,2020-10-19,,"El juicio de los 7 de Chicago","The Trial of the Chicago 7",https://www.imdb.com/title/tt1070874/,Película,7.7,129,2020,"Drama, Historia, Suspense",207590,2020-10-16,"Aaron Sorkin",7,2020-10-20
1433,tt0054215,2020-10-22,2020-10-22,,"Psicosis","Psycho",https://www.imdb.com/title/tt0054215/,Película,8.5,109,1960,"Drama, Terror, Misterio, Suspense",796281,1960-09-08,"Alfred Hitchcock",8,2020-10-22
1434,tt13143964,2020-10-23,2020-10-23,,"Borat, película film secuela","Borat Subsequent Moviefilm: Delivery of Prodigious Bribe to American Regime for Make Benefit Once Glorious Nation of Kazakhstan",https://www.imdb.com/title/tt13143964/,Película,6.6,95,2020,"Comedia",167237,2020-10-23,"Jason Woliner",8,2020-10-23
1435,tt0272152,2020-11-02,2020-11-02,,"K-Pax: Un universo aparte","K-PAX",https://www.imdb.com/title/tt0272152/,Película,7.4,120,2001,"Drama, Misterio, Ciencia ficción",204435,2002-01-18,"Iain Softley",6,2020-11-07
1436,tt11827806,2020-12-04,2020-12-04,,"Corazón loco","Corazón loco",https://www.imdb.com/title/tt11827806/,Película,5.3,108,2020,"Comedia",1698,2020-09-09,"Marcos Carnevale",5,2020-12-04
1437,tt6087226,2020-12-15,2020-12-15,,"Coma","Koma",https://www.imdb.com/title/tt6087226/,Película,6.3,111,2019,"Acción, Aventura, Misterio, Ciencia ficción",13260,2020-01-30,"Nikita Argunov",5,2020-12-15
1438,tt13567480,2020-12-28,2020-12-28,,"A la mierda el 2020","Death to 2020",https://www.imdb.com/title/tt13567480/,Especial de TV,6.8,70,2020,"Comedia",41172,2020-12-27,"Al Campbell, Alice Mathias",7,2020-12-28
1439,tt1440345,2020-12-29,2020-12-29,,"Un lugar donde quedarse (This Must Be the Place)","This Must Be the Place",https://www.imdb.com/title/tt1440345/,Película,6.7,118,2011,"Aventura, Comedia, Drama",39147,2012-05-11,"Paolo Sorrentino",7,2020-12-29
1440,tt2948372,2021-01-12,2021-01-12,,"Soul","Soul",https://www.imdb.com/title/tt2948372/,Película,8.0,100,2020,"Animación, Aventura, Comedia, Drama, Familiar, Fantasía, Música",459310,2020-12-25,"Pete Docter, Kemp Powers",8,2021-01-12
1441,tt0106977,2021-01-14,2021-01-14,,"El fugitivo","The Fugitive",https://www.imdb.com/title/tt0106977/,Película,7.8,130,1993,"Acción, Crimen, Drama, Misterio, Suspense",351131,1993-09-24,"Andrew Davis",7,2021-01-14
1442,tt0119978,2021-01-20,2021-01-20,,"Legítima defensa, de John Grisham","The Rainmaker",https://www.imdb.com/title/tt0119978/,Película,7.2,135,1997,"Crimen, Drama, Suspense",93914,1998-03-02,"Francis Ford Coppola",8,2021-01-20
1443,tt0083907,2021-01-21,2021-01-21,,"Posesión infernal","The Evil Dead",https://www.imdb.com/title/tt0083907/,Película,7.3,85,1981,"Terror",257919,1983-12-21,"Sam Raimi",5,2021-01-21
1444,tt1674772,2021-01-27,2021-01-27,,"Todos tenemos un plan","Todos tenemos un plan",https://www.imdb.com/title/tt1674772/,Película,5.6,118,2012,"Crimen, Drama, Suspense",2210,2012-09-07,"Ana Piterbarg",6,2021-01-27
1445,tt9000224,2021-01-28,2021-01-28,,"The Assistant","The Assistant",https://www.imdb.com/title/tt9000224/,Película,6.3,87,2019,"Drama",30004,2021-02-26,"Kitty Green",6,2021-01-28
1446,tt0099763,2021-01-30,2021-01-30,,"Henry: Retrato de un asesino","Henry: Portrait of a Serial Killer",https://www.imdb.com/title/tt0099763/,Película,7.0,83,1986,"Biografía, Crimen, Drama, Terror, Suspense",45163,1991-02-06,"John McNaughton",8,2021-01-30
1447,tt0085210,2021-02-01,2021-02-01,,"Bad Boys","Bad Boys",https://www.imdb.com/title/tt0085210/,Película,7.2,123,1983,"Crimen, Drama, Suspense",19083,1983-03-25,"Rick Rosenthal",7,2021-02-01
1448,tt0311113,2021-02-07,2021-02-07,,"Master and Commander: Al otro lado del mundo","Master and Commander: The Far Side of the World",https://www.imdb.com/title/tt0311113/,Película,7.5,138,2003,"Acción, Aventura, Drama, Bélico",260145,2003-11-28,"Peter Weir",7,2021-02-07
1449,tt11287390,2021-02-08,2021-02-08,,"Al acecho","Al acecho",https://www.imdb.com/title/tt11287390/,Película,5.0,84,2019,"Suspense",422,2019-10-13,"Francisco D'Eufemia",6,2021-02-08
1450,tt7605922,2021-02-13,2021-02-13,,"Mi obra maestra","Mi obra maestra",https://www.imdb.com/title/tt7605922/,Película,7.1,104,2018,"Comedia, Drama",8547,2018-11-16,"Gastón Duprat",7,2021-02-13
1451,tt10612922,2021-02-18,2021-02-18,,"Una noche en Miami...","One Night in Miami...",https://www.imdb.com/title/tt10612922/,Película,7.1,114,2020,"Drama",36302,2021-01-15,"Regina King",8,2021-02-18
1452,tt0096316,2021-02-23,2021-02-23,,"Tucker, un hombre y su sueño","Tucker: The Man and His Dream",https://www.imdb.com/title/tt0096316/,Película,6.9,110,1988,"Biografía, Comedia, Drama",22917,1989-01-13,"Francis Ford Coppola",7,2021-02-23
1453,tt9046564,2021-02-28,2021-02-28,,"ReMastered: The Two Killings of Sam Cooke","ReMastered: The Two Killings of Sam Cooke",https://www.imdb.com/title/tt9046564/,Película de TV,7.2,74,2019,"Documental, Música",2691,2019-02-08,"Kelly Duane",8,2021-02-28
1454,tt9770150,2021-03-01,2021-03-01,,"Nomadland","Nomadland",https://www.imdb.com/title/tt9770150/,Película,7.3,107,2020,"Drama",222721,2021-03-26,"Chloé Zhao",7,2021-03-03
1455,tt1206543,2021-03-12,2021-03-12,,"La ley del más fuerte","Out of the Furnace",https://www.imdb.com/title/tt1206543/,Película,6.7,116,2013,"Crimen, Drama, Suspense",133766,2013-12-06,"Scott Cooper",7,2021-03-12
1456,tt4776998,2021-03-13,2021-03-13,,"La promesa","The Promise",https://www.imdb.com/title/tt4776998/,Película,6.1,133,2016,"Acción, Aventura, Drama, Bélico",180643,2017-06-02,"Terry George",8,2021-04-26
1457,tt0087027,2021-03-17,2021-03-17,,"Camila","Camila",https://www.imdb.com/title/tt0087027/,Película,6.9,107,1984,"Drama, Romance",1704,1985-05-27,"María Luisa Bemberg",6,2021-03-17
1458,tt3879176,2021-03-20,2021-03-20,,"Pasaje de vida","Pasaje de vida",https://www.imdb.com/title/tt3879176/,Película,6.5,100,2015,"Drama, Romance, Suspense",315,2017-12-15,"Diego Corsini",7,2021-03-20
1459,tt2059255,2021-03-21,2021-03-21,,"No","No",https://www.imdb.com/title/tt2059255/,Película,7.4,118,2012,"Drama, Historia",27339,2013-02-08,"Pablo Larraín",6,2021-03-24
1460,tt4726988,2021-03-26,2021-03-26,,"El fútbol o yo","El Fútbol o yo",https://www.imdb.com/title/tt4726988/,Película,5.3,100,2017,"Comedia, Familiar, Romance, Deporte",1135,2018-06-08,"Marcos Carnevale",2,2021-03-26
1461,tt5363618,2021-04-03,2021-04-03,,"Sound of Metal","Sound of Metal",https://www.imdb.com/title/tt5363618/,Película,7.7,120,2019,"Drama, Música",189571,2020-12-04,"Darius Marder",8,2021-04-03
1462,tt5034838,2021-04-05,2021-04-05,,"Godzilla vs. Kong","Godzilla vs. Kong",https://www.imdb.com/title/tt5034838/,Película,6.3,113,2021,"Acción, Ciencia ficción, Suspense",271676,2021-03-26,"Adam Wingard",5,2021-04-05
1463,tt4190530,2021-04-16,2021-04-16,,"Operación Anthropoid","Anthropoid",https://www.imdb.com/title/tt4190530/,Película,7.2,120,2016,"Acción, Drama, Historia, Romance, Suspense, Bélico",60937,2016-09-09,"Sean Ellis",8,2021-04-16
1464,tt10272386,2021-04-25,2021-04-25,,"El padre","The Father",https://www.imdb.com/title/tt10272386/,Película,8.2,97,2020,"Drama, Misterio",250681,2020-12-23,"Florian Zeller",7,2021-04-25
1465,tt0097965,2021-04-27,2021-04-27,,"Historias de Nueva York","New York Stories",https://www.imdb.com/title/tt0097965/,Película,6.4,124,1989,"Comedia, Drama, Romance",21135,1989-03-10,"Woody Allen, Francis Ford Coppola, Martin Scorsese",7,2021-04-27
1466,tt0765010,2021-05-03,2021-05-03,,"Brothers (Hermanos)","Brothers",https://www.imdb.com/title/tt0765010/,Película,7.1,105,2009,"Drama, Suspense, Bélico",177873,2010-03-18,"Jim Sheridan",7,2021-05-03
1467,tt0129794,2021-05-04,2021-05-04,,"Un burgués pequeño, muy pequeño","Un borghese piccolo piccolo",https://www.imdb.com/title/tt0129794/,Película,7.8,122,1977,"Comedia, Crimen, Drama, Suspense",3588,1977-03-17,"Mario Monicelli",7,2021-05-04
1468,tt4581310,2021-05-07,2021-05-07,,"El Inca","El Inca",https://www.imdb.com/title/tt4581310/,Película,6.5,128,2016,"Biografía, Drama, Romance",144,2016-11-25,"Ignacio Castillo Cottin",7,2021-05-07
1469,tt0311072,2021-05-11,2021-05-11,,"En la ciudad sin límites","En la ciudad sin límites",https://www.imdb.com/title/tt0311072/,Película,7.1,125,2002,"Drama",2166,2002-03-01,"Antonio Hernández",7,2021-05-11
1470,tt0116242,2021-05-11,2021-05-11,,"Todos dicen I Love You","Everyone Says I Love You",https://www.imdb.com/title/tt0116242/,Película,6.7,101,1996,"Comedia, Musical, Romance",41549,1997-02-26,"Woody Allen",8,2021-05-12
1471,tt0114938,2021-05-14,2021-05-14,,"Wild Bill","Wild Bill",https://www.imdb.com/title/tt0114938/,Película,5.8,97,1995,"Acción, Biografía, Drama, Del oeste",8942,1996-04-10,"Walter Hill",7,2021-05-15
1472,tt0340468,2021-05-15,2021-05-15,,"Ônibus 174","Ônibus 174",https://www.imdb.com/title/tt0340468/,Película,7.8,150,2002,"Documental, Crimen",9090,2003-08-30,"José Padilha, Felipe Lacerda",7,2021-05-15
1473,tt7888964,2021-05-17,2021-05-17,,"Nadie","Nobody",https://www.imdb.com/title/tt7888964/,Película,7.4,92,2021,"Acción, Crimen, Drama, Suspense",406480,2021-04-30,"Ilya Naishuller",8,2021-05-17
1474,tt0096018,2021-05-20,2021-05-20,,"Un lugar en ninguna parte","Running on Empty",https://www.imdb.com/title/tt0096018/,Película,7.6,116,1988,"Crimen, Drama, Música, Romance",20339,1988-09-09,"Sidney Lumet",7,2021-05-20
1475,tt0071935,2021-05-21,2021-05-21,,"Odessa","The ODESSA File",https://www.imdb.com/title/tt0071935/,Película,7.0,130,1974,"Drama, Suspense",13687,1975-12-11,"Ronald Neame",7,2021-05-21
1476,tt0088680,2021-05-23,2021-05-23,,"Jo, ¡qué noche!","After Hours",https://www.imdb.com/title/tt0088680/,Película,7.6,97,1985,"Comedia, Crimen, Drama, Suspense",101263,1986-05-26,"Martin Scorsese",7,2021-05-23
1477,tt0285742,2021-05-27,2021-05-27,,"Monster's Ball","Monster's Ball",https://www.imdb.com/title/tt0285742/,Película,7.0,111,2001,"Drama, Romance",98056,2002-04-05,"Marc Forster",8,2021-06-01
1478,tt0339806,2021-05-30,2021-05-30,,"Torremolinos 73","Torremolinos 73",https://www.imdb.com/title/tt0339806/,Película,6.5,91,2003,"Comedia, Drama",4285,2003-04-30,"Pablo Berger",7,2021-05-30
1479,tt0118880,2021-06-01,2021-06-01,,"Con Air (Convictos en el aire)","Con Air",https://www.imdb.com/title/tt0118880/,Película,6.9,115,1997,"Acción, Crimen, Suspense",343302,1997-06-17,"Simon West",4,2021-06-03
1480,tt0254686,2021-06-07,2021-06-07,,"La pianista","La pianiste",https://www.imdb.com/title/tt0254686/,Película,7.5,131,2001,"Drama, Música, Romance",83228,2001-10-26,"Michael Haneke",8,2021-06-07
1481,tt9315904,2021-06-09,2021-06-09,,"El año de la furia","El año de la furia",https://www.imdb.com/title/tt9315904/,Película,6.2,102,2020,"Suspense",535,2021-05-28,"Rafa Russo",8,2021-06-09
1482,tt10016180,2021-06-12,2021-06-12,,"Pequeños detalles","The Little Things",https://www.imdb.com/title/tt10016180/,Película,6.3,128,2021,"Crimen, Misterio, Suspense",147588,2021-02-26,"John Lee Hancock",8,2021-06-14
1483,tt0242587,2021-06-15,2021-06-15,,"L.I.E.","L.I.E.",https://www.imdb.com/title/tt0242587/,Película,7.1,97,2001,"Crimen, Drama",11302,2004-10-01,"Michael Cuesta",7,2021-06-15
1484,tt1176251,2021-06-26,2021-06-26,,"Gigantic","Gigantic",https://www.imdb.com/title/tt1176251/,Película,6.0,98,2008,"Comedia, Drama, Romance",10183,2009-06-19,"Matt Aselton",7,2021-06-26
1485,tt8405810,2021-07-05,2021-07-05,,"El amor menos pensado","El amor menos pensado",https://www.imdb.com/title/tt8405810/,Película,6.7,136,2018,"Comedia, Romance",2964,2018-11-30,"Juan Vera",7,2021-07-05
1486,tt0106469,2021-07-12,2021-07-12,,"Sangre por sangre","Bound by Honor",https://www.imdb.com/title/tt0106469/,Película,7.9,180,1993,"Biografía, Crimen, Drama",38397,1993-04-30,"Taylor Hackford",7,2021-07-12
1487,tt3480822,2021-07-15,2021-07-15,,"Viuda Negra","Black Widow",https://www.imdb.com/title/tt3480822/,Película,6.6,134,2021,"Acción, Aventura, Ciencia ficción",491433,2021-07-09,"Cate Shortland",5,2021-07-30
1488,tt5208252,2021-07-17,2021-07-17,,"Operation Finale","Operation Finale",https://www.imdb.com/title/tt5208252/,Película,6.6,122,2018,"Biografía, Drama, Historia, Suspense, Bélico",55063,2018-10-03,"Chris Weitz",5,2021-07-17
1489,tt8884430,2021-07-24,2021-07-24,,"Ecos de una era","Echo in the Canyon",https://www.imdb.com/title/tt8884430/,Película,7.0,82,2018,"Documental, Música",4338,2019-06-07,"Andrew Slater",7,2021-07-24
1490,tt0095963,2021-07-30,2021-07-30,,"Danko: Calor rojo","Red Heat",https://www.imdb.com/title/tt0095963/,Película,6.2,104,1988,"Acción, Comedia, Crimen, Suspense",82364,1988-10-06,"Walter Hill",6,2021-07-30
1491,tt0460890,2021-08-01,2021-08-01,,"Canción de Nueva York","The Only Living Boy in New York",https://www.imdb.com/title/tt0460890/,Película,6.4,89,2017,"Drama",20164,2017-07-27,"Marc Webb",8,2021-08-01
1492,tt0091554,2021-08-04,2021-08-04,,"A la mañana siguiente","The Morning After",https://www.imdb.com/title/tt0091554/,Película,5.9,103,1986,"Crimen, Misterio, Romance, Suspense",8017,1986-12-25,"Sidney Lumet",6,2021-08-04
1493,tt7638348,2021-08-17,2021-08-17,,"Muere otra vez","Boss Level",https://www.imdb.com/title/tt7638348/,Película,6.8,100,2020,"Acción, Aventura, Comedia, Misterio, Ciencia ficción, Suspense",92246,2021-08-04,"Joe Carnahan",7,2021-08-17
1494,tt0100842,2021-08-19,2021-08-19,,"La increíble verdad","The Unbelievable Truth",https://www.imdb.com/title/tt0100842/,Película,7.2,90,1989,"Comedia, Drama, Romance",6905,1990-11-08,"Hal Hartley",4,2021-08-19
1495,tt0118972,2021-08-24,2021-08-24,,"La sombra del diablo","The Devil's Own",https://www.imdb.com/title/tt0118972/,Película,6.2,111,1997,"Acción, Crimen, Drama, Suspense",79075,1997-03-13,"Alan J. Pakula",6,2021-08-24
1496,tt0317648,2021-09-12,2021-09-12,,"Océanos de fuego (Hidalgo)","Hidalgo",https://www.imdb.com/title/tt0317648/,Película,6.7,136,2004,"Acción, Aventura, Biografía, Drama, Deporte, Del oeste",89244,2004-03-12,"Joe Johnston",5,2021-09-12
1497,tt9777666,2021-09-17,2021-09-17,,"La guerra del mañana","The Tomorrow War",https://www.imdb.com/title/tt9777666/,Película,6.6,138,2021,"Acción, Aventura, Drama, Ciencia ficción, Suspense",258410,2021-07-02,"Chris McKay",8,2021-09-17
1498,tt1160419,2021-10-02,2021-10-02,,"Dune","Dune: Part One",https://www.imdb.com/title/tt1160419/,Película,8.0,155,2021,"Acción, Aventura, Drama, Ciencia ficción",1094490,2021-09-17,"Denis Villeneuve",6,2021-10-02
1499,tt5446610,2021-10-04,2021-10-04,,"El rey del Once","El rey del Once",https://www.imdb.com/title/tt5446610/,Película,5.8,82,2016,"Comedia, Drama, Romance",1356,2016-02-11,"Daniel Burman",4,2021-10-04
1500,tt9421570,2021-10-05,2021-10-05,,"Culpable","The Guilty",https://www.imdb.com/title/tt9421570/,Película,6.3,90,2021,"Crimen, Drama, Suspense",181343,2021-10-01,"Antoine Fuqua",7,2021-10-05
1501,tt10954652,2021-10-22,2021-10-22,,"Tiempo","Old",https://www.imdb.com/title/tt10954652/,Película,5.8,108,2021,"Drama, Misterio, Suspense",187286,2021-07-30,"M. Night Shyamalan",3,2021-10-23
1502,tt8579674,2021-10-23,2021-10-23,,"1917","1917",https://www.imdb.com/title/tt8579674/,Película,8.2,119,2019,"Drama, Bélico",788484,2020-01-10,"Sam Mendes",7,2021-10-23
1503,tt0107653,2021-10-24,2021-10-24,,"Indefenso","Naked",https://www.imdb.com/title/tt0107653/,Película,7.6,131,1993,"Comedia, Drama",49550,1994-07-08,"Mike Leigh",6,2021-10-24
1504,tt4972582,2021-10-29,2021-10-29,,"Múltiple","Split",https://www.imdb.com/title/tt4972582/,Película,7.3,117,2016,"Terror, Suspense",632669,2017-01-27,"M. Night Shyamalan",7,2021-10-29
1505,tt15469820,2021-11-17,2021-11-17,,"Britney vs. Spears","Britney vs Spears",https://www.imdb.com/title/tt15469820/,Película,6.4,93,2021,"Documental, Biografía, Crimen, Música",8691,2021-09-28,"Erin Lee Carr",7,2021-11-17
1506,tt0213149,2021-11-27,2021-11-27,,"Pearl Harbor","Pearl Harbor",https://www.imdb.com/title/tt0213149/,Película,6.3,183,2001,"Acción, Drama, Romance, Bélico",373435,2001-07-06,"Michael Bay",7,2021-11-27
1507,tt3026488,2021-12-02,2021-12-02,,"Cartas de Berlín","Alone in Berlin",https://www.imdb.com/title/tt3026488/,Película,6.5,103,2016,"Drama, Historia, Bélico",10718,2021-02-12,"Vincent Perez",7,2021-12-02
1508,tt11525644,2021-12-11,2021-12-11,,"Sin movimientos bruscos","No Sudden Move",https://www.imdb.com/title/tt11525644/,Película,6.4,115,2021,"Crimen, Drama, Misterio, Suspense",46389,2021-07-01,"Steven Soderbergh",7,2021-12-11
1509,tt0107315,2021-12-14,2021-12-14,,"Kika","Kika",https://www.imdb.com/title/tt0107315/,Película,6.5,114,1993,"Comedia",16183,1993-10-29,"Pedro Almodóvar",7,2021-12-14
1510,tt6495770,2021-12-18,2021-12-18,,"Action Point","Action Point",https://www.imdb.com/title/tt6495770/,Película,5.2,85,2018,"Comedia",12881,2018-06-01,"Tim Kirkby",6,2021-12-18
1511,tt11233960,2021-12-19,2021-12-19,,"Imperdonable","The Unforgivable",https://www.imdb.com/title/tt11233960/,Película,7.2,112,2021,"Crimen, Drama, Misterio",130166,2021-12-10,"Nora Fingscheidt",8,2021-12-19
1512,tt3022898,2021-12-20,2021-12-20,,"Betibú","Betibú",https://www.imdb.com/title/tt3022898/,Película,6.2,100,2014,"Crimen, Misterio, Suspense",1104,2014-09-12,"Miguel Cohan",7,2021-12-20
1513,tt12680684,2021-12-25,2021-12-25,,"Fue la mano de Dios","È stata la mano di Dio",https://www.imdb.com/title/tt12680684/,Película,7.3,130,2021,"Drama",55264,2021-12-15,"Paolo Sorrentino",8,2021-12-25
1514,tt11286314,2021-12-26,2021-12-26,,"No mires arriba","Don't Look Up",https://www.imdb.com/title/tt11286314/,Película,7.1,138,2021,"Comedia, Drama, Ciencia ficción",682932,2021-12-24,"Adam McKay",8,2021-12-26
1515,tt10838180,2021-12-29,2021-12-29,,"Matrix Resurrections","The Matrix Resurrections",https://www.imdb.com/title/tt10838180/,Película,5.6,148,2021,"Acción, Ciencia ficción",307474,2021-12-22,"Lana Wachowski",4,2022-01-01
1516,tt11271038,2022-02-26,2022-02-26,,"Licorice Pizza","Licorice Pizza",https://www.imdb.com/title/tt11271038/,Película,7.1,133,2021,"Comedia, Drama, Romance",164173,2022-02-11,"Paul Thomas Anderson",8,2022-02-26
1517,tt1877830,2022-03-09,2022-03-09,,"The Batman","The Batman",https://www.imdb.com/title/tt1877830/,Película,7.8,176,2022,"Acción, Crimen, Misterio",952532,2022-03-04,"Matt Reeves",7,2022-03-09
1518,tt2463208,2022-03-13,2022-03-13,,"El proyecto Adam","The Adam Project",https://www.imdb.com/title/tt2463208/,Película,6.7,106,2022,"Acción, Aventura, Comedia, Ciencia ficción",263180,2022-03-11,"Shawn Levy",7,2022-03-13
1519,tt1924245,2022-03-17,2022-03-17,,"Cry Macho","Cry Macho",https://www.imdb.com/title/tt1924245/,Película,5.7,104,2021,"Drama",37133,2021-09-24,"Clint Eastwood",4,2022-03-17
1520,tt11466222,2022-04-14,2022-04-14,,"Jackass Forever","Jackass Forever",https://www.imdb.com/title/tt11466222/,Película,6.8,96,2022,"Documental, Comedia",56375,2022-03-11,"Jeff Tremaine",7,2022-04-14
1521,tt16427718,2022-04-23,2022-04-23,,"All Hail","Granizo",https://www.imdb.com/title/tt16427718/,Película,5.7,118,2022,"Comedia, Drama",4583,2022-03-30,"Marcos Carnevale",4,2022-04-23
1522,tt8041270,2022-06-26,2022-06-26,,"Jurassic World: Dominion","Jurassic World: Dominion",https://www.imdb.com/title/tt8041270/,Película,5.6,147,2022,"Acción, Aventura, Ciencia ficción, Suspense",252187,2022-06-09,"Colin Trevorrow",7,2022-06-26
1523,tt0120815,2022-07-30,2022-07-30,,"Salvar al soldado Ryan","Saving Private Ryan",https://www.imdb.com/title/tt0120815/,Película,8.6,169,1998,"Drama, Bélico",1666550,1998-09-18,"Steven Spielberg",7,2022-07-30
1524,tt0790628,2022-08-06,2022-08-06,,"El increíble Burt Wonderstone","The Incredible Burt Wonderstone",https://www.imdb.com/title/tt0790628/,Película,5.9,100,2013,"Comedia",78776,2013-03-15,"Don Scardino",7,2022-08-06
1525,tt7475578,2022-08-08,2022-08-08,,"Múnich en vísperas de una guerra","Munich: The Edge of War",https://www.imdb.com/title/tt7475578/,Película,6.8,130,2021,"Biografía, Drama, Historia, Suspense",40359,2022-01-21,"Christian Schwochow",7,2022-08-08
1526,tt3420504,2022-08-09,2022-08-09,,"Finch","Finch",https://www.imdb.com/title/tt3420504/,Película,6.9,115,2021,"Aventura, Drama, Ciencia ficción",114200,2021-11-05,"Miguel Sapochnik",8,2022-08-10
1527,tt0365748,2022-08-11,2022-08-11,,"Zombies Party (Una noche... de muerte)","Shaun of the Dead",https://www.imdb.com/title/tt0365748/,Película,7.8,99,2004,"Comedia, Terror",645937,2004-10-29,"Edgar Wright",7,2022-08-12
1528,tt3704428,2022-08-12,2022-08-12,,"Elvis","Elvis",https://www.imdb.com/title/tt3704428/,Película,7.3,159,2022,"Biografía, Drama, Música",265323,2022-06-24,"Baz Luhrmann",7,2022-08-12
1529,tt5113044,2022-08-18,2022-08-18,,"Minions: El origen de Gru","Minions: The Rise of Gru",https://www.imdb.com/title/tt5113044/,Película,6.5,87,2022,"Animación, Aventura, Comedia, Crimen, Familiar, Ciencia ficción",109708,2022-07-01,"Kyle Balda, Brad Ableson, Jonathan del Val",7,2022-08-18
1530,tt4998632,2022-08-19,2022-08-19,,"Ambulance - Plan de huida","Ambulance",https://www.imdb.com/title/tt4998632/,Película,6.1,136,2022,"Acción, Aventura, Crimen, Drama, Suspense",115171,2022-04-13,"Michael Bay",4,2022-08-20
1531,tt0282698,2022-08-21,2022-08-21,,"Con amor, Liza","Love Liza",https://www.imdb.com/title/tt0282698/,Película,6.9,90,2002,"Comedia, Drama",9497,2003-05-09,"Todd Louiso",7,2022-08-21
1532,tt0285861,2022-08-21,2022-08-21,,"Owning Mahowny","Owning Mahowny",https://www.imdb.com/title/tt0285861/,Película,7.0,104,2003,"Crimen, Drama, Suspense",16348,2003-09-25,"Richard Kwietniowski",8,2022-08-21
1533,tt12262116,2022-08-27,2022-08-27,,"Trece vidas","Thirteen Lives",https://www.imdb.com/title/tt12262116/,Película,7.8,147,2022,"Biografía, Drama, Suspense",81676,2022-08-05,"Ron Howard",8,2022-08-27
1534,tt10954984,2022-09-01,2022-09-01,,"¡Nop!","Nope",https://www.imdb.com/title/tt10954984/,Película,6.8,130,2022,"Terror, Misterio, Ciencia ficción, Suspense",324172,2022-08-18,"Jordan Peele",6,2022-09-04
1535,tt0066999,2022-09-07,2022-09-07,,"Harry el sucio","Dirty Harry",https://www.imdb.com/title/tt0066999/,Película,7.7,102,1971,"Acción, Crimen, Suspense",183104,1972-05-29,"Don Siegel, Clint Eastwood",6,2022-09-07
1536,tt0069281,2022-09-08,2022-09-08,,"La huella","Sleuth",https://www.imdb.com/title/tt0069281/,Película,7.9,138,1972,"Misterio, Suspense",53393,1973-05-05,"Joseph L. Mankiewicz",7,2022-09-08
1537,tt0089730,2022-09-09,2022-09-09,,"Mordiscos peligrosos","Once Bitten",https://www.imdb.com/title/tt0089730/,Película,5.6,94,1985,"Comedia, Terror",19815,1987-05-25,"Howard Storm",4,2022-09-10
1538,tt0082220,2022-09-10,2022-09-10,,"El camino de Cutter","Cutter's Way",https://www.imdb.com/title/tt0082220/,Película,6.8,109,1981,"Crimen, Drama, Misterio, Suspense",9148,1982-02-10,"Ivan Passer",7,2022-09-10
1539,tt0091495,2022-09-12,2022-09-12,,"Matador","Matador",https://www.imdb.com/title/tt0091495/,Película,6.9,110,1986,"Drama, Suspense",14309,1986-03-07,"Pedro Almodóvar",3,2022-09-13
1540,tt0104797,2022-09-14,2022-09-14,,"Malcolm X","Malcolm X",https://www.imdb.com/title/tt0104797/,Película,7.7,202,1992,"Biografía, Drama, Historia",112770,1993-03-26,"Spike Lee",8,2022-09-17
1541,tt0124718,2022-09-17,2022-09-17,,"Una mala jugada","He Got Game",https://www.imdb.com/title/tt0124718/,Película,6.9,136,1998,"Drama, Deporte",55370,2021-02-24,"Spike Lee",6,2022-09-17
1542,tt0469754,2022-09-19,2022-09-19,,"El jefe de todo esto","Direktøren for det hele",https://www.imdb.com/title/tt0469754/,Película,6.6,99,2006,"Comedia",13559,2007-03-16,"Lars von Trier",6,2022-09-19
1543,tt0065724,2022-09-19,2022-09-19,,"Mi vida es mi vida","Five Easy Pieces",https://www.imdb.com/title/tt0065724/,Película,7.3,98,1970,"Drama",45211,1970-09-12,"Bob Rafelson",7,2022-09-19
1544,tt0088000,2022-09-20,2022-09-20,,"La revancha de los novatos","Revenge of the Nerds",https://www.imdb.com/title/tt0088000/,Película,6.6,90,1984,"Comedia",62873,1984-08-10,"Jeff Kanew",6,2022-09-20
1545,tt0080365,2022-09-22,2022-09-22,,"American Gigolo","American Gigolo",https://www.imdb.com/title/tt0080365/,Película,6.3,117,1980,"Crimen, Drama, Misterio, Romance, Suspense",31489,1980-02-01,"Paul Schrader",6,2022-09-22
1546,tt0115964,2022-09-27,2022-09-27,,"Crash","Crash",https://www.imdb.com/title/tt0115964/,Película,6.4,100,1996,"Drama",73126,1996-10-01,"David Cronenberg",5,2022-09-29
1547,tt14549466,2022-10-10,2022-10-10,,"Crímenes del futuro","Crimes of the Future",https://www.imdb.com/title/tt14549466/,Película,5.8,107,2022,"Drama, Terror, Ciencia ficción, Suspense",47787,2022-09-23,"David Cronenberg",5,2022-10-10
1548,tt0078718,2022-10-10,2022-10-10,,"Justicia para todos","...And Justice for All",https://www.imdb.com/title/tt0078718/,Película,7.4,119,1979,"Crimen, Drama, Suspense",46869,1980-03-24,"Norman Jewison",7,2022-10-10
1549,tt9620288,2022-10-14,2022-10-14,,"El método Williams","King Richard",https://www.imdb.com/title/tt9620288/,Película,7.5,144,2021,"Biografía, Drama, Deporte",194017,2022-01-21,"Reinaldo Marcus Green",8,2022-10-16
1550,tt10293406,2022-10-17,2022-10-17,,"El poder del perro","The Power of the Dog",https://www.imdb.com/title/tt10293406/,Película,6.8,126,2021,"Drama, Del oeste",245342,2021-12-01,"Jane Campion",7,2022-10-17
1551,tt15301048,2022-10-21,2022-10-21,,"Argentina, 1985","Argentina, 1985",https://www.imdb.com/title/tt15301048/,Película,7.6,140,2022,"Biografía, Crimen, Drama, Historia",37111,2022-09-30,"Santiago Mitre",9,2022-10-21
1552,tt0072637,2022-10-22,2022-10-22,,"Habitación para cuatro","Amici miei",https://www.imdb.com/title/tt0072637/,Película,7.9,140,1975,"Comedia, Drama",8844,1976-06-04,"Mario Monicelli",7,2022-10-22
1553,tt4273800,2022-10-31,2022-10-31,,"El ángel de la muerte","The Good Nurse",https://www.imdb.com/title/tt4273800/,Película,6.8,121,2022,"Biografía, Crimen, Drama, Misterio, Suspense",92681,2022-10-26,"Tobias Lindholm",7,2022-10-31
1554,tt18393842,2022-11-01,2022-11-01,,"El Gerente","El gerente",https://www.imdb.com/title/tt18393842/,Película,6.7,105,2022,"Comedia",1092,2022-10-20,"Ariel Winograd",7,2022-11-01
1555,tt12593682,2022-11-03,2022-11-03,,"Bullet Train","Bullet Train",https://www.imdb.com/title/tt12593682/,Película,7.3,127,2022,"Acción, Comedia, Suspense",549568,2022-08-05,"David Leitch",7,2022-11-03
1556,tt10731256,2022-11-08,2022-11-08,,"No te preocupes, querida","Don't Worry Darling",https://www.imdb.com/title/tt10731256/,Película,6.3,123,2022,"Drama, Misterio, Suspense",181852,2022-09-23,"Olivia Wilde",7,2022-11-08
1557,tt1023490,2022-11-13,2022-11-13,,"Il divo","Il divo",https://www.imdb.com/title/tt1023490/,Película,7.2,110,2008,"Biografía, Drama",20724,2008-12-12,"Paolo Sorrentino",6,2022-11-14
1558,tt1016150,2022-11-14,2022-11-14,,"Sin novedad en el frente","Im Westen nichts Neues",https://www.imdb.com/title/tt1016150/,Película,7.8,148,2022,"Drama, Historia, Bélico",347757,2022-10-28,"Edward Berger",7,2022-11-14
1559,tt0073580,2022-11-20,2022-11-20,,"El reportero","Professione: reporter",https://www.imdb.com/title/tt0073580/,Película,7.4,126,1975,"Drama, Suspense",29342,1976-05-20,"Michelangelo Antonioni",7,2022-11-20
1560,tt0249462,2022-11-24,2022-11-24,,"Billy Elliot (Quiero bailar)","Billy Elliot",https://www.imdb.com/title/tt0249462/,Película,7.7,110,2000,"Drama, Música",154113,2001-01-26,"Stephen Daldry",7,2022-11-24
1561,tt0102164,2022-12-01,2022-12-01,,"Johnny Palillo","Johnny Stecchino",https://www.imdb.com/title/tt0102164/,Película,7.2,102,1991,"Comedia, Crimen, Romance",12571,1992-09-04,"Roberto Benigni",7,2022-12-01
1562,tt0240419,2022-12-07,2022-12-07,,"La ciénaga","La Ciénaga",https://www.imdb.com/title/tt0240419/,Película,7.0,103,2001,"Comedia, Drama",9790,2001-09-28,"Lucrecia Martel",4,2022-12-08
1563,tt0120863,2022-12-13,2022-12-13,,"La delgada línea roja","The Thin Red Line",https://www.imdb.com/title/tt0120863/,Película,7.6,170,1998,"Drama, Historia, Bélico",214204,1999-02-19,"Terrence Malick",4,2022-12-14
1564,tt3300980,2022-12-14,2022-12-14,,"El duodécimo hombre","Den 12. mann",https://www.imdb.com/title/tt3300980/,Película,7.3,135,2017,"Drama, Historia, Suspense, Bélico",32763,2017-12-25,"Harald Zwart",8,2022-12-14
1565,tt0071360,2022-12-17,2022-12-17,,"La conversación","The Conversation",https://www.imdb.com/title/tt0071360/,Película,7.7,113,1974,"Drama, Misterio, Suspense",138018,1974-12-21,"Francis Ford Coppola",6,2022-12-17
1566,tt15006566,2022-12-17,2022-12-17,,"As bestas","As bestas",https://www.imdb.com/title/tt15006566/,Película,7.5,137,2022,"Drama, Suspense",26679,2022-11-11,"Rodrigo Sorogoyen",8,2022-12-17
1567,tt0119558,2022-12-21,2022-12-21,,"Lolita de Adrian Lyne","Lolita",https://www.imdb.com/title/tt0119558/,Película,6.8,137,1997,"Drama, Romance",75994,1997-10-02,"Adrian Lyne",8,2022-12-23
1568,tt4513678,2022-12-25,2022-12-25,,"Cazafantasmas: Más allá","Ghostbusters: Afterlife",https://www.imdb.com/title/tt4513678/,Película,7.0,124,2021,"Aventura, Comedia, Fantasía, Ciencia ficción",243930,2021-12-03,"Jason Reitman",5,2022-12-26
1569,tt0104257,2022-12-27,2022-12-27,,"Algunos hombres buenos","A Few Good Men",https://www.imdb.com/title/tt0104257/,Película,7.8,138,1992,"Drama, Suspense",322701,1992-12-11,"Rob Reiner",8,2022-12-28
1570,tt7538958,2022-12-28,2022-12-28,,"Animal","Animal",https://www.imdb.com/title/tt7538958/,Película,6.2,112,2018,"Drama, Suspense",1731,2018-05-24,"Armando Bo",7,2022-12-29
1571,tt2543164,2022-12-29,2022-12-29,,"La llegada (Arrival)","Arrival",https://www.imdb.com/title/tt2543164/,Película,7.9,116,2016,"Drama, Misterio, Ciencia ficción",882409,2016-11-18,"Denis Villeneuve",7,2022-12-29
1572,tt0116209,2022-12-30,2022-12-30,,"El paciente inglés","The English Patient",https://www.imdb.com/title/tt0116209/,Película,7.4,162,1996,"Drama, Romance, Bélico",215626,1997-02-19,"Anthony Minghella",7,2022-12-30
1573,tt0086425,2023-01-01,2023-01-01,,"La fuerza del cariño","Terms of Endearment",https://www.imdb.com/title/tt0086425/,Película,7.4,132,1983,"Comedia, Drama",71553,1984-03-01,"James L. Brooks",8,2023-01-03
1574,tt11813216,2023-01-04,2023-01-04,,"Almas en pena de Inisherin","The Banshees of Inisherin",https://www.imdb.com/title/tt11813216/,Película,7.6,114,2022,"Comedia, Drama",301133,2023-02-03,"Martin McDonagh",9,2023-01-14
1575,tt6644200,2023-01-05,2023-01-05,,"Un lugar tranquilo","A Quiet Place",https://www.imdb.com/title/tt6644200/,Película,7.5,90,2018,"Drama, Terror, Ciencia ficción",670995,2018-04-20,"John Krasinski",7,2023-01-05
1576,tt9412098,2023-01-06,2023-01-06,,"Fyre","Fyre",https://www.imdb.com/title/tt9412098/,Película,7.2,97,2019,"Documental, Crimen, Música",55008,2019-01-18,"Chris Smith",7,2023-01-06
1577,tt5929754,2023-01-07,2023-01-07,,"Lo que arde con el fuego","Wildlife",https://www.imdb.com/title/tt5929754/,Película,6.8,105,2018,"Drama",34153,2020-04-23,"Paul Dano",6,2023-01-07
1578,tt1226837,2023-01-10,2023-01-10,,"Beautiful boy, siempre serás mi hijo","Beautiful Boy",https://www.imdb.com/title/tt1226837/,Película,7.4,120,2018,"Biografía, Drama",133402,2019-03-15,"Felix van Groeningen",7,2023-01-10
1579,tt11214590,2023-01-13,2023-01-13,,"La casa Gucci","House of Gucci",https://www.imdb.com/title/tt11214590/,Película,6.6,158,2021,"Biografía, Crimen, Drama, Historia",177358,2021-11-26,"Ridley Scott",5,2023-01-13
1580,tt6878306,2023-01-14,2023-01-14,,"Noticias del gran mundo","News of the World",https://www.imdb.com/title/tt6878306/,Película,6.8,118,2020,"Acción, Aventura, Drama, Del oeste",102354,2021-02-10,"Paul Greengrass",7,2023-01-14
1581,tt10931784,2023-01-15,2023-01-15,,"Nanny","Nanny",https://www.imdb.com/title/tt10931784/,Película,5.3,99,2022,"Drama, Terror",9276,2022-12-16,"Nikyatu Jusu",5,2023-01-15
1582,tt14208870,2023-01-17,2023-01-17,,"Los Fabelman","The Fabelmans",https://www.imdb.com/title/tt14208870/,Película,7.5,151,2022,"Biografía, Drama",137415,2023-02-10,"Steven Spielberg",7,2023-01-17
1583,tt10872600,2023-01-21,2023-01-21,,"Spider-Man: No Way Home","Spider-Man: No Way Home",https://www.imdb.com/title/tt10872600/,Película,8.1,148,2021,"Acción, Aventura, Fantasía, Ciencia ficción",1079976,2021-12-16,"Jon Watts",5,2023-02-03
1584,tt8760708,2023-01-24,2023-01-24,,"M3GAN","M3GAN",https://www.imdb.com/title/tt8760708/,Película,6.3,102,2022,"Terror, Ciencia ficción, Suspense",185489,2023-01-04,"Gerard Johnstone",7,2023-01-24
1585,tt0090329,2023-01-26,2023-01-26,,"Único testigo","Witness",https://www.imdb.com/title/tt0090329/,Película,7.3,112,1985,"Crimen, Drama, Romance, Suspense",115747,1985-06-03,"Peter Weir",7,2023-01-26
1586,tt0098206,2023-01-28,2023-01-28,,"De profesión: duro","Road House",https://www.imdb.com/title/tt0098206/,Película,6.7,114,1989,"Acción, Suspense",114087,1989-07-20,"Rowdy Herrington",4,2023-01-28
1587,tt0087277,2023-01-29,2023-01-29,,"Footloose","Footloose",https://www.imdb.com/title/tt0087277/,Película,6.6,107,1984,"Drama, Música, Romance",103424,1984-04-16,"Herbert Ross",6,2023-01-29
1588,tt0113870,2023-01-30,2023-01-30,,"Homicidio en primer grado","Murder in the First",https://www.imdb.com/title/tt0113870/,Película,7.3,122,1995,"Drama, Suspense",33339,1995-10-26,"Marc Rocco",8,2023-01-30
1589,tt0102138,2023-02-01,2023-02-01,,"JFK: Caso abierto","JFK",https://www.imdb.com/title/tt0102138/,Película,8.0,189,1991,"Drama, Historia, Suspense",183824,1992-02-13,"Oliver Stone",5,2023-02-03
1590,tt0106307,2023-02-03,2023-02-03,,"El sueño de Arizona","Arizona Dream",https://www.imdb.com/title/tt0106307/,Película,7.2,142,1993,"Comedia, Drama, Fantasía, Romance",48165,1993-09-24,"Emir Kusturica",7,2023-02-03
1591,tt9764362,2023-02-05,2023-02-05,,"El menú","The Menu",https://www.imdb.com/title/tt9764362/,Película,7.1,107,2022,"Comedia, Terror, Suspense",517993,2022-12-02,"Mark Mylod",7,2023-02-05
1592,tt7095482,2023-02-07,2023-02-07,,"El reino","El reino",https://www.imdb.com/title/tt7095482/,Película,7.1,132,2018,"Drama, Misterio, Suspense",10480,2018-09-28,"Rodrigo Sorogoyen",5,2023-02-08
1593,tt18436930,2023-02-10,2023-02-10,,"Un crimen argentino","Un crimen argentino",https://www.imdb.com/title/tt18436930/,Película,6.4,113,2022,"Crimen, Suspense",742,2023-06-23,"Lucas Combina",5,2023-02-14
1594,tt0093818,2023-02-11,2023-02-11,,"Días de radio","Radio Days",https://www.imdb.com/title/tt0093818/,Película,7.4,88,1987,"Comedia",39197,1987-12-23,"Woody Allen",6,2023-02-12
1595,tt0102592,2023-02-12,2023-02-12,,"Un paso en falso","One False Move",https://www.imdb.com/title/tt0102592/,Película,7.1,105,1991,"Crimen, Drama, Suspense",17085,1993-11-18,"Carl Franklin",6,2023-02-12
1596,tt0067727,2023-02-14,2023-02-14,,"Terror ciego","Blind Terror",https://www.imdb.com/title/tt0067727/,Película,6.6,88,1971,"Drama, Misterio, Suspense",4963,1971-09-16,"Richard Fleischer",6,2023-02-14
1597,tt8847712,2023-02-15,2023-02-15,,"La Crónica Francesa","The French Dispatch of the Liberty, Kansas Evening Sun",https://www.imdb.com/title/tt8847712/,Película,7.1,107,2021,"Comedia, Drama, Romance",170919,2021-10-22,"Wes Anderson",8,2023-02-16
1598,tt13833688,2023-02-23,2023-02-23,,"La ballena (The Whale)","The Whale",https://www.imdb.com/title/tt13833688/,Película,7.6,117,2022,"Drama",311347,2023-01-27,"Darren Aronofsky",9,2023-02-23
1599,tt1191111,2023-02-28,2023-02-28,,"Enter the Void","Enter the Void",https://www.imdb.com/title/tt1191111/,Película,7.2,161,2009,"Drama, Fantasía",95799,2010-05-05,"Gaspar Noé",7,2023-02-28
1600,tt7405458,2023-03-01,2023-03-01,,"El peor vecino del mundo","A Man Called Otto",https://www.imdb.com/title/tt7405458/,Película,7.5,126,2022,"Comedia, Drama",216814,2022-12-28,"Marc Forster",7,2023-03-01
1601,tt0258153,2023-03-04,2023-03-04,,"Simone","S1m0ne",https://www.imdb.com/title/tt0258153/,Película,6.1,117,2002,"Comedia, Drama, Ciencia ficción",64633,2002-09-20,"Andrew Niccol",2,2023-03-05
1602,tt15791034,2023-03-05,2023-03-05,,"Barbarian","Barbarian",https://www.imdb.com/title/tt15791034/,Película,7.0,102,2022,"Terror, Misterio, Suspense",275597,2022-10-26,"Zach Cregger",7,2023-03-05
1603,tt0088286,2023-03-06,2023-03-06,,"Top Secret!","Top Secret!",https://www.imdb.com/title/tt0088286/,Película,7.2,90,1984,"Comedia, Crimen, Música",83850,1984-11-19,"Jim Abrahams, David Zucker, Jerry Zucker",5,2023-03-08
1604,tt10366460,2023-03-08,2023-03-08,,"CODA: Los sonidos del silencio","CODA",https://www.imdb.com/title/tt10366460/,Película,8.0,111,2021,"Comedia, Drama, Música",233484,2022-02-18,"Sian Heder",8,2023-03-10
1605,tt6731592,2023-03-10,2023-03-10,,"Piazzolla, los años del tiburón","Piazzolla, los años del tiburón",https://www.imdb.com/title/tt6731592/,Película,7.4,90,2018,"Documental",322,2018-08-30,"Daniel Rosenfeld",7,2023-03-10
1606,tt6710474,2023-03-20,2023-03-20,,"Todo a la vez en todas partes","Everything Everywhere All at Once",https://www.imdb.com/title/tt6710474/,Película,7.7,139,2022,"Acción, Aventura, Comedia, Drama, Fantasía, Ciencia ficción",663224,2022-06-03,"Daniel Kwan, Daniel Scheinert",7,2023-03-20
1607,tt0479409,2023-03-21,2023-03-21,,"Herbie Hancock: Possibilities","Herbie Hancock: Possibilities",https://www.imdb.com/title/tt0479409/,Película,6.8,90,2006,"Documental, Música",232,2006-04-14,"Doug Biro, Jon Fine",8,2023-03-21
1608,tt15654800,2023-03-23,2023-03-23,,"Ya era hora","Era ora",https://www.imdb.com/title/tt15654800/,Película,6.6,109,2022,"Comedia, Drama, Fantasía",5108,2023-03-16,"Alessandro Aronadio",4,2023-03-23
1609,tt0106677,2023-03-28,2023-03-28,,"Movida del 76","Dazed and Confused",https://www.imdb.com/title/tt0106677/,Película,7.6,103,1993,"Comedia",219365,1993-09-24,"Richard Linklater",5,2023-03-28
1610,tt0061809,2023-04-01,2023-04-01,,"A sangre fría","In Cold Blood",https://www.imdb.com/title/tt0061809/,Película,7.9,134,1967,"Biografía, Crimen, Drama, Historia",32162,1967-12-15,"Richard Brooks",7,2023-04-01
1611,tt0266308,2023-04-02,2023-04-02,,"Battle Royale","Batoru rowaiaru",https://www.imdb.com/title/tt0266308/,Película,7.5,114,2000,"Acción, Drama, Suspense",209124,2002-08-02,"Kinji Fukasaku",4,2023-04-05
1612,tt12261776,2023-04-07,2023-04-07,,"65","65",https://www.imdb.com/title/tt12261776/,Película,5.4,93,2023,"Acción, Aventura, Ciencia ficción, Suspense",108988,2023-03-24,"Scott Beck, Bryan Woods",6,2023-04-07
1613,tt8956390,2023-04-09,2023-04-09,,"Rojo","Rojo",https://www.imdb.com/title/tt8956390/,Película,6.4,109,2018,"Drama, Misterio, Suspense",3009,2018-10-26,"Benjamín Naishtat",6,2023-04-09
1614,tt0100211,2023-04-12,2023-04-12,,"La caja de música","Music Box",https://www.imdb.com/title/tt0100211/,Película,7.4,124,1989,"Crimen, Drama, Suspense",9883,1990-03-16,"Costa-Gavras",8,2023-04-14
1615,tt0086423,2023-04-14,2023-04-14,,"Gracias y favores","Tender Mercies",https://www.imdb.com/title/tt0086423/,Película,7.3,92,1983,"Drama, Música",14748,1984-03-01,"Bruce Beresford",7,2023-04-14
1616,tt0101748,2023-04-17,2023-04-17,,"La última apuesta","Dogfight",https://www.imdb.com/title/tt0101748/,Película,7.3,94,1991,"Comedia, Drama, Romance",11475,1991-10-04,"Nancy Savoca",7,2023-04-17
1617,tt0117438,2023-04-18,2023-04-18,,"Rescate (Ransom)","Ransom",https://www.imdb.com/title/tt0117438/,Película,6.7,121,1996,"Acción, Crimen, Drama, Suspense",145593,1996-12-27,"Ron Howard",6,2023-04-18
1618,tt4193400,2023-04-21,2023-04-21,,"El caso Fritz Bauer","Der Staat gegen Fritz Bauer",https://www.imdb.com/title/tt4193400/,Película,7.1,105,2015,"Biografía, Drama, Suspense",6472,2016-05-13,"Lars Kraume",7,2023-04-21
1619,tt0168786,2023-04-29,2023-04-29,,"Antwone Fisher","Antwone Fisher",https://www.imdb.com/title/tt0168786/,Película,7.3,120,2002,"Biografía, Drama",41072,2003-04-25,"Denzel Washington",7,2023-04-29
1620,tt13345606,2023-05-13,2023-05-13,,"Posesión infernal: El despertar","Evil Dead Rise",https://www.imdb.com/title/tt13345606/,Película,6.5,96,2023,"Terror",178848,2023-04-21,"Lee Cronin",6,2023-05-13
1621,tt15941636,2023-05-14,2023-05-14,,"El suplente","El Suplente",https://www.imdb.com/title/tt15941636/,Película,6.3,112,2022,"Crimen, Drama, Suspense",1591,2022-10-20,"Diego Lerman",6,2023-05-14
1622,tt13521006,2023-05-16,2023-05-16,,"Beau tiene miedo","Beau Is Afraid",https://www.imdb.com/title/tt13521006/,Película,6.6,179,2023,"Comedia, Drama, Terror, Suspense",80642,2023-04-28,"Ari Aster",7,2023-05-16
1623,tt10275534,2023-05-24,2023-05-24,,"Misántropo","To Catch a Killer",https://www.imdb.com/title/tt10275534/,Película,6.6,119,2023,"Acción, Crimen, Drama, Misterio, Suspense",58310,2024-02-02,"Damián Szifron",7,2023-05-24
1624,tt9573980,2023-05-31,2023-05-31,,"Leaving Neverland","Leaving Neverland",https://www.imdb.com/title/tt9573980/,Miniserie de TV,7.0,240,2019,"Documental",33074,2019-03-03,,7,2023-05-31
1625,tt10801352,2023-06-02,2023-06-02,,"Michael Jackson: Chase the Truth","Michael Jackson: Chase the Truth",https://www.imdb.com/title/tt10801352/,Película,7.0,59,2019,"Documental",955,2019-08-13,"Jordan Hill",7,2023-06-02
1626,tt0172493,2023-06-07,2023-06-07,,"Inocencia interrumpida","Girl, Interrupted",https://www.imdb.com/title/tt0172493/,Película,7.3,127,1999,"Biografía, Drama",237451,2000-03-10,"James Mangold",7,2023-06-07
1627,tt14308636,2023-06-13,2023-06-13,,"El banco de Dave","Bank of Dave",https://www.imdb.com/title/tt14308636/,Película,7.1,107,2023,"Biografía, Comedia, Drama",17329,2023-09-08,"Chris Foggin",6,2023-06-15
1628,tt0101961,2023-06-18,2023-06-18,,"La familia de El Padrino: Una mirada interior","The Godfather Family: A Look Inside",https://www.imdb.com/title/tt0101961/,Película de TV,7.8,73,1990,"Documental",1223,1990-12-07,"Jeff Werner",7,2023-06-18
1629,tt2083383,2023-06-23,2023-06-23,,"Golpe de efecto","Trouble with the Curve",https://www.imdb.com/title/tt2083383/,Película,6.8,111,2012,"Drama, Romance, Deporte",72928,2012-11-23,"Robert Lorenz",4,2023-06-25
1630,tt14230388,2023-06-24,2023-06-24,,"Asteroid City","Asteroid City",https://www.imdb.com/title/tt14230388/,Película,6.4,105,2023,"Comedia, Drama, Romance, Ciencia ficción",147451,2023-06-16,"Wes Anderson",7,2023-06-24
1631,tt11592014,2023-07-05,2023-07-05,,"Hoy se arregla el mundo","Hoy se arregla el mundo",https://www.imdb.com/title/tt11592014/,Película,6.2,113,2022,"Comedia, Drama",1439,2022-03-16,"Ariel Winograd",3,2023-07-05
1632,tt16419074,2023-07-08,2023-07-08,,"Air","Air",https://www.imdb.com/title/tt16419074/,Película,7.4,111,2023,"Drama, Deporte",199507,2023-04-05,"Ben Affleck",6,2023-07-08
1633,tt2140479,2023-07-16,2023-07-16,,"El contable","The Accountant",https://www.imdb.com/title/tt2140479/,Película,7.3,128,2016,"Acción, Crimen, Drama, Suspense",404110,2016-10-21,"Gavin O'Connor",7,2023-07-16
1634,tt0140888,2023-07-24,2023-07-24,,"Estación central de Brasil","Central do Brasil",https://www.imdb.com/title/tt0140888/,Película,8.0,110,1998,"Drama",51776,1998-10-16,"Walter Salles",8,2023-07-24
1635,tt0489458,2023-07-27,2023-07-27,,"O Cheiro do Ralo","O Cheiro do Ralo",https://www.imdb.com/title/tt0489458/,Película,7.3,112,2006,"Comedia, Drama",6107,2007-03-23,"Heitor Dhalia",8,2023-07-28
1636,tt10640346,2023-08-01,2023-08-01,,"Babylon","Babylon",https://www.imdb.com/title/tt10640346/,Película,7.1,189,2022,"Comedia, Drama",210672,2023-01-20,"Damien Chazelle",4,2023-08-01
1637,tt15398776,2023-08-03,2023-08-03,,"Oppenheimer","Oppenheimer",https://www.imdb.com/title/tt15398776/,Película,8.2,180,2023,"Biografía, Drama, Historia",1103748,2023-07-20,"Christopher Nolan",8,2023-08-03
1638,tt0108551,2023-08-04,2023-08-04,,"Tina","What's Love Got to Do with It",https://www.imdb.com/title/tt0108551/,Película,7.4,118,1993,"Biografía, Drama, Música",25998,1993-10-22,"Brian Gibson",8,2023-08-04
1639,tt7825208,2023-08-09,2023-08-09,,"Marighella","Marighella",https://www.imdb.com/title/tt7825208/,Película,7.1,155,2019,"Acción, Biografía, Drama, Historia, Suspense",48464,2021-11-04,"Wagner Moura",7,2023-08-09
1640,tt1517268,2023-08-15,2023-08-15,,"Barbie","Barbie",https://www.imdb.com/title/tt1517268/,Película,6.8,114,2023,"Aventura, Comedia, Fantasía",707804,2023-07-20,"Greta Gerwig",7,2023-08-15
1641,tt23036332,2023-08-19,2023-08-19,,"El método Tangalanga","El método Tangalanga",https://www.imdb.com/title/tt23036332/,Película,6.5,98,2022,"Comedia",818,2023-01-19,"Mateo Bendesky",7,2023-08-19
1642,tt0100502,2023-08-23,2023-08-23,,"RoboCop 2","RoboCop 2",https://www.imdb.com/title/tt0100502/,Película,5.9,117,1990,"Acción, Crimen, Ciencia ficción, Suspense",101294,1991-02-13,"Irvin Kershner",6,2023-08-23
1643,tt0107978,2023-08-23,2023-08-23,,"RoboCop 3","RoboCop 3",https://www.imdb.com/title/tt0107978/,Película,4.2,104,1993,"Acción, Crimen, Ciencia ficción, Suspense",58015,1993-07-16,"Fred Dekker",6,2023-08-23
1644,tt2106476,2023-08-24,2023-08-24,,"La caza de Thomas Vinterberg","Jagten",https://www.imdb.com/title/tt2106476/,Película,8.3,115,2012,"Drama",420112,2013-04-19,"Thomas Vinterberg",8,2023-08-25
1645,tt0066993,2023-08-25,2023-08-25,,"Los demonios","The Devils",https://www.imdb.com/title/tt0066993/,Película,7.7,111,1971,"Biografía, Drama, Historia",22079,1978-06-02,"Ken Russell",4,2023-08-25
1646,tt0120591,2023-08-26,2023-08-26,,"Armageddon","Armageddon",https://www.imdb.com/title/tt0120591/,Película,6.7,151,1998,"Acción, Aventura, Ciencia ficción, Suspense",484645,1998-07-17,"Michael Bay",7,2023-08-26
1647,tt0076001,2023-08-28,2023-08-28,,"La escopeta nacional","La escopeta nacional",https://www.imdb.com/title/tt0076001/,Película,7.3,95,1978,"Comedia",2566,1981-02-19,"Luis García Berlanga",6,2023-08-28
1648,tt0108355,2023-08-31,2023-08-31,,"Todos a la cárcel","Todos a la cárcel",https://www.imdb.com/title/tt0108355/,Película,6.0,99,1993,"Comedia, Drama",1618,1993-12-22,"Luis García Berlanga",4,2023-08-31
1649,tt15315542,2023-08-31,2023-08-31,,"Finde","Finde",https://www.imdb.com/title/tt15315542/,Película,6.9,86,2021,"Comedia, Terror",695,2021-09-03,"Nano Garay Santaló",8,2023-08-31
1650,tt1251757,2023-09-01,2023-09-01,,"Middle men","Middle Men",https://www.imdb.com/title/tt1251757/,Película,6.8,105,2009,"Comedia, Crimen, Drama",39105,2010-08-06,"George Gallo",7,2023-09-01
1651,tt0067328,2023-09-05,2023-09-05,,"La última película","The Last Picture Show",https://www.imdb.com/title/tt0067328/,Película,8.0,118,1971,"Drama, Romance",57743,1976-07-28,"Peter Bogdanovich",7,2023-09-05
1652,tt0808138,2023-09-09,2023-09-09,,"11S: Lo que ocurrió dentro","9/11: The Twin Towers",https://www.imdb.com/title/tt0808138/,Película,7.7,120,2006,"Familiar, Fantasía, Historia",812,2006-09-07,"Richard Dale",7,2023-09-09
1653,tt3846334,2023-09-10,2023-09-10,,"Gilda, no me arrepiento de este amor","Gilda, no me arrepiento de este amor",https://www.imdb.com/title/tt3846334/,Película,6.9,118,2016,"Biografía, Drama, Música",1225,2016-09-15,"Lorena Muñoz",7,2023-09-10
1654,tt0870111,2023-09-13,2023-09-13,,"El desafío - Frost contra Nixon","Frost/Nixon",https://www.imdb.com/title/tt0870111/,Película,7.6,122,2008,"Biografía, Drama, Historia",116505,2009-02-06,"Ron Howard",8,2023-09-14
1655,tt1462764,2023-09-15,2023-09-15,,"Indiana Jones y el dial del destino","Indiana Jones and the Dial of Destiny",https://www.imdb.com/title/tt1462764/,Película,6.5,154,2023,"Acción, Aventura, Ciencia ficción",237546,2023-06-28,"James Mangold",6,2023-09-15
1656,tt1234721,2023-09-30,2023-09-30,,"RoboCop","RoboCop",https://www.imdb.com/title/tt1234721/,Película,6.1,117,2014,"Acción, Crimen, Ciencia ficción, Suspense",250951,2014-02-14,"José Padilha",5,2023-09-30
1657,tt17024450,2023-10-03,2023-10-03,,"The Equalizer 3","The Equalizer 3",https://www.imdb.com/title/tt17024450/,Película,6.8,109,2023,"Acción, Crimen, Suspense",166563,2023-09-01,"Antoine Fuqua",7,2023-10-03
1658,tt13274016,2023-10-05,2023-10-05,,"Reptiles","Reptile",https://www.imdb.com/title/tt13274016/,Película,6.8,134,2023,"Crimen, Drama, Misterio, Suspense",112544,2023-09-29,"Grant Singer",7,2023-10-05
1659,tt0146882,2023-10-07,2023-10-07,,"Alta fidelidad","High Fidelity",https://www.imdb.com/title/tt0146882/,Película,7.4,113,2000,"Comedia, Drama, Música, Romance",201511,2000-05-19,"Stephen Frears",6,2023-10-09
1660,tt4203284,2023-10-10,2023-10-10,,"Voley","Voley",https://www.imdb.com/title/tt4203284/,Película,6.4,95,2014,"Comedia",1609,2015-03-12,"Martín Piroyansky",5,2023-10-10
1661,tt15399372,2023-10-17,2023-10-17,,"Los reyes del mundo","Los reyes del mundo",https://www.imdb.com/title/tt15399372/,Película,7.0,103,2022,"Aventura, Drama",2847,2023-03-17,"Laura Mora Ortega",4,2023-10-17
1662,tt0056937,2023-10-18,2023-10-18,,"Cleopatra","Cleopatra",https://www.imdb.com/title/tt0056937/,Película,7.0,320,1963,"Biografía, Drama, Historia, Romance",41916,1963-07-31,"Joseph L. Mankiewicz, Rouben Mamoulian",8,2023-10-13
1663,tt5859238,2023-10-18,2023-10-18,,"Lucky","Lucky",https://www.imdb.com/title/tt5859238/,Película,7.3,88,2017,"Comedia, Drama, Del oeste",28909,2017-09-29,"John Carroll Lynch",7,2023-10-18
1664,tt22964884,2023-10-19,2023-10-19,,"Upon Entry","Upon Entry",https://www.imdb.com/title/tt22964884/,Película,7.0,77,2022,"Drama",5094,2023-06-16,"Alejandro Rojas, Juan Sebastián Vasquez",7,2023-10-19
1665,tt0133952,2023-10-20,2023-10-20,,"Estado de sitio","The Siege",https://www.imdb.com/title/tt0133952/,Película,6.4,116,1998,"Acción, Suspense",83971,1999-01-29,"Edward Zwick",7,2023-10-20
1666,tt11396282,2023-10-21,2023-10-21,,"El Juicio","El Juicio",https://www.imdb.com/title/tt11396282/,Película,8.4,177,2023,"Documental",147,2023-10-05,"Ulises de la Orden",9,2023-10-21
1667,tt0099165,2023-10-28,2023-10-28,,"La hoguera de las vanidades","The Bonfire of the Vanities",https://www.imdb.com/title/tt0099165/,Película,5.6,125,1990,"Comedia, Drama, Romance",27705,1990-12-21,"Brian De Palma",5,2023-10-29
1668,tt0094332,2023-10-30,2023-10-30,,"Las brujas de Eastwick","The Witches of Eastwick",https://www.imdb.com/title/tt0094332/,Película,6.6,118,1987,"Comedia, Fantasía, Terror",85698,1987-10-30,"George Miller",5,2023-11-01
1669,tt1175709,2023-11-02,2023-11-02,,"Todas las cosas buenas","All Good Things",https://www.imdb.com/title/tt1175709/,Película,6.2,101,2010,"Crimen, Drama, Misterio, Romance, Suspense",64435,2010-12-03,"Andrew Jarecki",7,2023-11-02
1670,tt1974419,2023-11-03,2023-11-03,,"The Neon Demon","The Neon Demon",https://www.imdb.com/title/tt1974419/,Película,6.1,117,2016,"Terror, Suspense",112567,2016-06-09,"Nicolas Winding Refn",5,2023-11-03
1671,tt21340020,2023-11-04,2023-11-04,,"El rapto","El rapto",https://www.imdb.com/title/tt21340020/,Película,6.2,95,2023,"Drama",565,2023-10-26,"Daniela Goggi",7,2023-11-04
1672,tt4875150,2023-11-05,2023-11-05,,"Elis, la voz de Brasil","Elis",https://www.imdb.com/title/tt4875150/,Película,6.7,110,2016,"Biografía, Drama, Música",2305,2018-12-28,"Hugo Prata",8,2023-11-05
1673,tt0106989,2023-11-07,2023-11-07,,"Gatica el mono","Gatica 'El Mono'",https://www.imdb.com/title/tt0106989/,Película,7.2,136,1993,"Biografía, Drama, Deporte",718,1993-05-13,"Leonardo Favio",4,2023-11-07
1674,tt13074150,2023-11-07,2023-11-07,,"La ejecución","Kazn",https://www.imdb.com/title/tt13074150/,Película,6.7,138,2021,"Crimen, Misterio, Suspense",2362,2022-04-21,"Lado Kvataniya",7,2023-11-30
1675,tt9620292,2023-11-08,2023-11-08,,"Una joven prometedora","Promising Young Woman",https://www.imdb.com/title/tt9620292/,Película,7.5,113,2020,"Crimen, Drama, Misterio, Suspense",260393,2021-04-16,"Emerald Fennell",8,2023-11-10
1676,tt0070959,2023-11-11,2023-11-11,,"Estado de sitio","État de siège",https://www.imdb.com/title/tt0070959/,Película,7.7,130,1972,"Crimen, Drama, Misterio, Suspense",6857,1973-02-08,"Costa-Gavras",6,2023-11-11
1677,tt15257160,2023-11-12,2023-11-12,,"El negocio del dolor","Pain Hustlers",https://www.imdb.com/title/tt15257160/,Película,6.6,123,2023,"Crimen, Drama",56559,2023-10-27,"David Yates",7,2023-11-12
1678,tt1576382,2023-11-15,2023-11-15,,"Dos hermanos","Dos hermanos",https://www.imdb.com/title/tt1576382/,Película,6.4,105,2010,"Comedia, Drama",838,2010-06-18,"Daniel Burman",5,2023-11-20
1679,tt1136617,2023-11-16,2023-11-16,,"El asesino","The Killer",https://www.imdb.com/title/tt1136617/,Película,6.7,118,2023,"Acción, Aventura, Crimen, Drama, Suspense",228420,2023-11-10,"David Fincher",6,2023-11-20
1680,tt0422907,2023-11-20,2023-11-20,,"Palermo Hollywood","Palermo Hollywood",https://www.imdb.com/title/tt0422907/,Película,5.3,113,2004,"Drama",251,2004-10-14,"Eduardo Pinto",2,2023-11-20
1681,tt9873892,2023-11-20,2023-11-20,,"El clon de Tyrone","They Cloned Tyrone",https://www.imdb.com/title/tt9873892/,Película,6.7,122,2023,"Comedia, Misterio, Ciencia ficción, Suspense",49226,2023-07-21,"Juel Taylor",7,2023-11-20
1682,tt0077681,2023-11-28,2023-11-28,,"Las colinas tienen ojos","The Hills Have Eyes",https://www.imdb.com/title/tt0077681/,Película,6.3,90,1977,"Terror, Suspense",43321,1979-12-26,"Wes Craven",6,2023-11-28
1683,tt12226632,2023-11-28,2023-11-28,,"Big George Foreman","Big George Foreman",https://www.imdb.com/title/tt12226632/,Película,6.7,129,2023,"Biografía, Drama, Deporte",13094,2023-04-28,"George Tillman Jr.",7,2023-11-28
1684,tt10709114,2023-12-09,2023-12-09,,"Immediate Family","Immediate Family",https://www.imdb.com/title/tt10709114/,Película,8.5,102,2022,"Documental, Música",2858,2023-12-12,"Denny Tedesco",8,2023-12-09
1685,tt13287846,2023-12-10,2023-12-10,,"Napoleón","Napoleon",https://www.imdb.com/title/tt13287846/,Película,6.3,158,2023,"Acción, Aventura, Biografía, Drama, Historia, Bélico",191605,2023-11-24,"Ridley Scott",7,2023-12-10
1686,tt0063442,2023-12-12,2023-12-12,,"El planeta de los simios","Planet of the Apes",https://www.imdb.com/title/tt0063442/,Película,8.0,112,1968,"Aventura, Ciencia ficción",211597,1968-06-14,"Franklin J. Schaffner",5,2023-12-12
1687,tt5537002,2023-12-13,2023-12-13,,"Los asesinos de la luna","Killers of the Flower Moon",https://www.imdb.com/title/tt5537002/,Película,7.5,206,2023,"Crimen, Drama, Historia, Del oeste",314788,2023-10-20,"Martin Scorsese",8,2023-12-15
1688,tt12747748,2023-12-16,2023-12-16,,"Dejar el mundo atrás","Leave the World Behind",https://www.imdb.com/title/tt12747748/,Película,6.4,138,2023,"Drama, Misterio, Suspense",248273,2023-12-08,"Sam Esmail",4,2023-12-16
1689,tt7952000,2023-12-16,2023-12-16,,"Acusada","Acusada",https://www.imdb.com/title/tt7952000/,Película,6.0,108,2018,"Crimen, Drama, Suspense",2793,2018-09-13,"Gonzalo Tobal",7,2023-12-16
1690,tt14803538,2023-12-19,2023-12-19,,"La extorsión","La extorsión",https://www.imdb.com/title/tt14803538/,Película,6.6,105,2023,"Crimen, Suspense",3605,2024-03-08,"Martino Zaidelis",7,2023-12-19
1691,tt29295010,2023-12-22,2023-12-22,,"No me llame Ternera","No me llame Ternera",https://www.imdb.com/title/tt29295010/,Película,6.4,101,2023,"Documental, Crimen, Historia, Misterio",712,2023-12-15,"Marius Sánchez, Jordi Évole",8,2023-12-22
1692,tt16277242,2023-12-23,2023-12-23,,"La sociedad de la nieve","La sociedad de la nieve",https://www.imdb.com/title/tt16277242/,Película,7.8,144,2023,"Aventura, Biografía, Drama, Historia, Suspense",178537,2023-12-15,"J.A. Bayona",8,2023-12-23
1693,tt17351924,2023-12-24,2023-12-24,,"Saltburn","Saltburn",https://www.imdb.com/title/tt17351924/,Película,7.0,130,2023,"Drama, Suspense",272512,2023-12-22,"Emerald Fennell",6,2023-12-31
1694,tt0170016,2023-12-27,2023-12-27,,"El Grinch","How the Grinch Stole Christmas",https://www.imdb.com/title/tt0170016/,Película,6.4,104,2000,"Comedia, Familiar, Fantasía",336695,2000-12-01,"Ron Howard",4,2023-12-27
1695,tt0120647,2023-12-30,2023-12-30,,"Deep Impact","Deep Impact",https://www.imdb.com/title/tt0120647/,Película,6.3,120,1998,"Acción, Drama, Ciencia ficción, Suspense",208111,1998-05-15,"Mimi Leder",5,2023-12-30
1696,tt0054068,2023-12-31,2023-12-31,,"El estafador","Il mattatore",https://www.imdb.com/title/tt0054068/,Película,7.1,103,1960,"Comedia",1041,1961-05-24,"Dino Risi",7,2024-01-01
1697,tt0117381,2024-01-02,2024-01-02,,"Las dos caras de la verdad","Primal Fear",https://www.imdb.com/title/tt0117381/,Película,7.7,129,1996,"Crimen, Drama, Misterio, Suspense",299338,1996-04-26,"Gregory Hoblit",7,2024-01-02
1698,tt0110365,2024-01-07,2024-01-07,,"Cuestión de sangre","Little Odessa",https://www.imdb.com/title/tt0110365/,Película,6.7,98,1994,"Crimen, Drama",10279,1996-02-02,"James Gray",5,2024-01-08
1699,tt0061184,2024-01-08,2024-01-08,,"¿Quién teme a Virginia Woolf?","Who's Afraid of Virginia Woolf?",https://www.imdb.com/title/tt0061184/,Película,8.0,131,1966,"Drama",83902,1966-06-22,"Mike Nichols",7,2024-01-08
1700,tt0115738,2024-01-10,2024-01-10,,"Box of Moonlight","Box of Moonlight",https://www.imdb.com/title/tt0115738/,Película,7.1,112,1996,"Comedia, Drama",6466,1997-06-20,"Tom DiCillo",7,2024-01-10
1701,tt0102307,2024-01-10,2024-01-10,,"Posibilidad de escape","Light Sleeper",https://www.imdb.com/title/tt0102307/,Película,6.9,103,1992,"Crimen, Drama",11581,1994-11-04,"Paul Schrader",6,2024-01-10
1702,tt30394627,2024-01-12,2024-01-12,,"Muchachos, la película de la gente","Muchachos, la película de la gente",https://www.imdb.com/title/tt30394627/,Película,8.1,100,2023,"Documental, Deporte",1220,2023-12-07,"Jesus Braceras",8,2024-01-12
1703,tt0252503,2024-01-12,2024-01-12,,"El último golpe","Heist",https://www.imdb.com/title/tt0252503/,Película,6.5,109,2001,"Acción, Crimen, Drama, Suspense",41676,2003-04-11,"David Mamet",6,2024-01-12
1704,tt6723592,2024-01-14,2024-01-14,,"Tenet","Tenet",https://www.imdb.com/title/tt6723592/,Película,7.3,150,2020,"Acción, Ciencia ficción, Suspense",713004,2020-08-26,"Christopher Nolan",7,2024-01-14
1705,tt14230458,2024-01-27,2024-01-27,,"Pobres criaturas","Poor Things",https://www.imdb.com/title/tt14230458/,Película,7.7,141,2023,"Comedia, Drama, Romance, Ciencia ficción",424775,2024-01-26,"Yorgos Lanthimos",8,2024-01-27
1706,tt5680744,2024-01-29,2024-01-29,,"Permitidos","Permitidos",https://www.imdb.com/title/tt5680744/,Película,5.6,106,2016,"Comedia, Romance",1453,2016-08-04,"Ariel Winograd",2,2024-01-29
1707,tt30796448,2024-02-03,2024-02-03,,"La gran noche del pop","The Greatest Night in Pop",https://www.imdb.com/title/tt30796448/,Película,7.9,96,2024,"Documental, Música",16958,2024-01-29,"Bao Nguyen",8,2024-02-03
1708,tt0134119,2024-02-27,2024-02-27,,"El talento de Mr. Ripley","The Talented Mr. Ripley",https://www.imdb.com/title/tt0134119/,Película,7.4,139,1999,"Crimen, Drama, Suspense",276553,2000-02-25,"Anthony Minghella",7,2024-02-27
1709,tt27503384,2024-03-09,2024-03-09,,"Perfect Days","Perfect Days",https://www.imdb.com/title/tt27503384/,Película,7.9,124,2023,"Drama",113045,2024-01-12,"Wim Wenders",6,2024-03-16
1710,tt7160372,2024-03-16,2024-03-16,,"La zona de interés","The Zone of Interest",https://www.imdb.com/title/tt7160372/,Película,7.3,105,2023,"Drama, Historia, Bélico",193426,2024-01-19,"Jonathan Glazer",7,2024-03-16
1711,tt21379574,2024-03-21,2024-03-21,,"Vivir sin freno: El turbulento mundo de John McAfee","Running with the Devil: The Wild World of John McAfee",https://www.imdb.com/title/tt21379574/,Película,5.9,105,2022,"Documental, Biografía, Crimen",4257,2022-08-24,"Charlie Russell",5,2024-03-21
1712,tt0117008,2024-03-29,2024-03-29,,"Matilda","Matilda",https://www.imdb.com/title/tt0117008/,Película,7.0,98,1996,"Comedia, Familiar, Fantasía",199584,1996-12-20,"Danny DeVito",6,2024-04-07
1713,tt13866866,2024-04-07,2024-04-07,,"Puan","Puan",https://www.imdb.com/title/tt13866866/,Película,6.5,109,2023,"Comedia, Drama",2026,2024-03-27,"María Alché, Benjamín Naishtat",8,2024-04-07
1714,tt23561236,2024-04-12,2024-04-12,,"American Fiction","American Fiction",https://www.imdb.com/title/tt23561236/,Película,7.5,117,2023,"Comedia, Drama",157493,2024-02-27,"Cord Jefferson",8,2024-04-15
1715,tt13640696,2024-04-22,2024-04-22,,"Mira cómo corren","See How They Run",https://www.imdb.com/title/tt13640696/,Película,6.5,98,2022,"Comedia, Crimen, Misterio",75326,2022-10-21,"Tom George",6,2024-04-22
1716,tt0063678,2024-04-26,2024-04-26,,"Teorema","Teorema",https://www.imdb.com/title/tt0063678/,Película,7.0,98,1968,"Drama, Misterio",17228,1976-04-19,"Pier Paolo Pasolini",6,2024-04-26
1717,tt0185014,2024-04-28,2024-04-28,,"Jóvenes prodigiosos","Wonder Boys",https://www.imdb.com/title/tt0185014/,Película,7.2,107,2000,"Comedia, Drama",69477,2000-09-28,"Curtis Hanson",6,2024-04-28
1718,tt14539740,2024-05-15,2024-05-15,,"Godzilla y Kong: El nuevo imperio","Godzilla x Kong: The New Empire",https://www.imdb.com/title/tt14539740/,Película,6.0,115,2024,"Acción, Aventura, Fantasía, Ciencia ficción, Suspense",139429,2024-03-27,"Adam Wingard",5,2024-05-15
1719,tt21800162,2024-05-19,2024-05-19,,"Siempre nos quedará mañana","C'è ancora domani",https://www.imdb.com/title/tt21800162/,Película,7.7,118,2023,"Comedia, Drama, Historia",18994,2024-04-26,"Paola Cortellesi",7,2024-05-19
1720,tt14225838,2024-05-28,2024-05-28,,"Yo capitán","Io capitano",https://www.imdb.com/title/tt14225838/,Película,7.6,121,2023,"Aventura, Drama",18554,2024-01-03,"Matteo Garrone",7,2024-05-28
1721,tt0070735,2024-05-30,2024-05-30,,"El golpe","The Sting",https://www.imdb.com/title/tt0070735/,Película,8.2,129,1973,"Comedia, Crimen, Drama",306759,1974-04-14,"George Roy Hill",7,2024-05-30
1722,tt17279496,2024-06-06,2024-06-06,,"Civil War","Civil War",https://www.imdb.com/title/tt17279496/,Película,7.0,109,2024,"Acción, Suspense, Bélico",275130,2024-04-19,"Alex Garland",6,2024-06-16
1723,tt31922530,2024-06-21,2024-06-21,,"The Beach Boys, el documental","The Beach Boys",https://www.imdb.com/title/tt31922530/,Película,7.1,113,2024,"Documental, Biografía, Música",2668,2024-05-24,"Frank Marshall, Thom Zimny",9,2024-06-21
1724,tt19869662,2024-06-27,2024-06-27,,"La promesa de Irene","Irena's Vow",https://www.imdb.com/title/tt19869662/,Película,6.9,121,2023,"Biografía, Drama, Bélico",3991,2024-05-31,"Louise Archambault",7,2024-06-27
1725,tt0055913,2024-07-01,2024-07-01,,"Divorcio a la italiana","Divorzio all'italiana",https://www.imdb.com/title/tt0055913/,Película,7.9,105,1961,"Comedia, Drama, Romance",15992,1962-05-22,"Pietro Germi",7,2024-07-01
1726,tt0795493,2024-07-07,2024-07-07,,"Cassandra's dream","Cassandra's Dream",https://www.imdb.com/title/tt0795493/,Película,6.6,108,2007,"Crimen, Drama, Romance, Suspense",55671,2007-10-23,"Woody Allen",7,2024-07-07
1727,tt10288566,2024-07-08,2024-07-08,,"Otra ronda","Druk",https://www.imdb.com/title/tt10288566/,Película,7.7,117,2020,"Comedia, Drama",231567,2021-04-09,"Thomas Vinterberg",6,2024-07-08
1728,tt11389872,2024-07-12,2024-07-12,,"El reino del planeta de los simios","Kingdom of the Planet of the Apes",https://www.imdb.com/title/tt11389872/,Película,6.8,145,2024,"Acción, Aventura, Drama, Ciencia ficción, Suspense",172934,2024-05-10,"Wes Ball",8,2024-07-15
1729,tt0071129,2024-07-20,2024-07-20,,"Amarcord","Amarcord",https://www.imdb.com/title/tt0071129/,Película,7.8,123,1973,"Comedia, Drama",52004,1973-12-18,"Federico Fellini",7,2024-07-20
1730,tt17009710,2024-07-26,2024-07-26,,"Anatomía de una caída","Anatomie d'une chute",https://www.imdb.com/title/tt17009710/,Película,7.6,151,2023,"Crimen, Drama, Misterio, Suspense",238783,2023-12-06,"Justine Triet",8,2024-07-29
1731,tt22408160,2024-07-26,2024-07-26,,"Kinds of Kindness","Kinds of Kindness",https://www.imdb.com/title/tt22408160/,Película,6.4,164,2024,"Comedia, Drama, Terror",74573,2024-06-28,"Yorgos Lanthimos",6,2024-07-26
1732,tt0145681,2024-07-30,2024-07-30,,"El coleccionista de huesos","The Bone Collector",https://www.imdb.com/title/tt0145681/,Película,6.7,118,1999,"Crimen, Drama, Misterio, Suspense",203123,2000-02-04,"Phillip Noyce",7,2024-07-30
1733,tt0133152,2024-08-05,2024-08-05,,"El planeta de los simios","Planet of the Apes",https://www.imdb.com/title/tt0133152/,Película,5.7,120,2001,"Acción, Aventura, Ciencia ficción, Suspense",243503,2001-08-31,"Tim Burton",5,2024-08-05
1734,tt8228288,2024-08-12,2024-08-12,,"El hoyo","El hoyo",https://www.imdb.com/title/tt8228288/,Película,7.0,94,2019,"Terror, Misterio, Ciencia ficción, Suspense",331075,2019-11-08,"Galder Gaztelu-Urrutia",4,2024-08-12
1735,tt0072417,2024-08-15,2024-08-15,,"Una mujer bajo la influencia","A Woman Under the Influence",https://www.imdb.com/title/tt0072417/,Película,8.0,155,1974,"Drama, Romance",34236,1976-11-09,"John Cassavetes",5,2024-08-19
1736,tt22022452,2024-08-22,2024-08-22,,"Del revés 2 (Inside Out 2)","Inside Out 2",https://www.imdb.com/title/tt22022452/,Película,7.5,96,2024,"Animación, Aventura, Comedia, Drama, Familiar, Fantasía, Deporte",261765,2024-06-19,"Kelsey Mann",7,2024-08-22
1737,tt0254455,2024-08-24,2024-08-24,,"Lucía y el sexo","Lucía y el sexo",https://www.imdb.com/title/tt0254455/,Película,7.0,128,2001,"Drama, Romance",40916,2001-08-24,"Julio Medem",6,2024-08-25
1738,tt0119099,2024-08-27,2024-08-27,,"Fallen","Fallen",https://www.imdb.com/title/tt0119099/,Película,7.0,124,1998,"Acción, Crimen, Drama, Fantasía, Misterio, Suspense",106193,1998-03-09,"Gregory Hoblit",5,2024-08-30
1739,tt1131729,2024-08-31,2024-08-31,,"Radio encubierta","The Boat That Rocked",https://www.imdb.com/title/tt1131729/,Película,7.3,135,2009,"Comedia, Drama, Música",121447,2009-05-29,"Richard Curtis",8,2024-09-05
1740,tt0050976,2024-09-05,2024-09-05,,"El séptimo sello","Det sjunde inseglet",https://www.imdb.com/title/tt0050976/,Película,8.1,96,1957,"Drama, Fantasía",218245,1991-07-17,"Ingmar Bergman",6,2024-09-05
1741,tt13930782,2024-09-10,2024-09-10,,"El duelo del siglo","Chempion mira",https://www.imdb.com/title/tt13930782/,Película,6.4,145,2021,"Drama, Historia, Deporte",1069,2021-12-30,"Aleksey Sidorov",7,2024-09-10
1742,tt5213534,2024-09-12,2024-09-12,,"Oasis: Supersonic","Oasis: Supersonic",https://www.imdb.com/title/tt5213534/,Película,7.8,122,2016,"Documental, Biografía, Música",14118,2016-10-28,"Mat Whitecross",7,2024-09-12
1743,tt31410930,2024-09-15,2024-09-15,,"No estás sola: La lucha contra la manada","No estás sola",https://www.imdb.com/title/tt31410930/,Película,7.4,102,2024,"Documental",1500,2024-03-01,"Robert Bahar, Almudena Carracedo",7,2024-09-15
1744,tt22375054,2024-09-22,2024-09-22,,"Strange Darling","Strange Darling",https://www.imdb.com/title/tt22375054/,Película,7.0,97,2023,"Terror, Suspense",72851,2024-08-23,"JT Mollner",8,2024-09-22
1745,tt0056512,2024-10-04,2024-10-04,,"La escapada","Il sorpasso",https://www.imdb.com/title/tt0056512/,Película,8.2,108,1962,"Aventura, Comedia, Drama",14825,1963-06-20,"Dino Risi",8,2024-10-07
1746,tt30342692,2024-10-09,2024-10-09,,"Soccer Soul","Elijo creer",https://www.imdb.com/title/tt30342692/,Película,7.1,102,2023,"Documental, Deporte",826,2023-12-07,"Gonzalo Arias, Martín Méndez",5,2024-10-09
1747,tt14176542,2024-10-11,2024-10-11,,"Bardo. Falsa crónica de unas cuantas verdades","Bardo, falsa crónica de unas cuantas verdades",https://www.imdb.com/title/tt14176542/,Película,6.7,159,2022,"Comedia, Drama",16862,2022-12-16,"Alejandro G. Iñárritu",6,2024-10-11
1748,tt33098735,2024-10-13,2024-10-13,,"Culpa cero","Culpa cero",https://www.imdb.com/title/tt33098735/,Película,5.7,106,2024,"Comedia, Drama",483,2024-08-08,"Valeria Bertuccelli, Mora Elizalde",7,2024-10-13
1749,tt0119468,2024-10-15,2024-10-15,,"El coleccionista de amantes","Kiss the Girls",https://www.imdb.com/title/tt0119468/,Película,6.6,115,1997,"Crimen, Drama, Misterio, Suspense",101731,1998-01-21,"Gary Fleder",7,2024-10-16
1750,tt0054387,2024-10-16,2024-10-16,,"El tiempo en sus manos","The Time Machine",https://www.imdb.com/title/tt0054387/,Película,7.5,103,1960,"Aventura, Romance, Ciencia ficción, Suspense",47922,1960-07-15,"George Pal",8,2024-10-16
1751,tt0135157,2024-10-17,2024-10-17,,"Besos en la frente","Besos en la frente",https://www.imdb.com/title/tt0135157/,Película,6.2,95,1996,"Drama",172,1996-09-05,"Carlos Galettini",6,2024-10-17
1752,tt5112584,2024-10-20,2024-10-20,,"Lee Miller","Lee",https://www.imdb.com/title/tt5112584/,Película,6.9,117,2023,"Biografía, Drama, Historia, Bélico",36557,2025-03-07,"Ellen Kuras",6,2024-11-01
1753,tt17526714,2024-11-01,2024-11-01,,"La sustancia","The Substance",https://www.imdb.com/title/tt17526714/,Película,7.2,141,2024,"Drama, Terror, Ciencia ficción",467478,2024-10-11,"Coralie Fargeat",7,2024-11-01
1754,tt8772262,2024-11-02,2024-11-02,,"Midsommar","Midsommar",https://www.imdb.com/title/tt8772262/,Película,7.1,148,2019,"Drama, Terror, Misterio, Suspense",500129,2019-07-26,"Ari Aster",8,2024-11-02
1755,tt0290673,2024-11-04,2024-11-04,,"Irreversible","Irréversible",https://www.imdb.com/title/tt0290673/,Película,7.3,97,2002,"Crimen, Drama, Misterio, Suspense",165905,2002-10-11,"Gaspar Noé",8,2024-11-06
1756,tt21942866,2024-11-05,2024-11-05,,"Dream Scenario","Dream Scenario",https://www.imdb.com/title/tt21942866/,Película,6.8,102,2023,"Comedia, Drama, Fantasía, Terror",97782,2024-03-01,"Kristoffer Borgli",6,2024-11-05
1757,tt2049403,2024-11-07,2024-11-07,,"Bitelchús Bitelchús","Beetlejuice Beetlejuice",https://www.imdb.com/title/tt2049403/,Película,6.6,105,2024,"Comedia, Fantasía, Terror",180329,2024-09-06,"Tim Burton",5,2024-11-07
1758,tt33501680,2024-11-07,2024-11-07,,"María Soledad: El fin del silencio","María Soledad: El fin del silencio",https://www.imdb.com/title/tt33501680/,Película,6.4,95,2024,"Documental, Crimen",633,2024-10-10,"Lorena Muñoz",7,2024-11-07
1759,tt33615797,2024-11-11,2024-11-11,,"#SeAcabó: Diario de las campeonas","#SeAcabó: Diario de las campeonas",https://www.imdb.com/title/tt33615797/,Película,7.0,95,2024,"Documental, Deporte",762,2024-11-01,"Joanna Pardos",6,2024-11-11
1760,tt18291892,2024-11-12,2024-11-12,,"Calladita","Calladita",https://www.imdb.com/title/tt18291892/,Película,6.1,94,2023,"Comedia, Drama",1419,2024-05-17,"Miguel Faus",6,2024-11-12
1761,tt6752992,2024-11-13,2024-11-13,,"Lazzaro feliz","Lazzaro felice",https://www.imdb.com/title/tt6752992/,Película,7.5,128,2018,"Drama, Fantasía, Misterio",23596,2018-11-09,"Alice Rohrwacher",6,2024-11-13
1762,tt24300758,2024-11-25,2024-11-25,,"Puntos suspensivos","Puntos suspensivos",https://www.imdb.com/title/tt24300758/,Película,6.1,90,2024,"Suspense",637,2024-09-20,"David Marqués",5,2024-11-25
1763,tt10370710,2024-11-26,2024-11-26,,"La peor persona del mundo","Verdens verste menneske",https://www.imdb.com/title/tt10370710/,Película,7.7,128,2021,"Comedia, Drama, Romance",133113,2022-03-11,"Joachim Trier",8,2024-11-28
1764,tt0113540,2024-12-03,2024-12-03,,"Kids","Kids",https://www.imdb.com/title/tt0113540/,Película,7.0,91,1995,"Drama",92867,1995-10-27,"Larry Clark",8,2024-12-03
1765,tt0057012,2024-12-04,2024-12-04,,"Teléfono rojo: volamos hacia Moscú","Dr. Strangelove or: How I Learned to Stop Worrying and Love the Bomb",https://www.imdb.com/title/tt0057012/,Película,8.3,95,1964,"Comedia, Bélico",555430,1966-01-10,"Stanley Kubrick",7,2024-12-04
1766,tt0112818,2024-12-07,2024-12-07,,"Pena de muerte","Dead Man Walking",https://www.imdb.com/title/tt0112818/,Película,7.5,122,1995,"Crimen, Drama",109847,1996-03-08,"Tim Robbins",6,2024-12-14
1767,tt3612616,2024-12-08,2024-12-08,,"Mommy","Mommy",https://www.imdb.com/title/tt3612616/,Película,8.0,139,2014,"Drama",66265,2015-03-05,"Xavier Dolan",6,2024-12-09
1768,tt9598492,2024-12-11,2024-12-11,,"Under the Volcano","Under the Volcano",https://www.imdb.com/title/tt9598492/,Película,7.7,96,2021,"Documental, Música",702,2021-07-26,"Gracie Otto",7,2024-12-11
1769,tt1727388,2024-12-13,2024-12-13,,"El camino de vuelta","The Way, Way Back",https://www.imdb.com/title/tt1727388/,Película,7.4,103,2013,"Comedia, Drama",165177,2013-11-15,"Nat Faxon, Jim Rash",6,2024-12-14
1770,tt0808232,2024-12-16,2024-12-16,,"A Dog Year","A Dog Year",https://www.imdb.com/title/tt0808232/,Película,6.0,80,2009,"Comedia, Drama",4168,2009-09-03,"George LaVoo",6,2024-12-16
1771,tt21382296,2024-12-21,2024-12-21,,"Equipaje de mano","Carry-On",https://www.imdb.com/title/tt21382296/,Película,6.5,119,2024,"Acción, Crimen, Suspense",199608,2024-12-13,"Jaume Collet-Serra",6,2024-12-23
1772,tt0068226,2024-12-22,2024-12-22,,"El asesinato de Trotsky","The Assassination of Trotsky",https://www.imdb.com/title/tt0068226/,Película,5.7,103,1972,"Biografía, Drama, Historia, Suspense",2154,1972-03-30,"Joseph Losey",5,2024-12-23
1773,tt11315808,2024-12-22,2024-12-22,,"Joker: Folie à Deux","Joker: Folie à Deux",https://www.imdb.com/title/tt11315808/,Película,5.2,138,2024,"Drama, Musical, Suspense",189285,2024-10-04,"Todd Phillips",5,2024-12-23
1774,tt30467885,2024-12-26,2024-12-26,,"El ministro de propaganda","Führer und Verführer",https://www.imdb.com/title/tt30467885/,Película,6.7,135,2024,"Biografía, Drama, Historia, Bélico",3690,2024-11-29,"Joachim Lang",7,2024-12-26
1775,tt9415108,2024-12-30,2024-12-30,,"El informe Auschwitz","The Auschwitz Report",https://www.imdb.com/title/tt9415108/,Película,6.6,94,2021,"Drama, Historia, Bélico",3608,2021-03-18,"Peter Bebjak",8,2024-12-30
1776,tt0048918,2024-12-31,2024-12-31,,"1984","1984",https://www.imdb.com/title/tt0048918/,Película,6.9,90,1956,"Drama, Ciencia ficción",4990,1956-09,"Michael Anderson",6,2024-12-31
1777,tt0105462,2025-01-02,2025-01-02,,"Stalin","Stalin",https://www.imdb.com/title/tt0105462/,Película de TV,7.0,172,1992,"Biografía, Crimen, Drama, Historia, Suspense, Bélico",3075,1992,"Ivan Passer",7,2025-01-11
1778,tt27403986,2025-01-04,2025-01-04,,"Jurado Nº 2","Juror #2",https://www.imdb.com/title/tt27403986/,Película,7.0,114,2024,"Crimen, Drama, Misterio, Suspense",132259,2024-10-31,"Clint Eastwood",8,2025-01-04
1779,tt0274558,2025-01-11,2025-01-11,,"Las horas","The Hours",https://www.imdb.com/title/tt0274558/,Película,7.5,114,2002,"Drama, Romance",148242,2003-02-21,"Stephen Daldry",5,2025-01-11
1780,tt0099776,2025-01-14,2025-01-14,,"Europa Europa","Europa Europa",https://www.imdb.com/title/tt0099776/,Película,7.5,112,1990,"Drama, Historia, Bélico",18814,1990-11-14,"Agnieszka Holland",8,2025-01-14
1781,tt0055031,2025-01-15,2025-01-15,,"Vencedores o vencidos","Judgment at Nuremberg",https://www.imdb.com/title/tt0055031/,Película,8.3,179,1961,"Drama, Historia, Bélico",98756,1961-12-18,"Stanley Kramer",8,2025-01-15
1782,tt10267396,2025-01-17,2025-01-17,,"Sid y Judy","Sid & Judy",https://www.imdb.com/title/tt10267396/,Película,7.4,95,2019,"Documental, Biografía, Historia",641,2020-05-24,"Stephen Kijak",7,2025-01-17
1783,tt3808342,2025-01-28,2025-01-28,,"El hijo de Saúl","Saul fia",https://www.imdb.com/title/tt3808342/,Película,7.4,107,2015,"Drama, Bélico",54931,2016-01-15,"László Nemes",8,2025-01-30
1784,tt0964185,2025-01-31,2025-01-31,,"Tetro","Tetro",https://www.imdb.com/title/tt0964185/,Película,6.8,127,2009,"Drama",14349,2009-06-26,"Francis Ford Coppola",6,2025-01-31
1785,tt0088855,2025-02-02,2025-02-02,,"Tráeme la noche","Bring on the Night",https://www.imdb.com/title/tt0088855/,Película,7.5,97,1985,"Documental, Música",711,1985-11-08,"Michael Apted",8,2025-02-04
1786,tt5221584,2025-02-08,2025-02-08,,"Doña Clara","Aquarius",https://www.imdb.com/title/tt5221584/,Película,7.4,146,2016,"Drama",22345,2017-03-10,"Kleber Mendonça Filho",8,2025-02-13
1787,tt28082769,2025-02-13,2025-02-13,,"Septiembre 5","September 5",https://www.imdb.com/title/tt28082769/,Película,7.1,95,2024,"Drama, Historia, Suspense",39039,2025-01-31,"Tim Fehlbaum",6,2025-02-14
1788,tt14731294,2025-02-14,2025-02-14,,"La uruguaya","La uruguaya",https://www.imdb.com/title/tt14731294/,Película,6.3,78,2022,"Drama",784,2023-04-27,"Ana García Blaya",6,2025-02-14
1789,tt27751957,2025-03-06,2025-03-06,,"El 47","El 47",https://www.imdb.com/title/tt27751957/,Película,7.2,110,2024,"Biografía, Drama",5454,2024-09-06,"Marcel Barrena",7,2025-03-06
1790,tt21823606,2025-03-08,2025-03-08,,"A Real Pain","A Real Pain",https://www.imdb.com/title/tt21823606/,Película,7.0,90,2024,"Comedia, Drama",166909,2025-01-10,"Jesse Eisenberg",5,2025-03-08
1791,tt11563598,2025-03-09,2025-03-09,,"A Complete Unknown","A Complete Unknown",https://www.imdb.com/title/tt11563598/,Película,7.3,141,2024,"Biografía, Drama, Música",122970,2025-02-28,"James Mangold",7,2025-03-09
1792,tt28607951,2025-03-11,2025-03-11,,"Anora","Anora",https://www.imdb.com/title/tt28607951/,Película,7.4,139,2024,"Comedia, Drama, Romance",310385,2024-10-31,"Sean Baker",7,2025-03-11
1793,tt14961016,2025-03-15,2025-03-15,,"Aún estoy aquí","Ainda Estou Aqui",https://www.imdb.com/title/tt14961016/,Película,8.1,137,2024,"Biografía, Drama, Historia",172308,2025-02-21,"Walter Salles",7,2025-03-15
1794,tt27714946,2025-03-27,2025-03-27,,"The Monkey","The Monkey",https://www.imdb.com/title/tt27714946/,Película,5.9,98,2025,"Terror",98557,2025-02-21,"Osgood Perkins",7,2025-03-27
1795,tt1226229,2025-03-30,2025-03-30,,"Todo sobre mi desmadre","Get Him to the Greek",https://www.imdb.com/title/tt1226229/,Película,6.3,109,2010,"Comedia, Música",191346,2010-08-27,"Nicholas Stoller",7,2025-03-30
1796,tt10530176,2025-04-02,2025-04-02,,"El teléfono","Kol",https://www.imdb.com/title/tt10530176/,Película,7.1,112,2020,"Crimen, Terror, Misterio, Ciencia ficción, Suspense",55058,2020-11-27,"Chung-Hyun Lee",7,2025-04-02
1797,tt12299608,2025-04-03,2025-04-03,,"Mickey 17","Mickey 17",https://www.imdb.com/title/tt12299608/,Película,6.7,137,2025,"Aventura, Comedia, Fantasía, Ciencia ficción",266827,2025-03-07,"Bong Joon Ho",7,2025-04-03
1798,tt8999762,2025-04-07,2025-04-07,,"The Brutalist","The Brutalist",https://www.imdb.com/title/tt8999762/,Película,7.2,216,2024,"Drama",164781,2025-01-24,"Brady Corbet",8,2025-04-07
1799,tt0196216,2025-04-10,2025-04-10,,"Granujas de medio pelo","Small Time Crooks",https://www.imdb.com/title/tt0196216/,Película,6.6,94,2000,"Comedia, Crimen",43079,2000-12-05,"Woody Allen",5,2025-04-10
1800,tt0056995,2025-04-17,2025-04-17,,"El diablo","Il diavolo",https://www.imdb.com/title/tt0056995/,Película,6.2,103,1963,"Comedia, Fantasía",460,1963-04-12,"Gian Luigi Polidoro",7,2025-04-17
1801,tt0101761,2025-04-18,2025-04-18,,"The Doors","The Doors",https://www.imdb.com/title/tt0101761/,Película,7.2,141,1991,"Biografía, Drama, Música",108309,1991-04-26,"Oliver Stone",4,2025-04-28
1802,tt0052216,2025-04-25,2025-04-25,,"Rufufú","I soliti ignoti",https://www.imdb.com/title/tt0052216/,Película,7.9,106,1958,"Comedia, Crimen",13084,1958-11-06,"Mario Monicelli",7,2025-04-25
1803,tt0266987,2025-04-28,2025-04-28,,"Spy Game (Juego de espías)","Spy Game",https://www.imdb.com/title/tt0266987/,Película,7.1,126,2001,"Acción, Crimen, Suspense",178917,2001-12-05,"Tony Scott",4,2025-04-28
1804,tt0095801,2025-05-12,2025-05-12,,"Bagdad Café","Out of Rosenheim",https://www.imdb.com/title/tt0095801/,Película,7.4,95,1987,"Comedia, Drama",16795,1988-12-15,"Percy Adlon",6,2025-05-12
1805,tt0058461,2025-05-16,2025-05-16,,"Por un puñado de dólares","Per un pugno di dollari",https://www.imdb.com/title/tt0058461/,Película,7.9,99,1964,"Drama, Del oeste",257329,1964-09-12,"Sergio Leone",7,2025-05-16
1806,tt0273069,2025-05-18,2025-05-18,,"El adversario","L'adversaire",https://www.imdb.com/title/tt0273069/,Película,6.7,129,2002,"Crimen, Drama, Misterio, Suspense",4349,2003-02-21,"Nicole Garcia",7,2025-05-18
1807,tt0324197,2025-05-20,2025-05-20,,"El tiempo del lobo","Le temps du loup",https://www.imdb.com/title/tt0324197/,Película,6.4,114,2003,"Drama",12470,2004-05-21,"Michael Haneke",6,2025-05-20
1808,tt27726927,2025-05-25,2025-05-25,,"Wham!","Wham!",https://www.imdb.com/title/tt27726927/,Película,7.5,92,2023,"Documental, Biografía, Música",10273,2023-07-05,"Chris Smith",7,2025-05-25
1809,tt29298085,2025-05-27,2025-05-27,,"Marco","Marco",https://www.imdb.com/title/tt29298085/,Película,6.9,101,2024,"Biografía, Drama",1940,2024-11-08,"Aitor Arregi, Jon Garaño",7,2025-05-27
1810,tt0379725,2025-06-01,2025-06-01,,"Truman Capote","Capote",https://www.imdb.com/title/tt0379725/,Película,7.3,114,2005,"Biografía, Crimen, Drama, Historia",150833,2006-02-24,"Bennett Miller",6,2025-06-01
1811,tt0185937,2025-06-05,2025-06-05,,"El proyecto de la bruja de Blair","The Blair Witch Project",https://www.imdb.com/title/tt0185937/,Película,6.5,81,1999,"Terror, Misterio",323840,1999-10-29,"Daniel Myrick, Eduardo Sánchez",7,2025-06-05
1812,tt9619824,2025-06-07,2025-06-07,,"Destino final: Lazos de sangre","Final Destination: Bloodlines",https://www.imdb.com/title/tt9619824/,Película,6.7,110,2025,"Terror, Suspense",172958,2025-05-16,"Zach Lipovsky, Adam B. Stein",7,2025-06-07
1813,tt32550101,2025-06-12,2025-06-12,,"Harta","Straw",https://www.imdb.com/title/tt32550101/,Película,6.5,105,2025,"Drama, Suspense",32466,2025-06-06,"Tyler Perry",3,2025-06-12
1814,tt28309594,2025-06-14,2025-06-14,,"Nonnas","Nonnas",https://www.imdb.com/title/tt28309594/,Película,6.8,111,2025,"Comedia, Drama, Familiar",49667,2025-05-09,"Stephen Chbosky",6,2025-06-14
1815,tt8866456,2025-06-15,2025-06-15,,"La leyenda de Ochi","The Legend of Ochi",https://www.imdb.com/title/tt8866456/,Película,5.8,95,2025,"Aventura, Familiar, Fantasía",10404,2026-01-30,"Isaiah Saxon",5,2025-06-15
1816,tt30953759,2025-06-27,2025-06-27,,"No Other Land","La ard ukhrá",https://www.imdb.com/title/tt30953759/,Película,8.2,92,2024,"Documental",56728,2024-12-20,"Yuval Abraham, Basel Adra, Hamdan Ballal, Rachel Szor",8,2025-06-27
1817,tt20215234,2025-07-04,2025-07-04,,"Cónclave","Conclave",https://www.imdb.com/title/tt20215234/,Película,7.4,120,2024,"Drama, Suspense",289213,2024-12-20,"Edward Berger",7,2025-07-04
1818,tt0335563,2025-08-04,2025-08-04,,"Wonderland","Wonderland",https://www.imdb.com/title/tt0335563/,Película,6.5,104,2003,"Crimen, Drama, Misterio, Suspense",24999,2004-05-28,"James Cox",6,2025-08-04
1819,tt31036941,2025-08-09,2025-08-09,,"Jurassic World: El renacer","Jurassic World: Rebirth",https://www.imdb.com/title/tt31036941/,Película,5.8,133,2025,"Acción, Aventura, Ciencia ficción, Suspense",206956,2025-07-02,"Gareth Edwards",5,2025-08-12
1820,tt0094924,2025-08-20,2025-08-20,,"Un grito en la oscuridad","Evil Angels",https://www.imdb.com/title/tt0094924/,Película,6.9,120,1988,"Biografía, Drama",12312,1988-11-03,"Fred Schepisi",7,2025-08-20
1821,tt30144839,2025-10-12,2025-10-12,,"Una batalla tras otra","One Battle After Another",https://www.imdb.com/title/tt30144839/,Película,7.6,161,2025,"Crimen, Suspense",451087,2025-09-26,"Paul Thomas Anderson",9,2025-10-12
1822,tt0290591,2025-10-13,2025-10-13,,"En construcción","En construcción",https://www.imdb.com/title/tt0290591/,Película,7.3,125,2001,"Documental",900,2001-10-19,"José Luis Guerín",6,2025-10-13
1823,tt26683420,2025-10-17,2025-10-17,,"John Candy: yo me gusto","John Candy: I Like Me",https://www.imdb.com/title/tt26683420/,Película,8.0,113,2025,"Documental, Biografía, Comedia",12953,2025-10-10,"Colin Hanks",8,2025-10-17
1824,tt28996126,2025-11-02,2025-11-02,,"Nadie 2","Nobody 2",https://www.imdb.com/title/tt28996126/,Película,6.3,89,2025,"Acción, Comedia, Crimen, Suspense",105665,2025-08-14,"Timo Tjahjanto",6,2025-11-03
1825,tt1312221,2025-11-12,2025-11-12,,"Frankenstein","Frankenstein",https://www.imdb.com/title/tt1312221/,Película,7.4,149,2025,"Drama, Fantasía, Terror, Ciencia ficción",341150,2025-11-07,"Guillermo del Toro",7,2025-11-12
1826,tt0093629,2025-11-20,2025-11-20,,"Pesadilla en Elm Street 3: Los guerreros del sueño","A Nightmare on Elm Street 3: Dream Warriors",https://www.imdb.com/title/tt0093629/,Película,6.7,96,1987,"Fantasía, Terror",101457,1987-06-26,"Chuck Russell",7,2025-11-20
1827,tt38457052,2025-11-21,2025-11-21,,"Aileen: La reina de las asesinas en serie","Aileen: Queen of the Serial Killers",https://www.imdb.com/title/tt38457052/,Película,6.1,104,2025,"Documental, Crimen",5063,2025-10-30,"Emily Turner",6,2025-11-21
1828,tt27698095,2025-11-25,2025-11-25,,"La mujer de la fila","La mujer de la fila",https://www.imdb.com/title/tt27698095/,Película,6.5,105,2025,"Biografía, Crimen, Drama, Suspense",986,2026-07-24,"Benjamín Ávila",7,2025-11-25
1829,tt32139294,2025-11-26,2025-11-26,,"O Menino d'Olho d'Água","O Menino d'Olho d'Água",https://www.imdb.com/title/tt32139294/,Película,7.4,74,2024,"Documental",20,2024-11-17,"Lírio Ferreira, Carolina Sá",7,2025-11-26
1830,tt0083511,2025-12-12,2025-12-12,,"Límite: 48 horas","48 Hrs.",https://www.imdb.com/title/tt0083511/,Película,6.9,96,1982,"Acción, Comedia, Crimen, Drama, Suspense",94575,1983-04-13,"Walter Hill",6,2025-12-12
1831,tt11417886,2025-12-21,2025-12-21,,"El prófugo","El prófugo",https://www.imdb.com/title/tt11417886/,Película,6.0,90,2020,"Terror, Suspense",1343,2021-09-30,"Natalia Meta",5,2025-12-21
1832,tt0110167,2025-12-22,2025-12-22,,"Te puede pasar a ti","It Could Happen to You",https://www.imdb.com/title/tt0110167/,Película,6.4,101,1994,"Comedia, Drama, Romance",49854,1995-02-13,"Andrew Bergman",7,2025-12-22
1833,tt1571249,2025-12-27,2025-12-27,,"The Skeleton Twins","The Skeleton Twins",https://www.imdb.com/title/tt1571249/,Película,6.8,93,2014,"Comedia, Drama, Romance",47204,2014-11-14,"Craig Johnson",7,2025-12-27
1834,tt10128846,2025-12-28,2025-12-28,,"Megalópolis - Una fábula","Megalopolis: A Fable",https://www.imdb.com/title/tt10128846/,Película,4.6,138,2024,"Drama, Fantasía, Ciencia ficción",43263,2024-09-27,"Francis Ford Coppola",5,2025-12-28
1835,tt16300962,2025-12-29,2025-12-29,,"Cuando acecha la maldad","Cuando acecha la maldad",https://www.imdb.com/title/tt16300962/,Película,6.9,99,2023,"Terror",64812,2024-01-19,"Demián Rugna",3,2025-12-29
1836,tt11858890,2026-01-02,2026-01-02,,"The Creator","The Creator",https://www.imdb.com/title/tt11858890/,Película,6.7,133,2023,"Acción, Aventura, Drama, Ciencia ficción, Suspense",206076,2023-09-29,"Gareth Edwards",6,2026-01-02
1837,tt0813630,2026-01-03,2026-01-03,,"Una novia errante","Una novia errante",https://www.imdb.com/title/tt0813630/,Película,6.1,85,2007,"Drama",270,2007-06-07,"Ana Katz",5,2026-01-03
1838,tt0910936,2026-01-03,2026-01-03,,"Superfumados","Pineapple Express",https://www.imdb.com/title/tt0910936/,Película,6.9,112,2008,"Acción, Comedia, Crimen",375889,2008-12-05,"David Gordon Green",6,2026-01-03
1839,tt0117318,2026-01-05,2026-01-05,,"El escándalo de Larry Flynt","The People vs. Larry Flynt",https://www.imdb.com/title/tt0117318/,Película,7.3,130,1996,"Biografía, Drama",107005,1997-02-25,"Miloš Forman",7,2026-01-05
1840,tt31227572,2026-01-10,2026-01-10,,"Predator: Badlands","Predator: Badlands",https://www.imdb.com/title/tt31227572/,Película,7.2,107,2025,"Acción, Aventura, Ciencia ficción, Suspense",171291,2025-11-07,"Dan Trachtenberg",7,2026-01-10
1841,tt34996428,2026-01-21,2026-01-21,,"Homo Argentum","Homo Argentum",https://www.imdb.com/title/tt34996428/,Película,5.8,98,2025,"Comedia",5492,2025-12-25,"Mariano Cohn, Gastón Duprat",4,2026-01-21
1842,tt35727965,2026-02-01,2026-02-01,,"Mazel Tov","Mazel Tov",https://www.imdb.com/title/tt35727965/,Película,6.1,97,2025,"Comedia, Drama",792,2025-04-17,"Adrián Suar",6,2026-02-01
1843,tt14142060,2026-02-09,2026-02-09,,"Rental Family (Familia de alquiler)","Rental Family",https://www.imdb.com/title/tt14142060/,Película,7.5,109,2025,"Comedia, Drama",67788,2026-01-09,"Hikari",6,2026-02-09
1844,tt29567915,2026-03-10,2026-03-10,,"Núremberg","Nuremberg",https://www.imdb.com/title/tt29567915/,Película,7.3,148,2025,"Biografía, Drama, Historia, Suspense, Bélico",121071,2025-11-28,"James Vanderbilt",7,2026-03-10
1845,tt27847051,2026-03-12,2026-03-12,,"El agente secreto","O Agente Secreto",https://www.imdb.com/title/tt27847051/,Película,7.2,161,2025,"Crimen, Drama, Misterio, Suspense",63998,2026-02-20,"Kleber Mendonça Filho",8,2026-03-14
1846,tt0129290,2026-03-14,2026-03-14,,"Patch Adams","Patch Adams",https://www.imdb.com/title/tt0129290/,Película,6.9,115,1998,"Biografía, Comedia, Drama, Romance",131678,1999-02-26,"Tom Shadyac",7,2026-03-14
1847,tt37751099,2026-03-22,2026-03-22,,"Sombra nómada","Nomad Shadow",https://www.imdb.com/title/tt37751099/,Película,6.8,82,2025,"Drama",39,2026-10-02,"Eimi Imanishi",7,2026-03-22
1848,tt32298285,2026-04-02,2026-04-02,,"Sirât","Sirât",https://www.imdb.com/title/tt32298285/,Película,7.0,114,2025,"Acción, Aventura, Drama, Música, Misterio, Suspense",38592,2025-06-06,"Oliver Laxe",4,2026-04-02
1849,tt22892896,2026-04-18,2026-04-18,,"Ghislaine Maxwell: Asquerosamente rica","Ghislaine Maxwell: Filthy Rich",https://www.imdb.com/title/tt22892896/,Película,6.1,101,2022,"Documental, Crimen",4695,2022-11-25,"Maiken Baird, Lisa Bryant",6,2026-04-18
1850,tt1568346,2026-04-26,2026-04-26,,"Millennium: Los hombres que no amaban a las mujeres","The Girl with the Dragon Tattoo",https://www.imdb.com/title/tt1568346/,Película,7.8,158,2011,"Crimen, Drama, Misterio, Suspense",534709,2012-01-13,"David Fincher",6,2026-04-26
1851,tt9071322,2026-04-26,2026-04-26,,"Aguas oscuras","Dark Waters",https://www.imdb.com/title/tt9071322/,Película,7.6,126,2019,"Biografía, Drama, Historia, Suspense",123755,2020-01-24,"Todd Haynes",7,2026-04-26
1852,tt9484998,2026-04-26,2026-04-26,,"Palm Springs","Palm Springs",https://www.imdb.com/title/tt9484998/,Película,7.4,90,2020,"Comedia, Fantasía, Misterio, Romance, Ciencia ficción",219940,2021-01-29,"Max Barbakow",7,2026-04-26
1853,tt0458352,2026-05-10,2026-05-10,,"El diablo viste de Prada","The Devil Wears Prada",https://www.imdb.com/title/tt0458352/,Película,7.0,109,2006,"Comedia, Drama",574581,2006-10-06,"David Frankel",6,2026-05-10
1854,tt27811248,2026-05-22,2026-05-22,,"Las catadoras de Hitler","Le assaggiatrici",https://www.imdb.com/title/tt27811248/,Película,6.4,123,2025,"Drama, Historia, Bélico",3219,2026-05-22,"Silvio Soldini",6,2026-06-14
1855,tt0103030,2026-05-31,2026-05-31,,"Tacones lejanos","Tacones lejanos",https://www.imdb.com/title/tt0103030/,Película,7.0,112,1991,"Comedia, Drama, Romance",19160,1991-10-23,"Pedro Almodóvar",4,2026-06-02
1856,tt31195136,2026-06-13,2026-06-13,,"Normal","Normal",https://www.imdb.com/title/tt31195136/,Película,6.3,91,2025,"Acción, Crimen, Suspense",36176,2026-07-01,"Ben Wheatley",5,2026-06-13
1857,tt16431404,2026-06-23,2026-06-23,,"Depredador dominante","Apex",https://www.imdb.com/title/tt16431404/,Película,6.1,95,2026,"Acción, Suspense",111483,2026-04-24,"Baltasar Kormákur",7,2026-06-23
1858,tt37969901,2026-06-26,2026-06-26,,"Torrente Presidente","Torrente Presidente",https://www.imdb.com/title/tt37969901/,Película,5.6,102,2026,"Comedia",4495,2026-03-13,"Santiago Segura",3,2026-06-26
1859,tt0188124,2026-07-02,2026-07-02,,"Para Viver um Grande Amor","Para Viver um Grande Amor",https://www.imdb.com/title/tt0188124/,Película,5.9,103,1984,"Musical",83,,"Miguel Faria Jr.",6,2026-07-02
1860,tt41376508,2026-07-06,2026-07-06,,"Ridiculous","Ridiculous",https://www.imdb.com/title/tt41376508/,Especial de TV,6.9,61,2026,"Comedia",2604,2026-06-30,"Louis C.K.",9,2026-07-06
1861,tt35513027,2026-07-13,2026-07-13,,"Los domingos","Los domingos",https://www.imdb.com/title/tt35513027/,Película,7.3,117,2025,"Drama, Suspense",5486,2025-10-17,"Alauda Ruiz de Azúa",7,2026-07-13
1862,tt41593328,2026-07-14,2026-07-14,,"El partido","El partido",https://www.imdb.com/title/tt41593328/,Película,8.1,91,2026,"Documental, Historia, Deporte",431,2026-05-21,"Juan Cabral, Santiago Franco",8,2026-07-14
1863,tt8550054,2026-07-22,2026-07-22,,"Pleasure","Pleasure",https://www.imdb.com/title/tt8550054/,Película,6.3,109,2021,"Drama",27045,2023-04-25,"Ninja Thyberg",7,2026-07-22
1864,tt35695538,2026-07-24,2026-07-24,,"La sombra de mi padre","My Father's Shadow",https://www.imdb.com/title/tt35695538/,Película,7.3,94,2025,"Drama",2735,2026-02-06,"Akinola Davies",6,2026-07-24
1865,tt37287335,2026-08-03,2026-08-03,,"Obsession","Obsession",https://www.imdb.com/title/tt37287335/,Película,7.8,109,2025,"Terror, Suspense",393552,2026-06-26,"Curry Barker",8,2026-08-03
1866,tt11378946,2026-08-04,2026-08-04,,"Michael","Michael",https://www.imdb.com/title/tt11378946/,Película,7.3,127,2026,"Biografía, Drama, Historia, Música",192671,2026-04-22,"Antoine Fuqua",7,2026-08-04
1867,tt0114681,2026-08-05,2026-08-05,,"Todo por un sueño","To Die For",https://www.imdb.com/title/tt0114681/,Película,6.8,106,1995,"Comedia, Crimen, Drama, Suspense",61393,1995-10-18,"Gus Van Sant",5,2026-08-05
1868,tt32547691,2026-08-06,2026-08-06,,"Tiempo de victoria","Pressure",https://www.imdb.com/title/tt32547691/,Película,7.3,100,2026,"Drama, Historia, Suspense, Bélico",37569,2026-09-18,"Anthony Maras",7,2026-08-06
1869,tt8075192,2026-08-08,2026-08-08,,"Un asunto de familia","Manbiki kazoku",https://www.imdb.com/title/tt8075192/,Película,7.9,121,2018,"Crimen, Drama, Suspense",96910,2018-12-21,"Hirokazu Koreeda",7,2026-08-08
1870,tt15047880,2026-08-10,2026-08-10,,"El día de la revelación","Disclosure Day",https://www.imdb.com/title/tt15047880/,Película,6.4,145,2026,"Acción, Misterio, Ciencia ficción, Suspense",164708,2026-06-12,"Steven Spielberg",7,2026-08-10
1871,tt8662338,2026-08-12,2026-08-12,,"Fattoruso","Fattoruso",https://www.imdb.com/title/tt8662338/,Película,7.9,82,2017,"Documental, Música",10,2017-05-06,"Santiago Bednarik",8,2026-08-12
1872,tt13352968,2026-08-13,2026-08-13,,"Buena suerte, Leo Grande","Good Luck to You, Leo Grande",https://www.imdb.com/title/tt13352968/,Película,7.2,97,2022,"Comedia, Drama",45487,2022-09-02,"Sophie Hyde",4,2026-08-15
1873,tt0110322,2026-08-16,2026-08-16,,"Leyendas de pasión","Legends of the Fall",https://www.imdb.com/title/tt0110322/,Película,7.5,133,1994,"Drama, Romance, Bélico, Del oeste",202555,1995-03-10,"Edward Zwick",5,2026-08-29
1874,tt6039532,2026-08-17,2026-08-17,,"Tokyo Idols","Tokyo Idols",https://www.imdb.com/title/tt6039532/,Película,6.9,90,2017,"Documental, Música",1386,2017-06-27,"Kyoko Miyake",7,2026-08-17
1875,tt0110570,2026-08-25,2026-08-25,,"El monstruo","Il mostro",https://www.imdb.com/title/tt0110570/,Película,7.3,112,1994,"Comedia, Crimen, Misterio",12667,1995-07-28,"Roberto Benigni",7,2026-08-25
1876,tt43706402,2026-08-28,2026-08-28,,"Barreda","Barreda",https://www.imdb.com/title/tt43706402/,Película,6.4,105,2026,"Crimen, Suspense",1285,2026-08-28,"Daniela Goggi",8,2026-08-29
1877,tt41559858,2026-09-05,2026-09-05,,"Fito Páez: El mundo cabe en una canción","Fito Páez: El mundo cabe en una canción",https://www.imdb.com/title/tt41559858/,Película,6.2,112,2026,"Documental",109,2026-09-03,"Matías Gueilburt",7,2026-09-05
1878,tt44322266,2026-09-06,2026-09-06,,"Momentos decisivos: Generación 11-S","Turning Point: Generation 9/11",https://www.imdb.com/title/tt44322266/,Película,6.3,97,2026,"Documental, Historia",2281,2026-09-02,"Brian Knappenberger",7,2026-09-06
1879,tt33764258,2026-09-06,2026-09-06,,"La Odisea","The Odyssey",https://www.imdb.com/title/tt33764258/,Película,8.4,172,2026,"Acción, Aventura, Fantasía",522737,2026-07-17,"Christopher Nolan",9,2026-09-06
1880,tt0099700,2026-09-25,2026-09-25,,"Gremlins 2: La nueva generación","Gremlins 2: The New Batch",https://www.imdb.com/title/tt0099700/,Película,6.5,106,1990,"Comedia, Fantasía, Terror",120598,1990-07-27,"Joe Dante",7,2026-09-25
1881,tt1756855,2026-09-26,2026-09-26,,"Coyote vs. Acme","Coyote vs. Acme",https://www.imdb.com/title/tt1756855/,Película,7.4,103,2026,"Animación, Aventura, Comedia, Familiar, Fantasía",40494,2026-09-18,"Dave Green",7,2026-09-26
1882,tt35511966,2026-10-02,2026-10-02,,"La bola negra","La bola negra",https://www.imdb.com/title/tt35511966/,Película,8.0,155,2026,"Drama, Historia, Romance, Bélico",4892,2026-09-25,"Javier Ambrossi, Javier Calvo",6,2026-10-02
1883,tt0462538,2026-10-05,2026-10-05,,"Los Simpson: La película","The Simpsons Movie",https://www.imdb.com/title/tt0462538/,Película,7.3,87,2007,"Animación, Aventura, Comedia",365902,2007-07-26,"David Silverman",7,2026-10-05
1884,tt0198712,2026-10-05,2026-10-05,,"El manosanta está cargado","El manosanta está cargado",https://www.imdb.com/title/tt0198712/,Película,6.0,90,1987,"Comedia",435,1987-06-04,"Hugo Sofovich",9,2026-10-05
1885,tt27165187,2026-10-08,2026-10-08,,"El final de Oak Street","The End of Oak Street",https://www.imdb.com/title/tt27165187/,Película,6.2,99,2026,"Acción, Aventura",75828,2026-08-14,"David Robert Mitchell",8,2026-10-08
