Position,Const,Created,Modified,Description,Name,Known For,Birth Date
1,nm0461498,2019-07-30,2019-07-30,,"Beyoncé","Dreamgirls","4 de septiembre de 1981"
2,nm1221047,2019-07-30,2019-07-30,,"Keegan-Michael Key","Keanu","22 de marzo de 1971"
3,nm2765191,2019-07-30,2019-07-30,,"Eric André","The Eric Andre Show","4 de abril de 1983"
4,nm0424060,2019-07-30,2019-07-30,,"Scarlett Johansson","Her","22 de noviembre de 1984"
5,nm0000332,2019-07-30,2019-07-30,,"Don Cheadle","Crash","29 de noviembre de 1964"
6,nm0748620,2019-07-30,2019-07-30,,"Paul Rudd","Ant-Man","6 de abril de 1969"
7,nm0000206,2019-07-30,2019-07-30,,"Keanu Reeves","The Matrix","2 de septiembre de 1964"
8,nm0000401,2019-07-30,2019-07-30,,"Laurence Fishburne","The Matrix","30 de julio de 1961"
9,nm0103750,2019-07-30,2019-07-30,,"Wayne Brady","Whose Line Is It Anyway?","2 de junio de 1972"
10,nm1356578,2019-07-30,2019-07-30,,"J.B. Smoove","Spider-Man: Far from Home","16 de diciembre de 1965"
11,nm0186505,2019-07-30,2019-07-30,,"Bryan Cranston","Breaking Bad","7 de marzo de 1956"
12,nm0644022,2019-07-30,2019-07-30,,"Bob Odenkirk","Nobody","22 de octubre de 1962"
13,nm0000867,2019-07-30,2019-07-30,,"Jason Bateman","Arrested Development","14 de enero de 1969"
14,nm0000228,2019-07-30,2019-07-30,,"Kevin Spacey","L.A. Confidential","26 de julio de 1959"
15,nm0000197,2019-07-30,2019-07-30,,"Jack Nicholson","Chinatown","22 de abril de 1937"
16,nm0000619,2019-07-30,2019-07-30,,"Tim Roth","Rob Roy","14 de mayo de 1961"
17,nm0000179,2019-07-30,2019-07-30,,"Jude Law","The Talented Mr. Ripley","29 de diciembre de 1972"
18,nm0000172,2019-07-30,2019-07-30,,"Harvey Keitel","Reservoir Dogs","13 de mayo de 1939"
19,nm0000120,2019-07-30,2019-07-30,,"Jim Carrey","Ace Ventura: Pet Detective","17 de enero de 1962"
20,nm0000195,2019-07-30,2019-07-30,,"Bill Murray","Lost in Translation","21 de septiembre de 1950"
21,nm0000377,2019-07-30,2019-07-30,,"Richard Dreyfuss","The Goodbye Girl","29 de octubre de 1947"
22,nm0000513,2019-07-30,2019-07-30,,"William H. Macy","Fargo","13 de marzo de 1950"
23,nm0001557,2019-07-30,2019-07-30,,"Viggo Mortensen","Captain Fantastic","20 de octubre de 1958"
24,nm0000422,2019-07-30,2019-07-30,,"John Goodman","10 Cloverfield Lane","20 de junio de 1952"
25,nm0000114,2019-07-30,2019-07-30,,"Steve Buscemi","Fargo","13 de diciembre de 1957"
26,nm0000358,2019-07-30,2019-07-30,,"Daniel Day-Lewis","There Will Be Blood","29 de abril de 1957"
27,nm0000313,2019-07-30,2019-07-30,,"Jeff Bridges","The Big Lebowski","4 de diciembre de 1949"
28,nm0001691,2019-07-30,2019-07-30,,"Geoffrey Rush","The King's Speech","6 de julio de 1951"
29,nm0005377,2019-07-30,2019-07-30,,"Sam Rockwell","Moon","5 de noviembre de 1968"
30,nm0000604,2019-07-30,2019-07-30,,"John C. Reilly","Walk Hard: The Dewey Cox Story","24 de mayo de 1965"
31,nm0004051,2019-07-30,2019-07-30,,"Brian Cox","Succession","1 de junio de 1946"
32,nm0689237,2019-07-30,2019-07-30,,"Jon Polito","The Crow","29 de diciembre de 1950"
33,nm0000190,2019-07-30,2019-07-30,,"Matthew McConaughey","Interstellar","4 de noviembre de 1969"
34,nm0000353,2019-07-30,2019-07-30,,"Willem Dafoe","Spider-Man","22 de julio de 1955"
35,nm0000450,2019-07-30,2019-07-30,,"Philip Seymour Hoffman","The Master","23 de julio de 1967"
36,nm1706767,2019-07-30,2019-07-30,,"Jonah Hill","22 Jump Street","20 de diciembre de 1983"
37,nm0200452,2019-07-30,2019-07-30,,"Paul Dano","There Will Be Blood","19 de junio de 1984"
38,nm0915208,2019-07-30,2019-07-30,,"Naomi Watts","Mulholland Dr.","28 de septiembre de 1968"
39,nm0001250,2019-07-30,2019-07-30,,"Charlotte Gainsbourg","Nymphomaniac: Vol. II","21 de julio de 1971"
40,nm0000658,2019-07-30,2019-07-30,,"Meryl Streep","Mamma Mia!","22 de junio de 1949"
41,nm0000124,2019-07-30,2019-07-30,,"Jennifer Connelly","A Beautiful Mind","12 de diciembre de 1970"
42,nm0000531,2019-07-30,2019-07-30,,"Frances McDormand","Fargo","23 de junio de 1957"
43,nm0000234,2019-07-30,2019-07-30,,"Charlize Theron","Monster","7 de agosto de 1975"
44,nm0000194,2019-07-30,2019-07-30,,"Julianne Moore","Far from Heaven","3 de diciembre de 1960"
45,nm0000235,2019-07-30,2019-07-30,,"Uma Thurman","Kill Bill: Vol. 1","29 de abril de 1970"
46,nm0001838,2019-07-30,2019-07-30,,"Rachel Weisz","The Constant Gardener","7 de marzo de 1970"
47,nm0000641,2019-07-30,2019-07-30,,"Gary Sinise","Forrest Gump","17 de marzo de 1955"
48,nm0331516,2019-07-30,2019-07-30,,"Ryan Gosling","Blue Valentine","12 de noviembre de 1980"
49,nm0000008,2019-07-30,2019-07-30,,"Marlon Brando","Apocalypse Now","3 de abril de 1924"
50,nm0000060,2019-07-30,2019-07-30,,"Gregory Peck","To Kill a Mockingbird","5 de abril de 1916"
51,nm0000634,2019-07-30,2019-07-30,,"Peter Sellers","Being There","8 de septiembre de 1925"
52,nm0000602,2019-07-30,2019-07-30,,"Robert Redford","The Natural","18 de agosto de 1936"
53,nm0000018,2019-07-30,2019-07-30,,"Kirk Douglas","Ace in the Hole","9 de diciembre de 1916"
54,nm0000059,2019-07-30,2019-07-30,,"Laurence Olivier","Sleuth","22 de mayo de 1907"
55,nm0000056,2019-07-30,2019-07-30,,"Paul Newman","The Hustler","26 de enero de 1925"
56,nm0001054,2019-07-30,2019-07-30,,"Joel Coen","The Ballad of Buster Scruggs","29 de noviembre de 1954"
57,nm0442109,2019-07-30,2019-07-30,,"Charlie Kaufman","I'm Thinking of Ending Things","19 de noviembre de 1958"
58,nm0000095,2019-07-30,2019-07-30,,"Woody Allen","Annie Hall","30 de noviembre de 1935"
59,nm0004716,2019-07-30,2019-07-30,,"Darren Aronofsky","Pi","12 de febrero de 1969"
60,nm0000759,2019-07-30,2019-07-30,,"Paul Thomas Anderson","Punch-Drunk Love","26 de junio de 1970"
61,nm0000632,2019-07-30,2019-07-30,,"Jerry Seinfeld","Seinfeld","29 de abril de 1954"
62,nm0000506,2019-07-30,2019-07-30,,"Julia Louis-Dreyfus","Seinfeld","13 de enero de 1961"
63,nm0724245,2019-07-30,2019-07-30,,"Michael Richards","Seinfeld","24 de julio de 1949"
64,nm0004517,2019-07-30,2019-07-30,,"Jason Alexander","Seinfeld","23 de septiembre de 1959"
65,nm0001431,2019-07-30,2019-07-30,,"Wayne Knight","Jurassic Park","7 de agosto de 1955"
66,nm0005467,2019-07-30,2019-07-30,,"Jerry Stiller","Seinfeld","8 de junio de 1927"
67,nm0202970,2019-07-30,2019-07-30,,"Larry David","Whatever Works","2 de julio de 1947"
68,nm0364680,2019-07-30,2019-07-30,,"Estelle Harris","Toy Story 2","22 de abril de 1928"
69,nm0307531,2019-07-30,2019-07-30,,"Jeff Garlin","Curb Your Enthusiasm","5 de junio de 1962"
70,nm0261435,2019-07-30,2019-07-30,,"Susie Essman","Curb Your Enthusiasm","31 de mayo de 1955"
71,nm0001416,2019-07-30,2019-07-30,,"Catherine Keener","Being John Malkovich","26 de marzo de 1959"
72,nm0000131,2019-07-30,2019-07-30,,"John Cusack","Grosse Pointe Blank","28 de junio de 1966"
73,nm0290556,2019-07-30,2019-07-30,,"James Franco","The Disaster Artist","19 de abril de 1978"
74,nm0001823,2019-07-30,2019-07-30,,"Tom Waits","Seven Psychopaths","7 de diciembre de 1949"
75,nm0001780,2019-07-30,2019-07-30,,"Peter Stormare","Fargo","27 de agosto de 1953"
76,nm0000982,2019-07-30,2019-07-30,,"Josh Brolin","Avengers: Endgame","12 de febrero de 1968"
77,nm0005541,2019-07-30,2019-07-30,,"Marlon Wayans","White Chicks","23 de julio de 1972"
78,nm0799777,2019-07-30,2019-07-30,,"J.K. Simmons","Whiplash","9 de enero de 1955"
79,nm0000209,2019-07-30,2019-07-30,,"Tim Robbins","Mystic River","16 de octubre de 1958"
80,nm0000995,2019-07-30,2019-07-30,,"Ellen Burstyn","Requiem for a Dream","7 de diciembre de 1932"
81,nm0001467,2019-07-30,2019-07-30,,"Jared Leto","Dallas Buyers Club","26 de diciembre de 1971"
82,nm0000673,2019-07-30,2019-07-30,,"Marisa Tomei","The Wrestler","4 de diciembre de 1964"
83,nm0000093,2019-07-31,2019-07-31,,"Brad Pitt","Fight Club","18 de diciembre de 1963"
84,nm0000138,2019-07-31,2019-07-31,,"Leonardo DiCaprio","The Departed","11 de noviembre de 1974"
85,nm0000199,2019-07-31,2019-07-31,,"Al Pacino","Serpico","25 de abril de 1940"
86,nm0000233,2019-07-31,2019-07-31,,"Quentin Tarantino","Reservoir Dogs","27 de marzo de 1963"
87,nm0000686,2019-07-31,2019-07-31,,"Christopher Walken","Catch Me If You Can","31 de marzo de 1943"
88,nm0556453,2019-08-01,2019-08-01,,"Neil Maskell","Hijack","1976"
89,nm0642605,2019-08-01,2019-08-01,,"Fiona O'Shaughnessy","Nina Forever",
90,nm0001570,2019-08-01,2019-08-01,,"Edward Norton","Fight Club","18 de agosto de 1969"
91,nm0000106,2019-08-01,2019-08-01,,"Drew Barrymore","Charlie's Angels","22 de febrero de 1975"
92,nm0334882,2019-08-01,2019-08-01,,"Darío Grandinetti","Hable con ella","5 de marzo de 1959"
93,nm0181300,2019-08-01,2019-08-01,,"Rita Cortese","Relatos salvajes","5 de agosto de 1949"
94,nm1600802,2019-08-01,2019-08-01,,"Julieta Zylberberg","Relatos salvajes","4 de marzo de 1983"
95,nm0768614,2019-08-01,2019-08-01,,"Leonardo Sbaraglia","Dolor y gloria","30 de junio de 1970"
96,nm0201857,2019-08-01,2019-08-01,,"Ricardo Darín","Nueve reinas","16 de enero de 1957"
97,nm0553650,2019-08-01,2019-08-01,,"Oscar Martínez","Relatos salvajes","23 de octubre de 1949"
98,nm0729050,2019-08-01,2019-08-01,,"Erica Rivas","Relatos salvajes","1 de diciembre de 1974"
99,nm0289856,2019-08-01,2019-08-01,,"Guillermo Francella","El secreto de sus ojos","14 de febrero de 1955"
100,nm0104809,2019-08-01,2019-08-01,,"Luis Brandoni","Esperando la carroza","18 de abril de 1940"
101,nm0515786,2019-08-01,2019-08-01,,"Verónica Llinás","La mujer de los perros","23 de septiembre de 1960"
102,nm0038231,2019-08-01,2019-08-01,,"Daniel Aráoz","El hombre de al lado",
103,nm0069209,2019-08-01,2019-08-01,,"Carlos Belloso","Tumberos","5 de abril de 1963"
104,nm0957976,2019-08-01,2019-08-01,,"China Zorrilla","Elsa y Fred","14 de marzo de 1922"
105,nm0309019,2019-08-01,2019-08-01,,"Antonio Gasalla","El palacio de la risa","9 de marzo de 1941"
106,nm0684594,2019-08-01,2019-08-01,,"Enrique Pinti","Perdido por perdido","7 de octubre de 1939"
107,nm0673391,2019-08-01,2019-08-01,,"Diego Peretti","Los simuladores","10 de febrero de 1963"
108,nm0143335,2019-08-01,2019-08-01,,"Alfredo Casero","Vulnerables","12 de noviembre de 1962"
109,nm0016635,2019-08-01,2019-08-01,,"Fabio Alberti","Todo x 2 pesos","22 de septiembre de 1966"
110,nm0135752,2019-08-01,2019-08-01,,"Diego Capusotto","Peter Capusotto y sus videos","21 de septiembre de 1961"
111,nm1146841,2019-08-01,2019-08-01,,"Rodolfo Samsó","No hay 2 sin 3",
112,nm0147834,2019-08-01,2019-08-01,,"Pablo Cedrón","Romanos","7 de enero de 1958"
113,nm5651516,2019-08-01,2019-08-01,,"Javier Malosetti","Memoria AMIA: La memoria",
114,nm1167933,2019-08-01,2019-08-01,,"Damián Szifron","Relatos salvajes","9 de julio de 1975"
115,nm0305558,2019-08-01,2019-08-01,,"Gael García Bernal","Mozart in the Jungle","30 de noviembre de 1978"
116,nm0000464,2019-08-01,2019-08-01,,"Jim Jarmusch","Stranger Than Paradise","22 de enero de 1953"
117,nm3485845,2019-08-01,2019-08-01,,"Adam Driver","Star Wars: Episode VII - The Force Awakens","19 de noviembre de 1983"
118,nm0002064,2019-08-01,2019-08-01,,"Giancarlo Esposito","Breaking Bad","26 de abril de 1958"
119,nm0000905,2019-08-01,2019-08-01,,"Roberto Benigni","La vita è bella","27 de octubre de 1952"
120,nm0893872,2019-08-01,2019-08-01,,"Carlo Verdone","La grande bellezza","17 de noviembre de 1950"
121,nm0350454,2019-08-13,2019-08-13,,"Maggie Gyllenhaal","Secretary","16 de noviembre de 1977"
122,nm0194572,2019-08-13,2019-08-13,,"Javier Cámara","Hable con ella","19 de enero de 1967"
123,nm0782213,2019-08-13,2019-08-13,,"Santiago Segura","Torrente, el brazo tonto de la ley","17 de julio de 1965"
124,nm0865950,2019-08-13,2019-08-13,,"Guillermo Toledo","Crimen ferpecto","22 de mayo de 1970"
125,nm0349522,2019-08-13,2019-08-13,,"Javier Gutiérrez","La isla mínima","17 de enero de 1971"
126,nm0022764,2019-08-13,2019-08-13,,"Ernesto Alterio","El otro lado de la cama","25 de septiembre de 1970"
127,nm0893638,2019-08-13,2019-08-13,,"Natalia Verbeke","El otro lado de la cama","23 de febrero de 1975"
128,nm0760664,2019-08-13,2019-08-13,,"Alberto San Juan","Mientras duermes","1 de noviembre de 1968"
129,nm0022765,2019-08-13,2019-08-13,,"Héctor Alterio","Cría cuervos","21 de septiembre de 1929"
130,nm0001903,2019-08-13,2019-08-13,,"Norma Aleandro","La historia oficial","2 de mayo de 1936"
131,nm0664580,2019-08-13,2019-08-13,,"Salo Pasik","Los amores de Kafka","11 de septiembre de 1945"
132,nm0087249,2019-08-13,2019-08-13,,"Eduardo Blanco","El hijo de la novia","28 de febrero de 1958"
133,nm0706567,2019-08-13,2019-08-13,,"Pablo Rago","El secreto de sus ojos","24 de septiembre de 1972"
134,nm1011070,2019-08-13,2019-08-13,,"Marta Etura","Ofrenda a la tormenta","28 de octubre de 1978"
135,nm0285120,2019-08-13,2019-08-13,,"Claudia Fontán","El hijo de la novia","4 de octubre de 1966"
136,nm0078452,2019-08-13,2019-08-13,,"Valeria Bertuccelli","La reina del miedo","30 de noviembre de 1969"
137,nm0324813,2019-08-13,2019-08-13,,"Gabriel Goity","El encargado","23 de octubre de 1959"
138,nm0608187,2019-08-13,2019-08-13,,"Mercedes Morán","Neruda","21 de septiembre de 1955"
139,nm0738887,2019-08-13,2019-08-13,,"Gerardo Romano","El marginal","6 de julio de 1946"
140,nm0109847,2019-08-13,2019-08-13,,"Norman Briski","Argentina, 1985","2 de enero de 1938"
141,nm0266723,2019-08-13,2019-08-13,,"Daniel Fanego","El ángel","30 de marzo de 1955"
142,nm1387176,2019-08-13,2019-08-13,,"Alan Sabbagh","El rey del Once",
143,nm0508069,2019-08-13,2019-08-13,,"Juan Leyrado","Despabílate amor","18 de agosto de 1952"
144,nm0016039,2019-08-13,2019-08-13,,"Mario Alarcón","El secreto de sus ojos","24 de junio de 1945"
145,nm0000368,2019-08-14,2019-08-14,,"Laura Dern","Jurassic Park","10 de febrero de 1967"
146,nm0000288,2019-08-16,2019-08-16,,"Christian Bale","The Dark Knight","30 de enero de 1974"
147,nm0000323,2019-08-16,2019-08-16,,"Michael Caine","Youth","14 de marzo de 1933"
148,nm0005132,2019-08-16,2019-08-16,,"Heath Ledger","Brokeback Mountain","4 de abril de 1979"
149,nm0000198,2019-08-16,2019-08-16,,"Gary Oldman","Tinker Tailor Soldier Spy","21 de marzo de 1958"
150,nm0000151,2019-08-16,2019-08-16,,"Morgan Freeman","Se7en","1 de junio de 1937"
151,nm0362766,2019-08-16,2019-08-16,,"Tom Hardy","Inception","15 de septiembre de 1977"
152,nm1555340,2019-08-16,2019-08-16,,"Alison Brie","GLOW","29 de diciembre de 1982"
153,nm2365811,2019-08-16,2019-08-16,,"Betty Gilpin","The Hunt","21 de julio de 1986"
154,nm0000100,2019-08-16,2019-08-16,,"Rowan Atkinson","Johnny English","6 de enero de 1955"
155,nm0127373,2019-08-16,2019-08-16,,"Louis C.K.","Louie","12 de septiembre de 1967"
156,nm0595110,2019-08-16,2019-08-16,,"Colin Mochrie","Whose Line Is It Anyway?","30 de noviembre de 1957"
157,nm0830198,2019-08-16,2019-08-16,,"Ryan Stiles","The Drew Carey Show","22 de abril de 1959"
158,nm0000438,2019-08-16,2019-08-16,,"Ed Harris","Appaloosa","28 de noviembre de 1950"
159,nm0000849,2019-08-16,2019-08-16,,"Javier Bardem","Skyfall","1 de marzo de 1969"
160,nm2225369,2019-08-16,2019-08-16,,"Jennifer Lawrence","The Hunger Games","15 de agosto de 1990"
161,nm0001001,2019-08-16,2019-08-16,,"James Caan","Thief","26 de marzo de 1940"
162,nm0000473,2019-08-16,2019-08-16,,"Diane Keaton","Annie Hall","5 de enero de 1946"
163,nm0000380,2019-08-16,2019-08-16,,"Robert Duvall","The Apostle","5 de enero de 1931"
164,nm0001030,2019-08-16,2019-08-16,,"John Cazale","Dog Day Afternoon","12 de agosto de 1935"
165,nm0000671,2019-08-16,2019-08-16,,"Billy Bob Thornton","Sling Blade","4 de agosto de 1955"
166,nm0293509,2019-08-16,2019-08-16,,"Martin Freeman","Black Panther","8 de septiembre de 1971"
167,nm0000191,2019-08-16,2019-08-16,,"Ewan McGregor","Moulin Rouge!","31 de marzo de 1971"
168,nm0836121,2019-08-16,2019-08-16,,"Michael Stuhlbarg","A Serious Man","5 de julio de 1968"
169,nm0000242,2019-08-16,2019-08-16,,"Mark Wahlberg","The Fighter","5 de junio de 1971"
170,nm0001287,2019-08-16,2019-08-16,,"Heather Graham","Austin Powers: The Spy Who Shagged Me","29 de enero de 1970"
171,nm0109726,2019-08-16,2019-08-16,,"Jon Brion","Eternal Sunshine of the Spotless Mind","11 de diciembre de 1963"
172,nm1063517,2019-08-16,2019-08-16,,"Kathryn Hahn","Afternoon Delight","23 de julio de 1973"
173,nm0001473,2019-08-16,2019-08-16,,"Laura Linney","The Big C","5 de febrero de 1964"
174,nm0249291,2019-08-16,2019-08-16,,"Joel Edgerton","The Gift","23 de junio de 1974"
175,nm0316079,2019-08-16,2019-08-16,,"Paul Giamatti","Sideways","6 de junio de 1967"
176,nm0350453,2019-08-16,2019-08-16,,"Jake Gyllenhaal","Nightcrawler","19 de diciembre de 1980"
177,nm0001125,2019-08-16,2019-08-16,,"Benicio Del Toro","Sicario","19 de febrero de 1967"
178,nm0252230,2019-08-16,2019-08-16,,"Chiwetel Ejiofor","Dirty Pretty Things","10 de julio de 1977"
179,nm1212722,2019-08-16,2019-08-16,,"Benedict Cumberbatch","The Imitation Game","19 de julio de 1976"
180,nm0330687,2019-08-16,2019-08-16,,"Joseph Gordon-Levitt","Looper","17 de febrero de 1981"
181,nm1443740,2019-08-16,2019-08-16,,"Zoe Kazan","Ruby Sparks","9 de septiembre de 1983"
182,nm0089621,2019-08-16,2019-08-16,,"Betiana Blum","Esperando la carroza","23 de julio de 1939"
183,nm0855197,2019-08-16,2019-08-16,,"Andrea Tenuta","Esperando la carroza","12 de febrero de 1958"
184,nm0892669,2019-08-16,2019-08-16,,"Caetano Veloso","Frida","7 de agosto de 1942"
185,nm0593474,2019-08-16,2019-08-16,,"Joni Mitchell","Two Weeks Notice","7 de noviembre de 1943"
186,nm0582533,2019-08-16,2019-08-16,,"Pat Metheny","Toys","12 de agosto de 1954"
187,nm0665141,2019-08-16,2019-08-16,,"Jaco Pastorius","Nunca Fomos Tão Felizes","1 de diciembre de 1951"
188,nm0563077,2019-08-16,2019-08-16,,"Lyle Mays","Training Day","27 de noviembre de 1953"
189,nm0106557,2019-08-16,2019-08-16,,"Michael Brecker","Nine 1/2 Weeks","29 de marzo de 1949"
190,nm0000705,2019-08-16,2019-08-16,,"Robin Wright","Forrest Gump","8 de abril de 1966"
191,nm0004937,2019-08-16,2019-08-16,,"Jamie Foxx","Ray","13 de diciembre de 1967"
192,nm0000309,2019-08-16,2019-08-16,,"David Bowie","Labyrinth","8 de enero de 1947"
193,nm0000576,2019-08-16,2019-08-16,,"Sean Penn","Mystic River","17 de agosto de 1960"
194,nm0000243,2019-08-16,2019-08-16,,"Denzel Washington","Fences","28 de diciembre de 1954"
195,nm0000160,2019-08-16,2019-08-16,,"Ethan Hawke","Training Day","6 de noviembre de 1970"
196,nm0190441,2019-08-16,2019-08-16,,"Raymond Cruz","Alien: Resurrection","10 de septiembre de 1964"
197,nm0695435,2019-08-16,2019-08-16,,"Chris Pratt","Guardians of the Galaxy","21 de junio de 1979"
198,nm0000554,2019-08-16,2019-08-16,,"Sam Neill","Hunt for the Wilderpeople","14 de septiembre de 1947"
199,nm0000156,2019-08-16,2019-08-16,,"Jeff Goldblum","The Fly","22 de octubre de 1952"
200,nm0000168,2019-08-16,2019-08-16,,"Samuel L. Jackson","Pulp Fiction","21 de diciembre de 1948"
201,nm0204797,2019-08-16,2019-08-16,,"Jeff Bryan Davis","Titanic","6 de octubre de 1973"
202,nm1443502,2019-08-16,2019-08-16,,"Jordan Peele","Nope","21 de febrero de 1979"
203,nm0000158,2019-08-16,2019-08-16,,"Tom Hanks","Cast Away","9 de julio de 1956"
204,nm0815204,2019-08-16,2019-08-16,,"Paolo Sorrentino","È stata la mano di Dio","31 de mayo de 1970"
205,nm0000437,2019-08-16,2019-08-16,,"Woody Harrelson","True Detective","23 de julio de 1961"
206,nm0000518,2019-08-16,2019-08-16,,"John Malkovich","In the Line of Fire","9 de diciembre de 1953"
207,nm0666739,2019-08-16,2019-08-16,,"Aaron Paul","Breaking Bad","27 de agosto de 1979"
208,nm0606487,2019-08-16,2019-08-16,,"Dean Norris","Breaking Bad","8 de abril de 1963"
209,nm0052186,2019-08-16,2019-08-16,,"Jonathan Banks","Mudbound","31 de enero de 1947"
210,nm0687146,2019-08-16,2019-08-16,,"Jesse Plemons","Bugonia","2 de abril de 1988"
211,nm0000369,2019-08-16,2019-08-16,,"Matt Dillon","There's Something About Mary","18 de febrero de 1964"
212,nm0991810,2019-08-16,2019-08-16,,"Mahershala Ali","Your Mother Your Mother Your Mother","16 de febrero de 1974"
213,nm0005386,2019-08-16,2019-08-16,,"Cecilia Roth","Todo sobre mi madre","8 de agosto de 1956"
214,nm3779182,2019-08-16,2019-08-16,,"Chino Darín","Argentina, 1985","14 de enero de 1989"
215,nm0000134,2019-08-16,2019-08-16,,"Robert De Niro","Cape Fear","17 de agosto de 1943"
216,nm0000412,2019-08-16,2019-08-16,,"Andy Garcia","Ocean's Eleven","12 de abril de 1956"
217,nm0000418,2019-08-16,2019-08-16,,"Danny Glover","Lethal Weapon","22 de julio de 1946"
218,nm0000173,2019-08-16,2019-08-16,,"Nicole Kidman","Moulin Rouge!","20 de junio de 1967"
219,nm0000129,2019-08-16,2019-08-16,,"Tom Cruise","Top Gun","3 de julio de 1962"
220,nm0625789,2019-08-16,2019-08-16,,"Tim Blake Nelson","The Ballad of Buster Scruggs","11 de mayo de 1964"
221,nm0601619,2019-08-16,2019-08-16,,"Michael Moore","Bowling for Columbine","23 de abril de 1954"
222,nm0004851,2019-08-16,2019-08-16,,"Penélope Cruz","Vicky Cristina Barcelona","28 de abril de 1974"
223,nm0913475,2019-08-16,2019-08-16,,"John David Washington","Tenet","28 de julio de 1984"
224,nm0000285,2019-08-16,2019-08-16,,"Alec Baldwin","The Departed","3 de abril de 1958"
225,nm0043389,2019-08-16,2019-08-16,,"Alejandro Awada","El bar","7 de diciembre de 1961"
226,nm0813691,2019-08-16,2019-08-16,,"Miguel Ángel Solá","Fausto 5.0","14 de mayo de 1950"
227,nm0609944,2019-08-16,2019-08-16,,"Wagner Moura","Tropa de Elite","27 de junio de 1976"
228,nm2975962,2019-08-16,2019-08-16,,"Alberto Ammann","Celda 211","20 de octubre de 1978"
229,nm1179580,2019-08-16,2019-08-16,,"Seu Jorge","Marighella","8 de junio de 1970"
230,nm0001378,2019-08-16,2019-08-16,,"Anjelica Huston","The Grifters","8 de julio de 1951"
231,nm0852965,2019-08-16,2019-08-16,,"Noah Taylor","Almost Famous","4 de septiembre de 1969"
232,nm0027572,2019-08-16,2019-08-16,,"Wes Anderson","Fantastic Mr. Fox","1 de mayo de 1969"
233,nm0005403,2019-08-16,2019-08-16,,"Jason Schwartzman","Rushmore","26 de junio de 1980"
234,nm0103797,2019-08-16,2019-08-16,,"Alice Braga","Predators","15 de abril de 1983"
235,nm1001835,2019-08-16,2019-08-16,,"Ivete Sangalo","Gabriela","27 de mayo de 1972"
236,nm1760429,2019-08-16,2019-08-16,,"Aylin Prandi","Roman","16 de septiembre de 1983"
237,nm1024390,2019-08-16,2019-08-16,,"Javier Godino","El secreto de sus ojos","11 de marzo de 1978"
238,nm0005065,2019-08-16,2019-08-16,,"Quincy Jones","The Color Purple","14 de marzo de 1933"
239,nm0004742,2019-08-16,2019-08-16,,"Maria Bello","A History of Violence","18 de abril de 1967"
240,nm0000582,2019-08-17,2019-08-17,,"Joe Pesci","GoodFellas","9 de febrero de 1943"
241,nm0000166,2019-08-17,2019-08-17,,"Helen Hunt","As Good as It Gets","15 de junio de 1963"
242,nm0000421,2019-08-17,2019-08-17,,"Cuba Gooding Jr.","Jerry Maguire","2 de enero de 1968"
243,nm0001427,2019-08-17,2019-08-17,,"Greg Kinnear","As Good as It Gets","17 de junio de 1963"
244,nm0001618,2019-08-17,2019-08-17,,"Joaquin Phoenix","Walk the Line","28 de octubre de 1974"
245,nm0089217,2019-08-17,2019-08-17,,"Orlando Bloom","The Lord of the Rings: The Fellowship of the Ring","13 de enero de 1977"
246,nm0001626,2019-08-18,2019-08-18,,"Christopher Plummer","Beginners","13 de diciembre de 1929"
247,nm0000136,2019-08-18,2019-08-18,,"Johnny Depp","Sweeney Todd: The Demon Barber of Fleet Street","9 de junio de 1963"
248,nm0268199,2019-08-18,2019-08-18,,"Colin Farrell","The Lobster","31 de mayo de 1976"
249,nm0004266,2019-08-18,2019-08-18,,"Anne Hathaway","Les Misérables","12 de noviembre de 1982"
250,nm0000704,2019-08-22,2019-08-22,,"Elijah Wood","The Lord of the Rings: The Fellowship of the Ring","28 de enero de 1981"
251,nm0001556,2019-08-22,2019-08-22,,"David Morse","The Green Mile","11 de octubre de 1953"
252,nm1297015,2019-08-22,2019-08-22,,"Emma Stone","La La Land","6 de noviembre de 1988"
253,nm1645313,2019-08-22,2019-08-22,,"Christopher Lowell","The Help","17 de octubre de 1984"
254,nm0004310,2019-08-22,2019-08-22,,"Larry Fine","Disorder in the Court","4 de octubre de 1902"
255,nm0397219,2019-08-22,2019-08-22,,"Curly Howard","If a Body Meets a Body","22 de octubre de 1903"
256,nm0002935,2019-08-22,2019-08-22,,"Moe Howard","The Three Stooges Meet Hercules","19 de junio de 1897"
257,nm1142121,2019-08-22,2019-08-22,,"Margareth Menezes","Wild Orchid","13 de octubre de 1962"
258,nm5236988,2019-08-22,2019-08-22,,"Saulo Fernandes","The Game of Their Lives","9 de septiembre de 1977"
259,nm0580536,2019-08-22,2019-08-22,,"Daniela Mercury","Mandacaru","28 de julio de 1965"
260,nm1208167,2019-08-22,2019-08-22,,"Diane Kruger","Inglourious Basterds","15 de julio de 1976"
261,nm0491259,2019-08-22,2019-08-22,,"Mélanie Laurent","Inglourious Basterds","21 de febrero de 1983"
262,nm0910607,2019-08-22,2019-08-22,,"Christoph Waltz","Django Unchained","4 de octubre de 1956"
263,nm0117709,2019-08-22,2019-08-22,,"Daniel Brühl","Inglourious Basterds","16 de junio de 1978"
264,nm0000237,2019-08-22,2019-08-22,,"John Travolta","Pulp Fiction","18 de febrero de 1954"
265,nm0000246,2019-08-22,2019-08-22,,"Bruce Willis","Die Hard","19 de marzo de 1955"
266,nm0000655,2019-08-22,2019-08-22,,"Eric Stoltz","Pulp Fiction","30 de septiembre"
267,nm3053338,2019-08-22,2019-08-22,,"Margot Robbie","Suicide Squad","2 de julio de 1990"
268,nm0000427,2019-08-22,2019-08-22,,"Pam Grier","Jackie Brown","26 de mayo de 1949"
269,nm0000474,2019-08-22,2019-08-22,,"Michael Keaton","Birdman or (The Unexpected Virtue of Ignorance)","5 de septiembre de 1951"
270,nm0701620,2019-08-22,2019-08-22,,"Fito Páez","Vidas privadas","13 de marzo de 1963"
271,nm0098709,2019-08-22,2019-08-22,,"Juan Diego Botto","La Celestina","29 de agosto de 1975"
272,nm0527002,2019-08-22,2019-08-22,,"Federico Luppi","Cronos","23 de febrero de 1934"
273,nm0681493,2019-08-22,2019-08-22,,"Ana María Picchio","Breve cielo","30 de marzo de 1946"
274,nm1078000,2019-08-22,2019-08-22,,"Luis Alberto Spinetta","Fuego gris","23 de enero de 1950"
275,nm0051822,2019-08-22,2019-08-22,,"Cristina Banegas","Mujeres asesinas","26 de febrero de 1948"
276,nm0044354,2019-08-22,2019-08-22,,"Pedro Aznar","Hombre mirando al sudeste","23 de julio de 1959"
277,nm0261957,2019-08-22,2019-08-22,,"Inés Estévez","Vulnerables","6 de noviembre de 1964"
278,nm0897845,2019-08-22,2019-08-22,,"Soledad Villamil","El secreto de sus ojos","19 de junio de 1969"
279,nm0550073,2019-08-22,2019-08-22,,"Jorge Marrale","Los amores de Kafka","30 de junio de 1947"
280,nm0308991,2019-08-22,2019-08-22,,"Gustavo Garzón","Por un tiempo","25 de mayo de 1955"
281,nm0586215,2019-08-22,2019-08-22,,"Sandra Mihanovich","Graduados","24 de abril de 1957"
282,nm0543895,2019-08-22,2019-08-22,,"Leonor Manso","Vulnerables","16 de abril de 1948"
283,nm0691937,2019-08-24,2019-08-24,,"Carlos Portaluppi","Argentina, 1985","6 de junio de 1967"
284,nm0728373,2019-08-24,2019-08-24,,"Claudio Rissi","Aballay, el hombre sin miedo","22 de mayo de 1956"
285,nm2581521,2019-10-03,2019-10-03,,"Austin Butler","Elvis","17 de agosto de 1991"
286,nm0000608,2019-10-03,2019-10-03,,"Burt Reynolds","Boogie Nights","11 de febrero de 1936"
287,nm0001311,2019-10-03,2019-10-03,,"Philip Baker Hall","Magnolia","10 de septiembre de 1931"
288,nm0756203,2019-10-08,2019-10-08,,"Ludivine Sagnier","Lupin","3 de julio de 1979"
289,nm0001648,2019-10-08,2019-10-08,,"Charlotte Rampling","45 Years","5 de febrero de 1946"
290,nm0005351,2019-10-11,2019-10-11,,"Ryan Reynolds","Deadpool 2","23 de octubre de 1976"
291,nm0189144,2019-10-17,2019-10-17,,"David Cross","Arrested Development","4 de abril de 1964"
292,nm0000532,2019-10-20,2019-10-20,,"Malcolm McDowell","A Clockwork Orange","13 de junio de 1943"
293,nm0000140,2019-10-26,2019-10-26,,"Michael Douglas","Wall Street","25 de septiembre de 1944"
294,nm0000347,2019-10-29,2019-10-29,,"Tim Curry","Congo","19 de abril de 1946"
295,nm0000701,2019-10-29,2019-10-29,,"Kate Winslet","Eternal Sunshine of the Spotless Mind","5 de octubre de 1975"
296,nm0749263,2019-10-29,2019-10-29,,"Mark Ruffalo","Spotlight","22 de noviembre de 1967"
297,nm0000379,2019-10-29,2019-10-29,,"Kirsten Dunst","Spider-Man","30 de abril de 1982"
298,nm0327273,2019-10-29,2019-10-29,,"Michel Gondry","Eternal Sunshine of the Spotless Mind","8 de mayo de 1963"
299,nm0148418,2019-10-29,2019-10-29,,"Michael Cera","Scott Pilgrim vs. the World","7 de junio de 1988"
300,nm0004715,2019-10-29,2019-10-29,,"Will Arnett","The LEGO Movie","4 de mayo de 1970"
301,nm0002071,2019-10-29,2019-10-29,,"Will Ferrell","Talladega Nights: The Ballad of Ricky Bobby","16 de julio de 1967"
302,nm0000163,2019-10-29,2019-10-29,,"Dustin Hoffman","The Graduate","8 de agosto de 1937"
303,nm0355024,2019-10-29,2019-10-29,,"Tony Hale","Arrested Development","30 de septiembre de 1970"
304,nm0001787,2019-10-29,2019-10-29,,"Jeffrey Tambor","Transparent","8 de julio de 1944"
305,nm0001857,2019-10-29,2019-10-29,,"Henry Winkler","The Waterboy","30 de octubre de 1945"
306,nm0001774,2019-10-29,2019-10-29,,"Ben Stiller","Zoolander","30 de noviembre de 1965"
307,nm0001835,2019-10-29,2019-10-29,,"Carl Weathers","Rocky","14 de enero de 1948"
308,nm0385644,2019-10-29,2019-10-29,,"Cheryl Hines","Curb Your Enthusiasm","21 de septiembre de 1965"
309,nm0507659,2019-10-29,2019-10-29,,"Richard Lewis","Robin Hood: Men in Tights","29 de junio de 1947"
310,nm0001101,2019-10-29,2019-10-29,,"Ted Danson","Cheers","29 de diciembre de 1947"
311,nm0000407,2019-10-29,2019-10-29,,"Vivica A. Fox","Independence Day","30 de julio de 1964"
312,nm0000217,2019-10-29,2019-10-29,,"Martin Scorsese","Taxi Driver","17 de noviembre de 1942"
313,nm0000150,2019-10-29,2019-10-29,,"Michael J. Fox","Back to the Future","9 de junio de 1961"
314,nm0000502,2019-10-29,2019-10-29,,"Christopher Lloyd","Back to the Future","22 de octubre de 1938"
315,nm0000670,2019-10-29,2019-10-29,,"Lea Thompson","Back to the Future","31 de mayo de 1961"
316,nm0001855,2019-10-29,2019-10-29,,"Tom Wilson","Back to the Future Part III","15 de abril de 1959"
317,nm0000223,2019-10-29,2019-10-29,,"Elisabeth Shue","Leaving Las Vegas","6 de octubre de 1963"
318,nm0000102,2019-10-29,2019-10-29,,"Kevin Bacon","Footloose","8 de julio de 1958"
319,nm0000708,2019-10-29,2019-10-29,,"Billy Zane","Titanic","24 de febrero de 1966"
320,nm0866055,2019-10-29,2019-10-29,,"James Tolkan","WarGames","20 de junio de 1931"
321,nm0000709,2019-10-29,2019-10-29,,"Robert Zemeckis","Back to the Future","14 de mayo de 1951"
322,nm0281359,2019-10-29,2019-10-29,,"Flea","Baby Driver","16 de octubre de 1962"
323,nm0000142,2019-10-29,2019-10-29,,"Clint Eastwood","Million Dollar Baby","31 de mayo de 1930"
324,nm0005476,2019-10-29,2019-10-29,,"Hilary Swank","Million Dollar Baby","30 de julio de 1974"
325,nm3154303,2019-10-30,2019-10-30,,"Timothée Chalamet","A Complete Unknown","27 de diciembre de 1995"
326,nm0526019,2019-10-30,2019-10-30,,"Diego Luna","Rogue One","29 de diciembre de 1979"
327,nm0001201,2019-11-02,2019-11-02,,"Mia Farrow","Rosemary's Baby","9 de febrero de 1945"
328,nm0000157,2019-11-02,2019-11-02,,"Linda Hamilton","Terminator 2: Judgment Day","26 de septiembre de 1956"
329,nm0000216,2019-11-02,2019-11-02,,"Arnold Schwarzenegger","The 6th Day","30 de julio de 1947"
330,nm0000411,2019-11-02,2019-11-02,,"Edward Furlong","Terminator 2: Judgment Day","2 de agosto de 1977"
331,nm0001598,2019-11-02,2019-11-02,,"Robert Patrick","Terminator 2: Judgment Day","5 de noviembre de 1958"
332,nm0005154,2019-11-02,2019-11-02,,"Lucy Liu","Charlie's Angels","2 de diciembre de 1968"
333,nm0005170,2019-11-02,2019-11-02,,"Bernie Mac","The Bernie Mac Show","5 de octubre de 1957"
334,nm0000193,2019-11-02,2019-11-02,,"Demi Moore","Striptease","11 de noviembre de 1962"
335,nm0001233,2019-11-02,2019-11-02,,"Robert Forster","Jackie Brown","13 de julio de 1941"
336,nm0348152,2019-11-02,2019-11-02,,"Anna Gunn","Breaking Bad","11 de agosto de 1968"
337,nm2666409,2019-11-02,2019-11-02,,"RJ Mitte","Breaking Bad","21 de agosto de 1992"
338,nm0546797,2019-11-02,2019-11-02,,"Mark Margolis","Pi","26 de noviembre de 1939"
339,nm0346595,2019-11-02,2019-11-02,,"Noel Gugliemi","The Fast and the Furious","15 de octubre de 1970"
340,nm0000128,2019-11-02,2019-11-02,,"Russell Crowe","Les Misérables","7 de abril de 1964"
341,nm0000232,2019-11-02,2019-11-02,,"Sharon Stone","Basic Instinct","10 de marzo de 1958"
342,nm0001406,2019-11-02,2019-11-02,,"Carol Kane","The Princess Bride","18 de junio de 1952"
343,nm0006563,2019-11-02,2019-11-02,,"Iggy Pop","Coffee and Cigarettes","21 de abril de 1947"
344,nm0000949,2019-11-02,2019-11-02,,"Cate Blanchett","Carol","14 de mayo de 1969"
345,nm0000719,2019-11-02,2019-11-02,,"F. Murray Abraham","Amadeus","24 de octubre de 1939"
346,nm0000630,2019-11-02,2019-11-02,,"Liev Schreiber","Spotlight","4 de octubre de 1967"
347,nm0001099,2019-11-02,2019-11-02,,"Jeff Daniels","The Squid and the Whale","19 de febrero de 1955"
348,nm0004778,2019-11-02,2019-11-02,,"Adrien Brody","The Pianist","14 de abril de 1973"
349,nm0000354,2019-11-02,2019-11-02,,"Matt Damon","Good Will Hunting","8 de octubre de 1970"
350,nm0000123,2019-11-02,2019-11-02,,"George Clooney","The Ides of March","6 de mayo de 1961"
351,nm0000101,2019-11-02,2019-11-02,,"Dan Aykroyd","Ghostbusters","1 de julio de 1952"
352,nm0000117,2019-11-02,2019-11-02,,"Neve Campbell","Scream","3 de octubre de 1973"
353,nm0000510,2019-11-02,2019-11-02,,"Andie MacDowell","Groundhog Day","21 de abril de 1958"
354,nm0000133,2019-11-02,2019-11-02,,"Geena Davis","Thelma & Louise","21 de enero de 1956"
355,nm0001642,2019-11-02,2019-11-02,,"Randy Quaid","Kingpin","1 de octubre de 1950"
356,nm5421877,2019-11-02,2019-11-02,,"Julian Dennison","Hunt for the Wilderpeople","16 de octubre de 2002"
357,nm0413168,2019-11-02,2019-11-02,,"Hugh Jackman","Les Misérables","12 de octubre de 1968"
358,nm0001745,2019-11-02,2019-11-02,,"Stellan Skarsgård","Affeksjonsverdi","13 de junio"
359,nm0000729,2019-11-02,2019-11-02,,"Casey Affleck","Manchester by the Sea","12 de agosto de 1975"
360,nm1567113,2019-11-02,2019-11-02,,"Jessica Chastain","Zero Dark Thirty","24 de marzo de 1977"
361,nm0000210,2019-11-02,2019-11-02,,"Julia Roberts","Pretty Woman","28 de octubre de 1967"
362,nm0507459,2019-11-02,2019-11-02,,"Lennox Lewis","Ocean's Eleven","2 de septiembre de 1965"
363,nm0459890,2019-11-02,2019-11-02,,"Wladimir Klitschko","Ocean's Eleven","25 de marzo de 1976"
364,nm0005512,2019-11-02,2019-11-02,,"Mike Tyson","The Hangover","30 de junio de 1966"
365,nm0302108,2019-11-02,2019-11-02,,"Zach Galifianakis","The Hangover","1 de octubre de 1969"
366,nm0177896,2019-11-02,2019-11-02,,"Bradley Cooper","A Star Is Born","5 de enero de 1975"
367,nm0000226,2019-11-02,2019-11-02,,"Will Smith","The Fresh Prince of Bel-Air","25 de septiembre de 1968"
368,nm0000685,2019-11-02,2019-11-02,,"Jon Voight","Midnight Cowboy","29 de diciembre de 1938"
369,nm0377106,2019-11-02,2019-11-02,,"Barry Shabaka Henley","Collateral","15 de septiembre de 1954"
370,nm0004755,2019-11-02,2019-11-02,,"Jason Biggs","American Pie","12 de mayo de 1978"
371,nm0005405,2019-11-02,2019-11-02,,"Seann William Scott","American Pie","3 de octubre de 1976"
372,nm0005342,2019-11-02,2019-11-02,,"Norman Reedus","The Walking Dead: Daryl Dixon","6 de enero"
373,nm9171644,2019-11-02,2019-11-02,,"Lorenzo Ferro","El ángel","9 de noviembre de 1998"
374,nm1089900,2019-11-02,2019-11-02,,"Martina Gusmán","Leonera","28 de octubre de 1978"
375,nm0785612,2019-11-02,2019-11-02,,"Roly Serrano","Youth","8 de abril de 1955"
376,nm3014594,2019-11-02,2019-11-02,,"Nicolás Furtado","El marginal","6 de febrero de 1988"
377,nm0751714,2019-11-02,2019-11-02,,"Rafa Russo","Nada que perder","1962"
378,nm0050959,2019-11-02,2019-11-02,,"Pedro Pascal","The Last of Us","2 de abril de 1975"
379,nm0350079,2019-11-02,2019-11-02,,"Luis Guzmán","Punch-Drunk Love","28 de agosto de 1956"
380,nm6016511,2019-11-03,2019-11-03,,"Finn Wolfhard","It","23 de diciembre de 2002"
381,nm0315041,2019-11-03,2019-11-03,,"Ricky Gervais","The Office","25 de junio de 1961"
382,nm0719637,2019-11-03,2019-11-03,,"Jeremy Renner","The Hurt Locker","7 de enero de 1971"
383,nm0000186,2019-11-03,2019-11-03,,"David Lynch","Twin Peaks","20 de enero de 1946"
384,nm0005143,2019-11-03,2019-11-03,,"Jay Leno","The Tonight Show with Jay Leno","28 de abril de 1950"
385,nm0000111,2019-11-03,2019-11-03,,"Matthew Broderick","The Producers","21 de marzo de 1962"
386,nm0004950,2019-11-03,2019-11-03,,"Jennifer Garner","Alias","17 de abril de 1972"
387,nm0352778,2019-11-05,2019-11-05,,"Bill Hader","The Skeleton Twins","7 de junio de 1978"
388,nm6096118,2019-11-05,2019-11-05,,"Sophia Lillis","It","13 de febrero de 2002"
389,nm0803889,2019-11-05,2019-11-05,,"Bill Skarsgård","It","9 de agosto de 1990"
390,nm0000591,2019-11-06,2019-11-06,,"Roman Polanski","Chinatown","18 de agosto de 1933"
391,nm0000149,2019-11-06,2019-11-06,,"Jodie Foster","The Silence of the Lambs","19 de noviembre de 1962"
392,nm0744834,2019-11-06,2019-11-06,,"Eli Roth","Ice Cream Man","18 de abril"
393,nm1551598,2019-11-06,2019-11-06,,"Justin Roiland","Rick and Morty","21 de febrero de 1980"
394,nm1875238,2019-11-07,2019-11-07,,"Jessica Barden","Hanna","21 de julio de 1992"
395,nm3867299,2019-11-07,2019-11-07,,"Alex Lawther","The End of the F***ing World","4 de mayo de 1995"
396,nm0085312,2019-11-07,2019-11-07,,"Jack Black","High Fidelity","28 de agosto de 1969"
397,nm0151419,2019-11-07,2019-11-07,,"Kyle Chandler","Argo","17 de septiembre de 1965"
398,nm0785227,2019-11-07,2019-11-07,,"Andy Serkis","War for the Planet of the Apes","20 de abril de 1964"
399,nm0000552,2019-11-08,2019-11-08,,"Eddie Murphy","Harlem Nights","3 de abril de 1961"
400,nm0000648,2019-11-08,2019-11-08,,"Wesley Snipes","Blade","31 de julio de 1962"
401,nm0710341,2019-11-08,2019-11-08,,"Rodolfo Ranni","Los machos","21 de octubre de 1937"
402,nm0228338,2019-11-08,2019-11-08,,"Emilio Disi","Me llaman Gorrión","2 de enero de 1943"
403,nm0215913,2019-11-08,2019-11-08,,"Miguel del Sel","Siempre es difícil volver a casa","3 de julio de 1957"
404,nm0563501,2019-11-08,2019-11-08,,"Marcelo Mazzarello","Naranja y media","13 de febrero de 1965"
405,nm0316338,2019-11-08,2019-11-08,,"Fabián Gianola","La familia Benvenuto","26 de febrero de 1963"
406,nm0130926,2019-11-08,2019-11-08,,"Carlos Calvo","R.R.D.T","21 de febrero de 1953"
407,nm0836809,2019-11-08,2019-11-08,,"Adrián Suar","Vulnerables","25 de marzo de 1968"
408,nm0243257,2019-11-08,2019-11-08,,"Nancy Dupláa","Sin código","3 de diciembre de 1969"
409,nm0729918,2019-11-08,2019-11-08,,"Raúl Rizzo","Padre Coraje","18 de junio de 1948"
410,nm0487616,2019-11-08,2019-11-08,,"Víctor Laplace","El mar de Lucas","30 de mayo de 1943"
411,nm0895914,2019-11-08,2019-11-08,,"Manuel Vicente","Mujer","1 de octubre de 1955"
412,nm0868610,2019-11-08,2019-11-08,,"Diego Torres","La venganza","9 de marzo de 1971"
413,nm0637191,2019-11-08,2019-11-08,,"Laura Novoa","Lo que el tiempo nos dejó","8 de enero de 1969"
414,nm0755364,2019-11-08,2019-11-08,,"José Sacristán","La colmena","27 de septiembre de 1937"
415,nm0070733,2019-11-08,2019-11-08,,"Leonor Benedetto","El buen destino","30 de octubre de 1941"
416,nm0032955,2019-11-08,2019-11-08,,"Hugo Arana","El viaje hacia el mar","23 de julio de 1943"
417,nm0190384,2019-11-08,2019-11-08,,"Lito Cruz","El elegido","14 de mayo de 1941"
418,nm0474581,2019-11-08,2019-11-08,,"Luisa Kuliok","La extraña dama","20 de marzo de 1953"
419,nm0081221,2019-11-08,2019-11-08,,"Héctor Bidonde","1000 millones","2 de marzo de 1937"
420,nm0208674,2019-11-08,2019-11-08,,"Julio De Grazia","La gran aventura","14 de julio de 1929"
421,nm0615511,2019-11-08,2019-11-08,,"Lautaro Murúa","Shunko","29 de diciembre de 1926"
422,nm0241696,2019-11-08,2019-11-08,,"Ulises Dumont","Yepeto","7 de abril de 1937"
423,nm0540885,2019-11-08,2019-11-08,,"Arturo Maly","Tiempo de revancha","6 de septiembre de 1939"
424,nm0612755,2019-11-08,2019-11-08,,"Marcos Mundstock","Bolt","25 de mayo de 1942"
425,nm1024785,2019-11-08,2019-11-08,,"Carlos López Puccio","Bolt","9 de octubre de 1946"
426,nm1347892,2019-11-08,2019-11-08,,"Ernesto Acher","Muchas gracias de nada","9 de octubre de 1939"
427,nm1252376,2019-11-08,2019-11-08,,"Jorge Maronna","Bolt","1 de agosto de 1948"
428,nm1252927,2019-11-08,2019-11-08,,"Daniel Rabinovich","Bolt","18 de noviembre de 1943"
429,nm1252656,2019-11-08,2019-11-08,,"Carlos Nuñez Cortés","Bolt","15 de octubre de 1942"
430,nm0495764,2019-11-08,2019-11-08,,"Tony Leblanc","Cuéntame cómo pasó","7 de mayo de 1922"
431,nm0233292,2019-11-08,2019-11-08,,"Cecilia Dopazo","Tango feroz: la leyenda de Tanguito","17 de noviembre de 1969"
432,nm0592625,2019-11-08,2019-11-08,,"Fernán Mirás","El peso de la ley","17 de julio de 1969"
433,nm0002181,2019-11-08,2019-11-08,,"Imanol Arias","Cuéntame cómo pasó","26 de abril de 1956"
434,nm0083217,2019-11-08,2019-11-08,,"Antonio Birabent","Tres deseos","3 de enero de 1969"
435,nm0195627,2019-11-08,2019-11-08,,"Federico D'Elía","Los simuladores","4 de octubre de 1966"
436,nm0556038,2019-11-08,2019-11-08,,"David Masajnik","Metegol",
437,nm0686304,2019-11-08,2019-11-08,,"Marcelo Piñeyro","El Reino","1953"
438,nm0476889,2019-11-08,2019-11-08,,"Daniel Kuzniecka","Cenizas del paraíso","30 de noviembre de 1965"
439,nm0117580,2019-11-08,2019-11-08,,"Leticia Brédice","Nueve reinas","26 de agosto de 1972"
440,nm0278442,2019-11-08,2019-11-08,,"Alejandro Fiore","Dromo","5 de julio de 1969"
441,nm0781493,2019-11-08,2019-11-08,,"Martín Seefeld","Al final del túnel","20 de noviembre de 1960"
442,nm0527045,2019-11-08,2019-11-08,,"Luis Luque","El puntero","12 de junio de 1956"
443,nm0095308,2019-11-08,2019-11-08,,"Arturo Bonín","Rebelde Way","11 de noviembre de 1943"
444,nm0968559,2019-11-08,2019-11-08,,"Malena Alterio","Aquí no hay quien viva","21 de enero de 1974"
445,nm0191123,2019-11-08,2019-11-08,,"Gemma Cuervo","Aquí no hay quien viva","22 de julio de 1934"
446,nm0082118,2019-11-08,2019-11-08,,"Mariví Bilbao","Aquí no hay quien viva","22 de enero de 1930"
447,nm0317790,2019-11-08,2019-11-08,,"José Luis Gil","Aquí no hay quien viva","9 de diciembre de 1957"
448,nm0581043,2019-11-08,2019-11-08,,"Luis Merlo","Aquí no hay quien viva","13 de junio de 1966"
449,nm0671774,2019-11-08,2019-11-08,,"Emma Penella","Fortunata y Jacinta","2 de marzo de 1930"
450,nm1234572,2019-11-08,2019-11-08,,"Fernando Tejero","Aquí no hay quien viva","24 de febrero de 1965"
451,nm0351053,2019-11-08,2019-11-08,,"Eduardo Gómez","Aquí no hay quien viva","27 de julio de 1951"
452,nm0350044,2019-11-08,2019-11-08,,"Daniel Guzmán","A cambio de nada","21 de septiembre de 1972"
453,nm0410706,2019-11-08,2019-11-08,,"Eva Isanta","Aquí no hay quien viva","19 de junio de 1971"
454,nm0108962,2019-11-14,2019-11-14,,"Dady Brieva","Más que un hombre","5 de marzo de 1957"
455,nm0127925,2019-11-14,2019-11-14,,"Nicolás Cabré","Sin código","6 de febrero de 1980"
456,nm0130335,2019-11-14,2019-11-14,,"Manuel Callau","Gasoleros","26 de agosto de 1946"
457,nm0590476,2019-11-14,2019-11-14,,"Cecilia Milone","Verdad consecuencia","7 de marzo de 1969"
458,nm0705299,2019-11-14,2019-11-14,,"Rubén Rada","Rada","16 de julio de 1943"
459,nm0692613,2019-11-14,2019-11-14,,"Favio Posca","Brave","22 de diciembre de 1966"
460,nm0019046,2019-11-14,2019-11-14,,"Graciela Alfano","La Argentina de Tato","14 de diciembre de 1952"
461,nm0647412,2019-11-14,2019-11-14,,"Alberto Olmedo","Mi mujer no es mi señora","24 de agosto de 1933"
462,nm0691672,2019-11-14,2019-11-14,,"Jorge Porcel","Carlito's Way","7 de septiembre de 1936"
463,nm0110976,2019-11-14,2019-11-14,,"Adriana Brodsky","El manosanta está cargado",
464,nm0246483,2019-11-14,2019-11-14,,"Tristán","Las minas de Salomón Rey","27 de octubre de 1937"
465,nm0145784,2019-11-14,2019-11-14,,"Moria Casán","Primavera","16 de agosto de 1946"
466,nm0173328,2019-11-14,2019-11-14,,"John Coltrane","Adrift","23 de septiembre de 1926"
467,nm0738456,2019-11-14,2019-11-14,,"Sonny Rollins","Project Power","7 de septiembre de 1930"
468,nm1183016,2019-11-14,2019-11-14,,"Jimmy Heath","Marshall","25 de octubre de 1926"
469,nm0326680,2019-11-14,2019-11-14,,"Benny Golson","The Terminal","25 de enero de 1929"
470,nm0001051,2019-11-14,2019-11-14,,"Bill Clinton","The President Is Missing","19 de agosto de 1946"
471,nm0550368,2019-11-14,2019-11-14,,"Wynton Marsalis","A Star Is Born","18 de octubre de 1961"
472,nm0795147,2019-11-14,2019-11-14,,"Wayne Shorter","Glengarry Glen Ross","25 de agosto de 1933"
473,nm1743784,2019-11-14,2019-11-14,,"McCoy Tyner","The Descendants","11 de diciembre de 1938"
474,nm0002537,2019-11-14,2019-11-14,,"Miles Davis","Adrift","25 de mayo de 1926"
475,nm0428033,2019-11-14,2019-11-14,,"Elvin Jones","The General's Daughter","9 de septiembre de 1927"
476,nm0455052,2019-11-14,2019-11-14,,"Martin Luther King Jr.","Freedom Writers","15 de enero de 1929"
477,nm1054474,2019-11-14,2019-11-14,,"Alex Acuna","Battleship",
478,nm0106558,2019-11-14,2019-11-14,,"Randy Brecker","Arthur","27 de noviembre de 1945"
479,nm0168220,2019-11-14,2019-11-14,,"Wayne Cochran","C.C. & Company","10 de mayo de 1939"
480,nm0172182,2019-11-14,2019-11-14,,"Bootsy Collins","Undercover Brother","26 de octubre de 1951"
481,nm2469888,2019-11-14,2019-11-14,,"Al Di Meola","The Sopranos","22 de julio de 1954"
482,nm0259864,2019-11-14,2019-11-14,,"Peter Erskine","Babylon","5 de junio de 1954"
483,nm8286704,2019-11-14,2019-11-14,,"Bobby Economou","The Arrows: Talk Talk",
484,nm0328235,2019-11-14,2019-11-14,,"Jerry González","Crossover Dreams","5 de junio de 1949"
485,nm8286705,2019-11-14,2019-11-14,,"Peter Graves","Jaco",
486,nm0359372,2019-11-14,2019-11-14,,"Herbie Hancock","'Round Midnight","12 de abril de 1940"
487,nm2525229,2019-11-14,2019-11-14,,"Jonas Hellborg","Kola Kolaya Mundhirika",
488,nm2303949,2019-11-14,2019-11-14,,"Anthony Jackson II","Ohio Players",
489,nm4641515,2019-11-14,2019-11-14,,"Jerry Jemmott","The Bronx: A Cry for Help",
490,nm7152621,2019-11-14,2019-11-14,,"Alphonso Johnson","Sound of Sunshine - Sound of Rain",
491,nm0427850,2019-11-14,2019-11-14,,"Darryl Jones","Village of the Damned","11 de diciembre de 1961"
492,nm1441958,2019-11-14,2019-11-14,,"Geddy Lee","Small Soldiers","29 de julio de 1953"
493,nm8286888,2019-11-14,2019-11-14,,"Bill Milkowski","Jaco",
494,nm0588883,2019-11-14,2019-11-14,,"Marcus Miller","Marshall","14 de junio de 1959"
495,nm0591796,2019-11-14,2019-11-14,,"Bob Mintzer","Koyaanisqatsi",
496,nm8286703,2019-11-14,2019-11-14,,"Othello Molineaux","Jaco Pastorius: Live and Outrageous",
497,nm0623483,2019-11-14,2019-11-14,,"Meshell Ndegeocello","Fallen","29 de agosto de 1968"
498,nm8286907,2019-11-14,2019-11-14,,"Felix Pastorius","Jaco",
499,nm0005396,2019-11-14,2019-11-14,,"Carlos Santana","La Bamba","20 de julio de 1947"
500,nm8286890,2019-11-14,2019-11-14,,"Mike Stern","Jaco",
501,nm0001776,2019-11-14,2019-11-14,,"Sting","Dune","2 de octubre de 1951"
502,nm0925117,2019-11-14,2019-11-14,,"Lenny White","Sgt. Pepper's Lonely Hearts Club Band","19 de diciembre de 1949"
503,nm1056442,2019-11-14,2019-11-14,,"Joe Zawinul","Finding Forrester","7 de julio de 1932"
504,nm0001401,2019-11-14,2019-11-14,,"Angelina Jolie","Maleficent","4 de junio de 1975"
505,nm0000201,2019-11-14,2019-11-14,,"Michelle Pfeiffer","The Fabulous Baker Boys","29 de abril de 1958"
506,nm0001053,2019-11-14,2019-11-14,,"Ethan Coen","The Ballad of Buster Scruggs","21 de septiembre de 1957"
507,nm0004981,2019-11-14,2019-11-14,,"Matt Groening","The Simpsons","15 de febrero de 1954"
508,nm0000362,2019-11-14,2019-11-14,,"Danny DeVito","Matilda","17 de noviembre de 1944"
509,nm0000662,2019-11-14,2019-11-14,,"Kiefer Sutherland","24","21 de diciembre de 1966"
510,nm0005328,2019-11-14,2019-11-14,,"Tito Puente","Star Trek Into Darkness","20 de abril de 1923"
511,nm0004518,2019-11-14,2019-11-14,,"David Copperfield","Now You See Me 2","16 de septiembre de 1956"
512,nm0004939,2019-11-14,2019-11-14,,"Joe Frazier","Rocky","12 de enero de 1944"
513,nm0000204,2019-11-14,2019-11-14,,"Natalie Portman","Black Swan","9 de junio de 1981"
514,nm0001842,2019-11-14,2019-11-14,,"Adam West","Batman","19 de septiembre de 1928"
515,nm0113768,2019-11-14,2019-11-14,,"James Brown","The Blues Brothers","3 de mayo de 1933"
516,nm0000004,2019-11-14,2019-11-14,,"John Belushi","Saturday Night Live","24 de enero de 1949"
517,nm0001006,2019-11-14,2019-11-14,,"John Candy","Planes, Trains & Automobiles","31 de octubre de 1950"
518,nm0000213,2019-11-14,2019-11-14,,"Winona Ryder","Alien: Resurrection","29 de octubre de 1971"
519,nm0000249,2019-11-14,2019-11-14,,"James Woods","Vampires","18 de abril de 1947"
520,nm0000493,2019-11-14,2019-11-14,,"Jack Lemmon","The Apartment","8 de febrero de 1925"
521,nm0000188,2019-11-14,2019-11-14,,"Steve Martin","Roxanne","14 de agosto de 1945"
522,nm0490980,2019-11-14,2019-11-14,,"Cyndi Lauper","Cyndi Lauper: Girls Just Want to Have Fun","22 de junio de 1953"
523,nm0005453,2019-11-14,2019-11-14,,"Britney Spears","Crossroads","2 de diciembre de 1981"
524,nm0000112,2019-11-14,2019-11-14,,"Pierce Brosnan","The World Is Not Enough","16 de mayo de 1953"
525,nm0000152,2019-11-14,2019-11-14,,"Richard Gere","Chicago","31 de agosto de 1949"
526,nm0391916,2019-11-14,2019-11-14,,"Larry Holmes","The Moment After","3 de noviembre de 1949"
527,nm0209288,2019-11-14,2019-11-14,,"Oscar De La Hoya","I Am Boxing","4 de febrero de 1973"
528,nm0000553,2019-11-14,2019-11-14,,"Liam Neeson","Kinsey","7 de junio de 1952"
529,nm0000760,2019-11-14,2019-11-14,,"Richard Dean Anderson","Stargate SG-1","23 de enero de 1950"
530,nm1046596,2019-11-14,2019-11-14,,"Ronaldo","Goal II: Living the Dream","22 de septiembre de 1976"
531,nm0035790,2019-11-14,2019-11-14,,"Lance Armstrong","Dodgeball: A True Underdog Story","18 de septiembre de 1971"
532,nm0056187,2019-11-14,2019-11-14,,"Sacha Baron Cohen","Borat: Cultural Learnings of America for Make Benefit Glorious Nation of Kazakhstan","13 de octubre de 1971"
533,nm0136797,2019-11-14,2019-11-14,,"Steve Carell","The Office","16 de agosto de 1962"
534,nm3078932,2019-11-14,2019-11-14,,"Lady Gaga","A Star Is Born","28 de marzo de 1986"
535,nm0005253,2019-11-14,2019-11-14,,"Elisabeth Moss","The Invisible Man","24 de julio de 1982"
536,nm0000501,2019-11-14,2019-11-14,,"Ray Liotta","GoodFellas","18 de diciembre de 1954"
537,nm0429367,2019-11-14,2019-11-14,,"Tom Jones","This Is Tom Jones","7 de junio de 1940"
538,nm0365600,2019-11-14,2019-11-14,,"George Harrison","A Hard Day's Night","25 de febrero de 1943"
539,nm0006168,2019-11-14,2019-11-14,,"John Lennon","A Hard Day's Night","9 de octubre de 1940"
540,nm0005200,2019-11-14,2019-11-14,,"Paul McCartney","Sgt. Pepper's Lonely Hearts Club Band","18 de junio de 1942"
541,nm0823592,2019-11-14,2019-11-14,,"Ringo Starr","A Hard Day's Night","7 de julio de 1940"
542,nm1397313,2019-11-14,2019-11-14,,"The Beatles","The Beatles: Get Back",
543,nm0095104,2019-11-14,2019-11-14,,"Bono","Across the Universe","10 de mayo de 1960"
544,nm0000154,2019-11-14,2019-11-14,,"Mel Gibson","Braveheart","3 de enero de 1956"
545,nm0005056,2019-11-14,2019-11-14,,"Elton John","Kingsman: The Golden Circle","25 de marzo de 1947"
546,nm0001612,2019-11-14,2019-11-14,,"Matthew Perry","Friends","19 de agosto de 1969"
547,nm0001396,2019-11-14,2019-11-14,,"Mick Jagger","Alfie","26 de julio de 1943"
548,nm0000115,2019-11-14,2019-11-14,,"Nicolas Cage","Face/Off","7 de enero de 1964"
549,nm0001558,2019-11-14,2019-11-14,,"Mr. T","Rocky III","21 de mayo de 1952"
550,nm0005379,2019-11-14,2019-11-14,,"Dennis Rodman","Double Team","13 de mayo de 1961"
551,nm0532235,2019-11-14,2019-11-14,,"Seth MacFarlane","Family Guy","26 de octubre de 1973"
552,nm0005109,2019-11-14,2019-11-14,,"Mila Kunis","Black Swan","14 de agosto de 1983"
553,nm1214289,2019-11-14,2019-11-14,,"Pharrell Williams","Hidden Figures","5 de abril de 1973"
554,nm0004907,2019-11-14,2019-11-14,,"Donald Fagen","R.I.P.D.","10 de enero de 1948"
555,nm0000250,2019-11-14,2019-11-14,,"Renée Zellweger","Chicago","25 de abril de 1969"
556,nm0001391,2019-11-14,2019-11-14,,"Michael Jackson","Michael Jackson: Thriller","29 de agosto de 1958"
557,nm0878911,2019-11-14,2019-11-14,,"Steven Tyler","Be Cool","26 de marzo de 1948"
558,nm0000541,2019-11-14,2019-11-14,,"Bette Midler","Beaches","1 de diciembre de 1945"
559,nm0005107,2019-11-14,2019-11-14,,"Lenny Kravitz","The Hunger Games","26 de mayo de 1964"
560,nm0874235,2019-11-14,2019-11-14,,"Robert Trujillo","Encino Man","23 de octubre de 1964"
561,nm4006677,2019-11-14,2019-11-14,,"Julian Assange","Mediastan","3 de julio de 1971"
562,nm0641944,2019-11-14,2019-11-14,,"Shaquille O'Neal","Steel","6 de marzo de 1972"
563,nm0005059,2019-11-14,2019-11-14,,"Magic Johnson","Obsessed","14 de agosto de 1959"
564,nm0724189,2019-11-14,2019-11-14,,"Keith Richards","Pirates of the Caribbean: At World's End","18 de diciembre de 1943"
565,nm0004879,2019-11-14,2019-11-14,,"Snoop Dogg","Training Day","20 de octubre de 1971"
566,nm0915989,2019-11-14,2019-11-14,,"Hugo Weaving","The Lord of the Rings: The Return of the King","4 de abril de 1960"
567,nm0001872,2019-11-14,2019-11-14,,"Steve Zahn","War for the Planet of the Apes","13 de noviembre de 1967"
568,nm0305081,2019-11-14,2019-11-14,,"Adam Garcia","Coyote Ugly","1 de junio de 1973"
569,nm0000547,2019-11-14,2019-11-14,,"Alfred Molina","Spider-Man 2","24 de mayo de 1953"
570,nm0000387,2019-11-16,2019-11-16,,"Robert Englund","A Nightmare on Elm Street","6 de junio de 1947"
571,nm0386472,2019-11-19,2019-11-19,,"Emile Hirsch","Into the Wild","13 de marzo de 1985"
572,nm0000681,2019-11-19,2019-11-19,,"Vince Vaughn","The Break-Up","28 de marzo de 1970"
573,nm4496875,2019-11-21,2019-11-21,,"Mackenzie Davis","Terminator: Dark Fate","1 de abril"
574,nm1256532,2019-11-22,2019-11-22,,"Jon Bernthal","The Wolf of Wall Street","20 de septiembre de 1976"
575,nm0518085,2019-11-23,2019-11-23,,"Kristanna Loken","Terminator 3: Rise of the Machines","8 de octubre"
576,nm0091286,2019-11-23,2019-11-23,,"Earl Boen","Terminator 2: Judgment Day","8 de agosto de 1941"
577,nm0000255,2019-11-25,2019-11-25,,"Ben Affleck","Argo","15 de agosto de 1972"
578,nm0137506,2019-11-25,2019-11-25,,"George Carlin","Bill & Ted's Excellent Adventure","12 de mayo de 1937"
579,nm0812806,2019-11-25,2019-11-25,,"Malena Solda","Cordero de Dios","1 de junio de 1977"
580,nm0698628,2019-11-25,2019-11-25,,"Esteban Prol","Soy tóxico","15 de diciembre de 1966"
581,nm0667282,2019-11-25,2019-11-25,,"Gastón Pauls","Nueve reinas","17 de enero de 1972"
582,nm0647046,2019-11-25,2019-11-25,,"Diego Olivera","Hasta el fin del mundo","7 de febrero de 1968"
583,nm0231052,2019-11-25,2019-11-25,,"Alejandro Dolina","Recordando el show de Alejandro Molina","20 de mayo de 1944"
584,nm0124370,2019-11-25,2019-11-25,,"Mirta Busnelli","Tumberos","13 de enero de 1946"
585,nm0526103,2019-11-25,2019-11-25,,"Gianni Lunadei","Pinocho","1 de mayo de 1938"
586,nm0798140,2019-11-25,2019-11-25,,"Coco Sily","Recordando el show de Alejandro Molina","17 de enero de 1962"
587,nm4464304,2019-11-25,2019-11-25,,"Gillespi","¿Sabés nadar?","16 de agosto de 1965"
588,nm2895886,2019-11-25,2019-11-25,,"Gabriel Rolón","Los Padecientes","1 de noviembre de 1961"
589,nm1085058,2019-11-25,2019-11-25,,"Caloi","Clemente","9 de noviembre de 1948"
590,nm4697303,2019-11-25,2019-11-25,,"Patricio Barton","Recordando el show de Alejandro Molina",
591,nm0002728,2019-11-25,2019-11-25,,"Juan José Campanella","El secreto de sus ojos","19 de julio de 1959"
592,nm1705418,2019-11-25,2019-11-25,,"Víctor Hugo Morales","The President","26 de diciembre de 1948"
593,nm0649638,2019-11-25,2019-11-25,,"Natalia Oreiro","Sos mi vida","19 de mayo de 1977"
594,nm2002646,2019-11-25,2019-11-25,,"Gabriel Schultz","Kryptonita",
595,nm0096559,2019-11-25,2019-11-25,,"Graciela Borges","La Ciénaga","10 de junio de 1941"
596,nm1242939,2019-11-25,2019-11-25,,"Clara Lago","La cara oculta","6 de marzo de 1990"
597,nm0096375,2019-11-25,2019-11-25,,"Sebastián Borensztein","Un cuento chino","22 de abril de 1963"
598,nm0000299,2019-11-25,2019-11-25,,"Michael Biehn","Aliens","31 de julio de 1956"
599,nm0564215,2019-11-25,2019-11-25,,"James McAvoy","Filth","21 de abril de 1979"
600,nm0322407,2019-11-25,2019-11-25,,"Brendan Gleeson","Calvary","29 de marzo de 1955"
601,nm0164809,2019-11-25,2019-11-25,,"Jason Clarke","Zero Dark Thirty","17 de julio de 1969"
602,nm1411125,2019-11-25,2019-11-25,,"Selena Gomez","Spring Breakers","22 de julio de 1992"
603,nm1050796,2019-11-25,2019-11-25,,"George Benson","Spiderhead","22 de marzo de 1943"
604,nm0006010,2019-11-25,2019-11-25,,"Stanley Clarke","Boyz n the Hood","30 de junio de 1951"
605,nm2191409,2019-11-25,2019-11-25,,"Larry Graham","The Many Saints of Newark","14 de agosto de 1946"
606,nm1054403,2019-11-25,2019-11-25,,"Ahmad Jamal","The Bridges of Madison County","2 de julio de 1930"
607,nm0760824,2019-11-25,2019-11-25,,"David Sanborn","Lethal Weapon 2","30 de julio de 1945"
608,nm0923547,2019-11-25,2019-11-25,,"Kirk Whalum","Only You","11 de julio de 1958"
609,nm1906314,2019-11-25,2019-11-25,,"Victor Wooten","The Chi","11 de septiembre de 1964"
610,nm0167388,2019-11-25,2019-11-25,,"François Cluzet","Intouchables","21 de septiembre de 1955"
611,nm0170713,2019-11-25,2019-11-25,,"Nat 'King' Cole","The Nat King Cole Show","17 de marzo de 1919"
612,nm0004746,2019-11-25,2019-11-25,,"Tony Bennett","Muppets Most Wanted","3 de agosto de 1926"
613,nm0677328,2019-11-25,2019-11-25,,"Oscar Peterson","Just Cause","15 de agosto de 1925"
614,nm0000069,2019-11-25,2019-11-25,,"Frank Sinatra","From Here to Eternity","12 de diciembre de 1915"
615,nm0933897,2019-11-25,2019-11-25,,"Nancy Wilson","Hawaii Five-O","20 de febrero de 1937"
616,nm0254153,2019-11-25,2019-11-25,,"Duke Ellington","Anatomy of a Murder","29 de abril de 1899"
617,nm0004831,2019-11-25,2019-11-25,,"Natalie Cole","Taxi","6 de febrero de 1950"
618,nm0002035,2019-11-25,2019-11-25,,"Sammy Davis Jr.","Ocean's Eleven","8 de diciembre de 1925"
619,nm0280228,2019-11-25,2019-11-25,,"Ella Fitzgerald","Sphere","25 de abril de 1917"
620,nm0690303,2019-11-25,2019-11-25,,"Eusebio Poncela","La ley del deseo","15 de septiembre de 1945"
621,nm0667287,2019-11-25,2019-11-25,,"Nicolás Pauls","De Italia a España por Olivos","20 de diciembre de 1973"
622,nm1346920,2019-11-25,2019-11-25,,"Lalo Mir","Viudas e hijos del Rock & Roll",
623,nm5653764,2019-11-25,2019-11-25,,"Divididos","Comodines",
624,nm5654431,2019-11-25,2019-11-25,,"Diego Arnedo","Comodines",
625,nm0503587,2019-11-25,2019-11-25,,"Alejandro Lerner","Costumbres argentinas",
626,nm0597093,2019-11-25,2019-11-25,,"Ricardo Mollo","Comodines","17 de agosto de 1957"
627,nm1096583,2019-11-25,2019-11-25,,"Leopoldo Federico","Buenos Aires tango","12 de enero de 1927"
628,nm1935059,2019-11-25,2019-11-25,,"Hilda Lizarazu","Geisha",
629,nm0596722,2019-11-25,2019-11-25,,"Juana Molina","Juana y sus hermanas",
630,nm0763395,2019-11-25,2019-11-25,,"Gustavo Santaolalla","Brokeback Mountain","19 de agosto de 1951"
631,nm0317326,2019-11-25,2019-11-25,,"León Gieco","Mundo alas","20 de noviembre de 1951"
632,nm0815307,2019-11-25,2019-11-25,,"Patricia Sosa","Ningún amor es perfecto","23 de enero de 1956"
633,nm0273223,2019-11-25,2019-11-25,,"Vicentico","Get the Gringo","24 de julio de 1964"
634,nm5765424,2019-11-25,2019-11-25,,"Hernán Jacinto","Tampoco Tan Grandes",
635,nm2464256,2019-11-25,2019-11-25,,"Lisandro Aristimuño","Paraíso",
636,nm5849751,2019-11-25,2019-11-25,,"Francisco Fattoruso","The Girl in the Spider's Web",
637,nm5849754,2019-11-25,2019-11-25,,"Ramiro Flores","Encuentro en el Estudio",
638,nm1054408,2019-11-25,2019-11-25,,"David Lebón","El Clan","5 de octubre de 1952"
639,nm5849757,2019-11-25,2019-11-25,,"Sergio Wagner","Encuentro en el Estudio",
640,nm2258078,2019-11-25,2019-11-25,,"Gonzalo Aloras","¿De quién es el portaligas?",
641,nm0134580,2019-11-25,2019-11-25,,"Fabiana Cantilo","Existir","3 de marzo de 1959"
642,nm1085381,2019-11-25,2019-11-25,,"Roberto Fontanarrosa","Cuestión de principios","26 de noviembre de 1944"
643,nm0285113,2019-11-25,2019-11-25,,"Horacio Fontova","Soy tóxico","30 de octubre de 1946"
644,nm0865578,2019-11-25,2019-11-25,,"Daniel Tognetti","PuntoDoc","23 de enero de 1970"
645,nm4622349,2019-11-25,2019-11-25,,"Julia Mengolini","Bendita TV",
646,nm0678683,2019-11-25,2019-11-25,,"Roberto Pettinato","Primicias","13 de diciembre de 1955"
647,nm3902700,2019-11-25,2019-11-25,,"Malena Pichot","Viudas Negras: P*tas y Chorras",
648,nm1881804,2019-11-25,2019-11-25,,"Julián Kartún","Aventuras de Corazón Roto",
649,nm0530048,2019-11-25,2019-11-25,,"Charo López","La regenta","28 de octubre de 1943"
650,nm4170876,2019-11-25,2019-11-25,,"Julián Lucero","Lo mejor del mundo",
651,nm3151608,2019-11-25,2019-11-25,,"Julián Doregger","El niño pez",
652,nm3919779,2019-11-25,2019-11-25,,"Maravilla Martínez","Búfalo","21 de febrero de 1975"
653,nm1328396,2019-11-25,2019-11-25,,"Fredy Villarreal","Son de Fierro","29 de abril de 1969"
654,nm0248371,2019-11-25,2019-11-25,,"Pablo Echarri","El elegido","21 de septiembre de 1969"
655,nm1399745,2019-11-25,2019-11-25,,"Beto Casella","Un amor en tiempos de selfies",
656,nm1347883,2019-11-25,2019-11-25,,"Fena della Maggiora","¿De quién es el portaligas?",
657,nm1160591,2019-11-25,2019-11-25,,"Mex Urtizberea","Los exitosos Pells","25 de octubre de 1960"
658,nm0812176,2019-11-25,2019-11-25,,"Gerardo Sofovich","El show de Barbieri y Pelele","18 de marzo de 1937"
659,nm4610562,2019-11-25,2019-11-25,,"Coco Basile","Copa América Chile 1991","1 de noviembre de 1943"
660,nm0143338,2019-11-25,2019-11-25,,"Nazareno Casero","Crónica de una fuga","19 de junio de 1986"
661,nm1056503,2019-11-25,2019-11-25,,"Pablo Granados","No hay 2 sin 3","11 de septiembre de 1965"
662,nm0623851,2019-11-25,2019-11-25,,"Litto Nebbia","Evita, quien quiera oír que oiga","21 de julio de 1948"
663,nm4991930,2019-11-25,2019-11-25,,"Willy Crook","Pura Química","28 de agosto de 1965"
664,nm0207775,2019-11-25,2019-11-25,,"Sebastián De Caro","New Indians","15 de diciembre de 1975"
665,nm0376655,2019-11-25,2019-11-25,,"Daniel Hendler","Norberto apenas tarde","3 de enero de 1976"
666,nm0476355,2019-11-25,2019-11-25,,"Andy Kusnetzoff","Graduados","17 de noviembre de 1970"
667,nm0892861,2019-11-25,2019-11-25,,"Fabián Vena","Resistiré","10 de agosto de 1968"
668,nm2049133,2019-11-25,2019-11-25,,"Titi Fernández","Tico tico",
669,nm1993065,2019-11-25,2019-11-25,,"Estela de Carlotto","Matar a Videla",
670,nm1063092,2019-11-25,2019-11-25,,"Adriana Varela","Plata quemada","9 de mayo de 1952"
671,nm0285135,2019-11-25,2019-11-25,,"Dolores Fonzi","Belén","19 de julio de 1978"
672,nm0785651,2019-11-25,2019-11-25,,"Joan Manuel Serrat","Cuéntame cómo pasó","27 de diciembre de 1943"
673,nm0285136,2019-11-25,2019-11-25,,"Tomás Fonzi","Nueve reinas","24 de agosto de 1981"
674,nm1378501,2019-11-25,2019-11-25,,"Kevin Johansen","Volver a nacer","21 de junio de 1964"
675,nm0679167,2019-11-25,2019-11-25,,"Florencia Peña","Casados con hijos","7 de noviembre de 1974"
676,nm1327864,2019-11-25,2019-11-25,,"Pachu Peña","Bañeros III, todopoderosos","23 de agosto de 1962"
677,nm4824405,2019-11-25,2019-11-25,,"Carlos Bilardo","Tiempo cumplido","16 de marzo de 1939"
678,nm3231606,2019-11-25,2019-11-25,,"Guillermo Coppola","Me casé con un boludo",
679,nm0237779,2019-11-25,2019-11-25,,"Jorge Drexler","Diarios de motocicleta","21 de septiembre de 1964"
680,nm0270734,2019-11-25,2019-11-25,,"José Pablo Feinmann","Últimos días de la víctima","29 de marzo de 1943"
681,nm1496704,2019-11-25,2019-11-25,,"Mariano Otero","Tres pájaros",
682,nm3952218,2019-11-25,2019-11-25,,"Claudia Puyó","Hipersomnia",
683,nm1135227,2019-11-25,2019-11-25,,"Juan Carlos Baglietto","Hasta donde llegan tus ojos","14 de junio de 1956"
684,nm0487709,2019-11-25,2019-11-25,,"Osvaldo Laport","Son de Fierro","12 de agosto de 1956"
685,nm4564847,2019-11-25,2019-11-25,,"Darío Sztajnszrajber","Mentira la verdad",
686,nm0994140,2019-11-25,2019-11-25,,"Lito Vitale","Elsa y Fred","1 de diciembre de 1961"
687,nm0917704,2019-11-25,2019-11-25,,"Julián Weich","Un hijo genial","27 de junio de 1966"
688,nm0685289,2019-11-25,2019-11-25,,"Martín Piroyansky","XXY","3 de marzo de 1986"
689,nm0097833,2019-11-25,2019-11-25,,"João Bosco","Uga Uga","13 de julio de 1946"
690,nm0117770,2019-11-25,2019-11-25,,"Chico Buarque","A Máquina","19 de junio de 1944"
691,nm0229125,2019-11-25,2019-11-25,,"Djavan","Bossa Nova","27 de enero de 1949"
692,nm0268929,2019-11-25,2019-11-25,,"Hugo Fattoruso","El último tren",
693,nm0621643,2019-11-25,2019-11-25,,"Milton Nascimento","The Player","26 de octubre de 1942"
694,nm0743489,2019-11-25,2019-11-25,,"Jaime Roos","El amateur","12 de noviembre de 1953"
695,nm0897640,2019-11-25,2019-11-25,,"Mónica Villa","Esperando la carroza","16 de diciembre de 1954"
696,nm1153318,2019-11-26,2019-11-26,,"Elis Regina","Hable con ella","17 de marzo de 1945"
697,nm0317772,2019-11-26,2019-11-26,,"Gilberto Gil","Whip It","26 de junio de 1942"
698,nm0516514,2019-11-26,2019-11-26,,"Edu Lobo","Barra Pesada","29 de agosto de 1943"
699,nm0498097,2019-11-26,2019-11-26,,"Rita Lee","After the Sunset","31 de diciembre de 1947"
700,nm2199632,2019-11-27,2019-11-27,,"Rudy Youngblood","Apocalypto","21 de septiembre de 1982"
701,nm0000182,2019-11-27,2019-11-27,,"Jennifer Lopez","Hustlers","24 de julio de 1969"
702,nm0781533,2019-11-27,2019-11-27,,"Rhea Seehorn","Better Call Saul","12 de mayo de 1972"
703,nm3103126,2019-11-27,2019-11-27,,"Michael Mando","Spider-Man: Brand New Day","13 de julio de 1981"
704,nm0571106,2019-11-27,2019-11-27,,"Michael McKean","This Is Spinal Tap","17 de octubre de 1947"
705,nm1648139,2019-11-29,2019-11-29,,"Bobby Fischer","Jouer sa vie","9 de marzo de 1943"
706,nm0001497,2019-11-29,2019-11-29,,"Tobey Maguire","Brothers","27 de junio de 1975"
707,nm2798112,2019-11-29,2019-11-29,,"Allison Tolman","Krampus","18 de noviembre de 1981"
708,nm0004988,2019-11-29,2019-11-29,,"Colin Hanks","King Kong","24 de noviembre de 1977"
709,nm0001254,2019-11-29,2019-11-29,,"James Gandolfini","The Sopranos","18 de septiembre de 1961"
710,nm2257207,2019-12-01,2019-12-01,,"Daniel Kaluuya","Get Out","24 de febrero de 1989"
711,nm0529206,2019-12-02,2019-12-02,,"Carlos Lyra","Para Viver um Grande Amor","11 de mayo de 1933"
712,nm0210460,2019-12-02,2019-12-02,,"Vinicius de Moraes","V for Vendetta","19 de octubre de 1913"
713,nm1299882,2019-12-02,2019-12-02,,"Víctor Heredia","The Tailor of Panama",
714,nm1137624,2019-12-02,2019-12-02,,"Teresa Parodi","La bailanta","30 de diciembre de 1947"
715,nm2023399,2019-12-02,2019-12-02,,"Michael Peterson","Soupçons","23 de octubre de 1943"
716,nm5308683,2019-12-02,2019-12-02,,"David Rudolf","Soupçons",
717,nm1239499,2019-12-02,2019-12-02,,"Rory Kinnear","The Imitation Game","17 de febrero de 1976"
718,nm0446672,2019-12-02,2019-12-02,,"Michael Kelly","Dawn of the Dead","22 de mayo de 1969"
719,nm1813221,2019-12-02,2019-12-02,,"Gugu Mbatha-Raw","Belle","21 de abril de 1983"
720,nm0923299,2019-12-02,2019-12-02,,"Eleonora Wexler","Valientes","2 de abril de 1974"
721,nm1375877,2019-12-02,2019-12-02,,"Juan Minujín","El marginal","20 de mayo de 1975"
722,nm0000164,2019-12-02,2019-12-02,,"Anthony Hopkins","The Silence of the Lambs","31 de diciembre de 1937"
723,nm0001277,2019-12-02,2019-12-02,,"Scott Glenn","The Hunt for Red October","26 de enero de 1939"
724,nm0000560,2019-12-02,2019-12-02,,"Nick Nolte","Warrior","8 de febrero de 1941"
725,nm0251872,2019-12-02,2019-12-02,,"Bob Einstein","Bizarre","20 de noviembre de 1942"
726,nm0843100,2019-12-02,2019-12-02,,"Wanda Sykes","Monster-in-Law","7 de marzo de 1964"
727,nm0005460,2019-12-02,2019-12-02,,"Mary Steenburgen","Last Vegas","8 de febrero de 1953"
728,nm0000139,2019-12-03,2019-12-03,,"Cameron Diaz","Charlie's Angels","30 de agosto de 1972"
729,nm0000221,2019-12-03,2019-12-03,,"Charlie Sheen","Two and a Half Men","3 de septiembre de 1965"
730,nm0005069,2019-12-03,2019-12-03,,"Spike Jonze","Her","22 de octubre de 1969"
731,nm0000490,2019-12-03,2019-12-03,,"Spike Lee","Do the Right Thing","20 de marzo de 1957"
732,nm1917778,2019-12-03,2019-12-03,,"Jackson 5","Guardians of the Galaxy",
733,nm0859821,2019-12-03,2019-12-03,,"Questlove","Summer of Soul (...Or, When the Revolution Could Not be Televised)","20 de enero de 1971"
734,nm0680140,2019-12-03,2019-12-03,,"Greg Phillinganes","Weird Science","12 de mayo de 1956"
735,nm0925554,2019-12-03,2019-12-03,,"Verdine White","Think Like a Man","25 de julio de 1951"
736,nm0000001,2019-12-03,2019-12-03,,"Fred Astaire","The Towering Inferno","10 de mayo de 1899"
737,nm0591485,2019-12-03,2019-12-03,,"Liza Minnelli","Cabaret","12 de marzo de 1946"
738,nm3037166,2019-12-03,2019-12-03,,"Esperanza Spalding","Roman J. Israel, Esq.","18 de octubre de 1984"
739,nm1215542,2019-12-03,2019-12-03,,"Louis Johnson","Yes Man","13 de abril de 1955"
740,nm0005567,2019-12-03,2019-12-03,,"Stevie Wonder","Jungle Fever","13 de mayo de 1950"
741,nm0004720,2019-12-03,2019-12-03,,"Patti Austin","Magic City","10 de agosto de 1950"
742,nm0005384,2019-12-03,2019-12-03,,"Diana Ross","The Wiz","26 de marzo de 1944"
743,nm0005493,2019-12-03,2019-12-03,,"Justin Timberlake","Trolls","31 de enero de 1981"
744,nm0000820,2019-12-03,2019-12-03,,"Burt Bacharach","Butch Cassidy and the Sundance Kid","12 de mayo de 1928"
745,nm0001946,2019-12-03,2019-12-03,,"Chuck Berry","Men in Black","18 de octubre de 1926"
746,nm0310848,2019-12-03,2019-12-03,,"Marvin Gaye","High Fidelity","2 de abril de 1939"
747,nm0562631,2019-12-03,2019-12-03,,"Curtis Mayfield","Armageddon","3 de junio de 1942"
748,nm0715563,2019-12-03,2019-12-03,,"Lou Reed","V for Vendetta","2 de marzo de 1942"
749,nm0005360,2019-12-03,2019-12-03,,"Lionel Richie","The Color Purple","20 de junio de 1949"
750,nm0854644,2019-12-03,2019-12-03,,"Rod Temperton","The Color Purple","9 de octubre de 1949"
751,nm0912238,2019-12-03,2019-12-03,,"Andy Warhol","Blue Movie","6 de agosto de 1928"
752,nm0990909,2019-12-03,2019-12-03,,"Ivan Lins","Fast Five","16 de junio de 1945"
753,nm0000644,2019-12-03,2019-12-03,,"Helen Slater","Supergirl","15 de diciembre de 1963"
754,nm0000564,2019-12-03,2019-12-03,,"Peter O'Toole","Lawrence of Arabia","2 de agosto de 1932"
755,nm0051509,2019-12-03,2019-12-03,,"Eric Bana","Dirty John","9 de agosto de 1968"
756,nm0428923,2019-12-03,2019-12-03,,"Nathan Jones","Mad Max: Fury Road","21 de agosto"
757,nm0000432,2019-12-03,2019-12-03,,"Gene Hackman","The French Connection","30 de enero de 1930"
758,nm0001659,2019-12-03,2019-12-03,,"Christopher Reeve","Superman: The Movie","25 de septiembre de 1952"
759,nm0001640,2019-12-03,2019-12-03,,"Richard Pryor","Superman III","1 de diciembre de 1940"
760,nm0000460,2019-12-03,2019-12-03,,"Jeremy Irons","Dead Ringers","19 de septiembre de 1948"
761,nm0000125,2019-12-06,2019-12-06,,"Sean Connery","Dr. No","25 de agosto de 1930"
762,nm0000579,2019-12-06,2019-12-06,,"Ron Perlman","Hand of God","13 de abril de 1950"
763,nm0299078,2019-12-06,2019-12-06,,"Joaquín Furriel","El patrón, radiografía de un crimen","26 de agosto de 1974"
764,nm3259453,2019-12-06,2019-12-06,,"Diego Cremonesi","Rojo",
765,nm0799193,2019-12-06,2019-12-06,,"Soledad Silveyra","Vidas robadas","13 de febrero de 1952"
766,nm0000620,2019-12-06,2019-12-06,,"Mickey Rourke","Sin City","16 de septiembre de 1952"
767,nm0000569,2019-12-06,2019-12-06,,"Gwyneth Paltrow","Shakespeare in Love","27 de septiembre de 1972"
768,nm0000932,2019-12-06,2019-12-06,,"Halle Berry","Catwoman","14 de agosto de 1966"
769,nm0209404,2019-12-06,2019-12-06,,"Rodrigo de la Serna","Diarios de motocicleta","18 de abril de 1976"
770,nm0225916,2019-12-06,2019-12-06,,"Gabino Diego","Belle Epoque","18 de septiembre de 1966"
771,nm0001806,2019-12-06,2019-12-06,,"John Turturro","Fading Gigolo","28 de febrero de 1957"
772,nm0327944,2019-12-06,2019-12-06,,"Alejandro G. Iñárritu","Biutiful","15 de agosto de 1963"
773,nm0138612,2019-12-06,2019-12-06,,"Roberto Carnaghi","Montecristo",
774,nm0000155,2019-12-06,2019-12-06,,"Whoopi Goldberg","Ghost","13 de noviembre de 1955"
775,nm0001856,2019-12-06,2019-12-06,,"Oprah Winfrey","The Oprah Winfrey Show","29 de enero de 1954"
776,nm0353546,2019-12-08,2019-12-08,,"Julie Hagerty","Marriage Story","15 de junio de 1955"
777,nm0319880,2019-12-09,2019-12-09,,"Susana Giménez","LOL: Last One Laughing Argentina","29 de enero de 1944"
778,nm0600406,2019-12-09,2019-12-09,,"Carlos Monzón","Il conto è chiuso","7 de agosto de 1942"
779,nm0001721,2019-12-10,2019-12-10,,"Chloë Sevigny","We Are Who We Are","18 de noviembre de 1974"
780,nm0001833,2019-12-10,2019-12-10,,"Emily Watson","Gosford Park","14 de enero de 1967"
781,nm0634120,2019-12-10,2019-12-10,,"Jean Pierre Noher","Diarios de motocicleta","5 de mayo de 1956"
782,nm0739810,2019-12-10,2019-12-10,,"Jorge Román","El bonaerense",
783,nm4247146,2019-12-10,2019-12-10,,"Belén Chavanne","Champs 12","27 de julio de 1989"
784,nm0000215,2019-12-11,2019-12-11,,"Susan Sarandon","Thelma & Louise","4 de octubre de 1946"
785,nm1866081,2019-12-12,2019-12-12,,"Raul Alfonsín","Videomatch","12 de marzo de 1927"
786,nm0871086,2019-12-12,2019-12-12,,"Pablo Trapero","El Clan","4 de octubre de 1971"
787,nm0648780,2019-12-12,2019-12-12,,"Yoko Ono","Blink Twice","18 de febrero de 1933"
788,nm0005562,2019-12-12,2019-12-12,,"Owen Wilson","The Royal Tenenbaums","18 de noviembre de 1968"
789,nm0001302,2019-12-12,2019-12-12,,"Christopher Guest","This Is Spinal Tap","5 de febrero de 1948"
790,nm0000443,2019-12-12,2019-12-12,,"Goldie Hawn","The First Wives Club","21 de noviembre de 1945"
791,nm0001993,2019-12-12,2019-12-12,,"Vincent Cassel","L'ennemi public n°1","23 de noviembre de 1966"
792,nm0306023,2019-12-12,2019-12-12,,"Charly García","Argentina, 1985","23 de octubre de 1951"
793,nm0215371,2019-12-12,2019-12-12,,"Andrea Del Boca","Celeste, siempre Celeste","18 de octubre de 1965"
794,nm1152826,2019-12-12,2019-12-12,,"Oscar Moro","Peperina","24 de enero de 1950"
795,nm0598184,2019-12-12,2019-12-12,,"José María Monje","Amor en custodia","22 de marzo de 1967"
796,nm0636904,2019-12-12,2019-12-12,,"Pablo Novak","1000 millones","13 de diciembre de 1965"
797,nm0323019,2019-12-12,2019-12-12,,"Divina Gloria","R.R.D.T",
798,nm0720054,2019-12-12,2019-12-12,,"Nicolás Repetto","Cha cha cha","11 de marzo de 1957"
799,nm1070226,2019-12-12,2019-12-12,,"María Laura Santillán","Aprender a volar",
800,nm0347435,2019-12-12,2019-12-12,,"Jorge Guinzburg","Chabonas","3 de febrero de 1949"
801,nm1388250,2019-12-12,2019-12-12,,"Charly Alberti","Puerta V","27 de marzo de 1963"
802,nm1388582,2019-12-12,2019-12-12,,"Zeta Bosio","Alguien te está mirando","1 de octubre de 1959"
803,nm0148455,2019-12-12,2019-12-12,,"Gustavo Cerati","Blue Beetle","11 de agosto de 1959"
804,nm0135932,2019-12-12,2019-12-12,,"Berugo Carambula","Son amores","31 de octubre de 1945"
805,nm1672616,2019-12-12,2019-12-12,,"Serú Girán","El Clan",
806,nm0673696,2019-12-12,2019-12-12,,"Mario Pergolini","Caiga quien caiga","3 de julio de 1964"
807,nm5330009,2019-12-12,2019-12-12,,"Soda Stereo","Soda Stereo: Ella usó mi cabeza como un revólver",
808,nm0844531,2019-12-12,2019-12-12,,"Ernesto Sábato","El poder de las tinieblas","24 de junio de 1911"
809,nm0863906,2019-12-12,2019-12-12,,"Marcelo Tinelli","Soñando por bailar","1 de abril de 1960"
810,nm1486528,2019-12-12,2019-12-12,,"Thelma Fardín","Los simuladores","24 de octubre de 1992"
811,nm1475876,2019-12-12,2019-12-12,,"Chino Volpato","Midachi: el regreso del humor",
812,nm1014363,2019-12-12,2019-12-12,,"Diego Alonso Gómez","Okupas","10 de marzo de 1972"
813,nm0305817,2019-12-12,2019-12-12,,"Alejo García Pintos","Argentina, 1985","4 de febrero de 1967"
814,nm1238097,2019-12-12,2019-12-12,,"Diego Korol","La noche de los lápices","31 de marzo de 1969"
815,nm5704253,2019-12-12,2019-12-12,,"Marcela Feudale","Videomatch","11 de diciembre de 1962"
816,nm1321778,2019-12-12,2019-12-12,,"Miguel Ángel Rodríguez","Tu cara me suena - Argentina","10 de noviembre de 1960"
817,nm1039675,2019-12-12,2019-12-12,,"Toti Ciliberto","Videomatch","25 de mayo de 1961"
818,nm1464609,2019-12-12,2019-12-12,,"José María Listorti","Socios por accidente",
819,nm1617351,2019-12-12,2019-12-12,,"Juan Sebastián Verón","Me casé con un boludo","9 de marzo de 1975"
820,nm1428346,2019-12-12,2019-12-12,,"Hernan Crespo","Secret Tournament","5 de julio de 1975"
821,nm4904513,2019-12-12,2019-12-12,,"Claudio López","Muy perronas las muchachas","17 de julio de 1974"
822,nm3204527,2019-12-12,2019-12-12,,"Javier Zanetti","Fabio Rovazzi feat. Gianni Morandi: Volare","10 de agosto de 1973"
823,nm4569283,2019-12-12,2019-12-12,,"Ariel Ortega","Claro Argentina","4 de marzo de 1974"
824,nm1596572,2019-12-12,2019-12-12,,"Diego Simeone","LaLiga","28 de abril de 1970"
825,nm1616388,2019-12-12,2019-12-12,,"Gabriel Batistuta","Muñeca brava","1 de febrero de 1969"
826,nm5361121,2019-12-12,2019-12-12,,"Marcelo Gallardo","Videomatch","18 de enero de 1976"
827,nm1323886,2019-12-12,2019-12-12,,"Daniel Passarella","Videomatch","25 de mayo de 1953"
828,nm0528486,2019-12-12,2019-12-12,,"Valeria Lynch","Videomatch","5 de enero de 1952"
829,nm1929571,2019-12-12,2019-12-12,,"Germán Burgos","Isi/Disi: Alto voltaje","16 de abril de 1969"
830,nm2184334,2019-12-12,2019-12-12,,"Juan Pablo Sorin","Marte Um","5 de mayo de 1976"
831,nm2046042,2019-12-12,2019-12-12,,"Osvaldo Príncipi","100% lucha, el amo de los clones","14 de diciembre de 1956"
832,nm0109846,2019-12-12,2019-12-12,,"Mariana Briski","El viento","14 de septiembre de 1965"
833,nm4992610,2019-12-12,2019-12-12,,"José Luis Chilavert","Videomatch","27 de julio de 1965"
834,nm4683070,2019-12-12,2019-12-12,,"Roberto Ayala","LaLiga","14 de abril de 1973"
835,nm2205797,2019-12-12,2019-12-12,,"Alejandro Fantino","Escuela Para Maridos","26 de septiembre de 1971"
836,nm5742792,2019-12-12,2019-12-12,,"Nelson Vivas","Videomatch",
837,nm1154933,2019-12-12,2019-12-12,,"Jorge Corona","Paraíso relax",
838,nm4963831,2019-12-12,2019-12-12,,"Kily González","Videomatch","4 de agosto de 1974"
839,nm4594389,2019-12-12,2019-12-12,,"Teto Medina","Medios locos",
840,nm2430110,2019-12-12,2019-12-12,,"Bambino Veira","Chau Domingo",
841,nm4669489,2019-12-12,2019-12-12,,"Matias Almeyda","Quilmes: Aliento","21 de diciembre de 1973"
842,nm2217476,2019-12-12,2019-12-12,,"Pablo Aimar","Todo x 2 pesos","3 de noviembre de 1979"
843,nm6514222,2019-12-12,2019-12-12,,"Ramón Díaz","Videomatch","29 de agosto de 1959"
844,nm1705185,2019-12-12,2026-03-24,,"Marcelo Araujo","O Cheiro do Ralo","12 de junio de 1947"
845,nm2432892,2019-12-12,2019-12-12,,"Diego Latorre","Pepsi: Supermercado","4 de agosto de 1969"
846,nm1891730,2019-12-12,2019-12-12,,"Sergio Gendler","Videomatch","8 de marzo de 1966"
847,nm2188248,2019-12-12,2019-12-12,,"Marcelo Salas","Kiltro","24 de diciembre de 1974"
848,nm6473261,2019-12-12,2019-12-12,,"Carlos Navarro Montoya","Videomatch",
849,nm1635856,2019-12-12,2019-12-12,,"Michael Schumacher","Cars","3 de enero de 1969"
850,nm6601563,2019-12-12,2019-12-12,,"Gustavo López","Videomatch",
851,nm1970052,2019-12-12,2019-12-12,,"Claudio Caniggia","Videomatch","9 de enero de 1967"
852,nm1451019,2019-12-12,2019-12-12,,"Nery Pumpido","Videomatch","30 de julio de 1957"
853,nm1939855,2019-12-12,2019-12-12,,"Roberto Abbondanzieri","Videomatch","19 de agosto de 1972"
854,nm0544764,2019-12-12,2019-12-12,,"Diego Maradona","¡Qué linda es mi familia!","30 de octubre de 1960"
855,nm2183403,2019-12-12,2019-12-12,,"Juan Román Riquelme","Videomatch","24 de junio de 1978"
856,nm0140620,2019-12-12,2019-12-12,,"Antonio Carrizo","La mujer de tu prójimo","15 de septiembre de 1926"
857,nm1364013,2019-12-12,2019-12-12,,"Carlos Saúl Menem","Delito de corrupción","2 de julio de 1930"
858,nm4053845,2019-12-12,2019-12-12,,"Martin Palermo","En fuera de juego","7 de noviembre de 1973"
859,nm4793651,2019-12-12,2019-12-12,,"Jose Pekerman","Videomatch","3 de septiembre de 1949"
860,nm0734987,2019-12-12,2019-12-12,,"Rodrigo","El resultado del amor","24 de mayo de 1973"
861,nm2616648,2019-12-12,2019-12-12,,"Nelson Tapia","Videomatch",
862,nm2103242,2019-12-12,2019-12-12,,"Enzo Francescoli","Videomatch",
863,nm0563469,2019-12-12,2019-12-12,,"Valeria Mazza","Paparazzi","17 de febrero de 1972"
864,nm1115954,2019-12-12,2019-12-12,,"Leo Montero","100% lucha, el amo de los clones",
865,nm2429518,2019-12-12,2019-12-12,,"Fernando Niembro","Torneo de Verano","7 de diciembre de 1947"
866,nm1156218,2019-12-12,2019-12-12,,"Carlos Reutemann","Buenos Aires, la tercera fundación","12 de abril de 1942"
867,nm4903212,2019-12-12,2019-12-12,,"Roberto Sensini","Videomatch",
868,nm1281597,2019-12-12,2019-12-12,,"Mauro Viale","Hay unos tipos abajo","28 de agosto de 1947"
869,nm1110046,2019-12-12,2019-12-12,,"Marley","La Voz Argentina","1 de junio de 1970"
870,nm4481873,2019-12-12,2019-12-12,,"Marcelo Bielsa","Videomatch","21 de julio de 1955"
871,nm5742794,2019-12-12,2019-12-12,,"Leonardo Astrada","Sres. Papis",
872,nm1496318,2019-12-12,2019-12-12,,"Luciana Salazar","Bañeros III, todopoderosos","7 de noviembre de 1980"
873,nm2638005,2019-12-12,2019-12-12,,"Locomía","Tu cara me suena",
874,nm1424407,2019-12-12,2019-12-12,,"Gonzalo Bonadeo","Cars 2","6 de enero de 1963"
875,nm0005193,2019-12-12,2019-12-12,,"Ricky Martin","Ricky Martin: Livin' la Vida Loca","24 de diciembre de 1971"
876,nm1102596,2019-12-12,2019-12-12,,"Andrea Frigerio","Rojo","30 de agosto de 1961"
877,nm0722672,2019-12-12,2019-12-12,,"Jorge Rial","Videomatch","16 de octubre de 1961"
878,nm0650903,2019-12-12,2019-12-12,,"Julieta Ortega","El tiempo no para","6 de octubre de 1972"
879,nm4904982,2019-12-12,2019-12-12,,"Abel Balbo","Videomatch",
880,nm1654945,2019-12-12,2019-12-12,,"Bon Jovi","Spaceballs",
881,nm5736943,2019-12-12,2019-12-12,,"Roberto Bonano","Videomatch",
882,nm0129040,2019-12-12,2019-12-12,,"Hernán Caire","Brigada cola",
883,nm4792599,2019-12-12,2019-12-12,,"Esteban Cambiasso","LaLiga","18 de agosto de 1980"
884,nm4904939,2019-12-12,2019-12-12,,"José Chamot","Videomatch",
885,nm5323731,2019-12-12,2019-12-12,,"Mariano Closs","Torneo de Verano",
886,nm0173022,2019-12-12,2019-12-12,,"Paula Colombini","Como vos & yo","7 de febrero de 1976"
887,nm0244559,2019-12-12,2019-12-12,,"Roberto Durán","Harlem Nights","16 de junio de 1951"
888,nm5599753,2019-12-12,2019-12-12,,"Hernán Díaz","Videomatch",
889,nm0002094,2019-12-12,2019-12-12,,"Vittorio Gassman","Il sorpasso","1 de septiembre de 1922"
890,nm0316465,2019-12-12,2019-12-12,,"Maurice Gibb","Saturday Night Fever","22 de diciembre de 1949"
891,nm7053466,2019-12-12,2019-12-12,,"Blas Giunta","Videomatch",
892,nm1481227,2019-12-12,2019-12-12,,"Mariano Grondona","Videomatch",
893,nm2292287,2019-12-12,2019-12-12,,"Pocho la Pantera","Sin código","29 de noviembre de 1950"
894,nm4304908,2019-12-12,2019-12-12,,"Mariana Nannis","Videomatch",
895,nm6735444,2019-12-12,2019-12-12,,"Zulemita Menem","Menem",
896,nm0665745,2019-12-12,2019-12-12,,"Soledad Pastorutti","La edad del sol","12 de octubre de 1980"
897,nm6353552,2019-12-12,2019-12-12,,"Sebastian Rambert","Topper: Penal a Dios",
898,nm2584233,2019-12-12,2019-12-12,,"Fernando Redondo","Doctor Infierno","6 de junio de 1969"
899,nm4792651,2019-12-12,2019-12-12,,"Lionel Scaloni","LaLiga","16 de mayo de 1978"
900,nm0000629,2019-12-12,2019-12-12,,"Claudia Schiffer","Love Actually","25 de agosto de 1970"
901,nm4686949,2019-12-12,2019-12-12,,"Daniel Scioli","Videomatch","13 de enero de 1957"
902,nm2877142,2019-12-12,2019-12-12,,"Clarence Seedorf","L'allenatore nel pallone 2","1 de abril de 1976"
903,nm0845081,2019-12-12,2019-12-12,,"Marta Sánchez","Supernova","8 de mayo de 1966"
904,nm4687382,2019-12-12,2019-12-12,,"Marcela Tinayre","Videomatch",
905,nm1258687,2019-12-12,2019-12-12,,"Las Trillizas de Oro","Me olvidé de vivir",
906,nm0579430,2019-12-12,2019-12-12,,"Xuxa","Xuxinha e Guto Contra os Monstros do Espaço","27 de marzo de 1963"
907,nm1494710,2019-12-12,2019-12-12,,"Iván Zamorano","Azul y Blanco","18 de enero de 1967"
908,nm1370079,2019-12-12,2019-12-12,,"Roberto Baggio","Videomatch","18 de febrero de 1967"
909,nm0076241,2019-12-12,2019-12-12,,"Hilda Bernard","Antonella","29 de octubre de 1920"
910,nm2314221,2019-12-12,2019-12-12,,"Alessandro Del Piero","Zootopia 2","9 de noviembre de 1974"
911,nm0264414,2019-12-12,2019-12-12,,"Mariana Fabbiani","Me casé con un boludo","8 de enero de 1975"
912,nm0454475,2019-12-12,2019-12-12,,"B.B. King","Blues Brothers 2000","16 de septiembre de 1925"
913,nm0555147,2019-12-12,2019-12-12,,"Jorge Martínez","Repo Man","24 de marzo de 1947"
914,nm0671446,2019-12-12,2019-12-12,,"Pelé","Mike Bassett: England Manager","23 de octubre de 1940"
915,nm0691927,2019-12-12,2019-12-12,,"Raúl Portal","Semanario insólito","23 de septiembre de 1939"
916,nm0856977,2019-12-12,2019-12-12,,"Thalía","Quinceañera","26 de agosto de 1971"
917,nm0896798,2019-12-12,2019-12-12,,"Christian Vieri","Faccia di Picasso","12 de julio de 1973"
918,nm2177505,2019-12-12,2019-12-12,,"Andrés D'Alessandro","Videomatch","15 de abril de 1981"
919,nm2323561,2019-12-12,2019-12-12,,"Javier Saviola","Secret Tournament","11 de diciembre de 1981"
920,nm4661782,2019-12-12,2019-12-12,,"Sebastián Abreu","Videomatch","17 de octubre de 1976"
921,nm4772060,2019-12-12,2019-12-12,,"Carlos Bianchi","LaLiga","26 de abril de 1949"
922,nm1177672,2019-12-12,2019-12-12,,"Michel Platini","UEFA Euro 2016","21 de junio de 1955"
923,nm4703461,2019-12-12,2019-12-12,,"Nicolás Burdisso","Videomatch",
924,nm2200430,2019-12-12,2019-12-12,,"Marcelo Delgado","Videomatch",
925,nm1535150,2019-12-12,2019-12-12,,"Juanes","Goal II: Living the Dream","9 de agosto de 1972"
926,nm1367748,2019-12-12,2019-12-12,,"Luciano Pereyra","Son amores","21 de septiembre de 1981"
927,nm2005164,2019-12-12,2019-12-12,,"Walter Samuel","LaLiga","23 de marzo de 1978"
928,nm0815302,2019-12-12,2019-12-12,,"Mercedes Sosa","The Two Popes","9 de julio de 1935"
929,nm2324556,2019-12-12,2019-12-12,,"Carlos Tevez","Nike: Take It to the Next Level","5 de febrero de 1984"
930,nm4519415,2019-12-12,2019-12-12,,"Teté Coustarot","Educando a Nina",
931,nm4702341,2019-12-12,2019-12-12,,"Ezequiel Lavezzi","Videomatch","3 de mayo de 1985"
932,nm5094687,2019-12-12,2019-12-12,,"Pablo Zabaleta","Videomatch",
933,nm4913709,2019-12-12,2019-12-12,,"Natalia Graciano","Teleshow Internacional",
934,nm5336625,2019-12-12,2019-12-12,,"Beto Alonso","Costumbres argentinas","4 de enero de 1953"
935,nm6984362,2019-12-12,2019-12-12,,"Néstor Gorosito","Videomatch",
936,nm0000331,2019-12-12,2019-12-12,,"Chevy Chase","Memoirs of an Invisible Man","8 de octubre de 1943"
937,nm0000455,2019-12-12,2019-12-12,,"John Hughes","Ferris Bueller's Day Off","18 de febrero de 1950"
938,nm0000346,2019-12-12,2019-12-12,,"Macaulay Culkin","Home Alone","26 de agosto de 1980"
939,nm0827663,2019-12-12,2019-12-12,,"Daniel Stern","City Slickers","28 de agosto de 1957"
940,nm0001573,2019-12-12,2019-12-12,,"Catherine O'Hara","A Mighty Wind","4 de marzo de 1954"
941,nm0711864,2019-12-12,2019-12-12,,"Devin Ratray","Nebraska","11 de enero de 1977"
942,nm0359969,2019-12-12,2019-12-12,,"Larry Hankin","El Camino","7 de diciembre de 1937"
943,nm0002354,2019-12-12,2019-12-12,,"John Williams","Star Wars","8 de febrero de 1932"
944,nm0002332,2019-12-12,2019-12-12,,"Stephen Lang","Avatar","11 de julio de 1952"
945,nm4587360,2019-12-13,2019-12-13,,"Gayle Rankin","The Greatest Showman","1 de agosto de 1989"
946,nm4364448,2019-12-13,2019-12-13,,"Britney Young","GLOW","1 de junio"
947,nm1999504,2019-12-13,2019-12-13,,"Sydelle Noel","GLOW","16 de julio"
948,nm0549505,2019-12-13,2019-12-13,,"Marc Maron","The Order","27 de septiembre de 1963"
949,nm0000244,2019-12-14,2019-12-14,,"Sigourney Weaver","Alien: Resurrection","8 de octubre de 1949"
950,nm0000601,2019-12-14,2019-12-14,,"Harold Ramis","Ghostbusters","21 de noviembre de 1944"
951,nm0000614,2019-12-14,2019-12-14,,"Alan Rickman","Die Hard","21 de febrero de 1946"
952,nm0262635,2019-12-14,2019-12-14,,"Chris Evans","The Avengers","13 de junio de 1981"
953,nm0185819,2019-12-14,2019-12-14,,"Daniel Craig","No Time to Die","2 de marzo de 1968"
954,nm5489205,2019-12-15,2019-12-15,,"Martín Laportilla","The Jump! WTF Experience",
955,nm5489280,2019-12-15,2019-12-15,,"José Alberto Medina","The Jump! WTF Experience",
956,nm5489227,2019-12-15,2019-12-15,,"Gemma Abrié","The Jump! WTF Experience",
957,nm4297883,2019-12-15,2019-12-15,,"Marc Ayza","The Jump! WTF Experience",
958,nm5331909,2019-12-15,2019-12-15,,"Jesús Bachiller","A escena",
959,nm4815553,2019-12-15,2019-12-15,,"Leo Bianchi","The Jump! WTF Experience",
960,nm3616822,2019-12-15,2019-12-15,,"Albert Bover","El amor en su lugar",
961,nm5489212,2019-12-15,2019-12-15,,"Guillermo Calliero","The Jump! WTF Experience",
962,nm5491931,2019-12-15,2019-12-15,,"Apel·les Carod","El amor en su lugar",
963,nm5489217,2019-12-15,2019-12-15,,"Lluc Casares","Las noches de Tefía",
964,nm2636262,2019-12-15,2019-12-15,,"Raynald Colom","La vida abismal",
965,nm5489359,2019-12-15,2019-12-15,,"Oriol Cot","The Jump! WTF Experience",
966,nm4887112,2019-12-15,2019-12-15,,"Víctor de Diego","Tuya siempre",
967,nm2505484,2019-12-15,2019-12-15,,"Dani Domínguez","Dioptria v 2.1",
968,nm1689681,2019-12-15,2019-12-15,,"Paula Domínguez","Estrena't",
969,nm5489292,2019-12-15,2019-12-15,,"Gilles Estoppey","Nowhere",
970,nm2507291,2019-12-15,2019-12-15,,"Llibert Fortuny","En la ciudad","1977"
971,nm5489203,2019-12-15,2019-12-15,,"Rodrigo G. Phalen","The Jump! WTF Experience",
972,nm5489356,2019-12-15,2019-12-15,,"Tomàs Fosch","The Jump! WTF Experience",
973,nm4967144,2019-12-15,2019-12-15,,"Paula Grande","Herd",
974,nm5489342,2019-12-15,2019-12-15,,"Thomas Kent Warburton","The Jump! WTF Experience",
975,nm5332160,2019-12-15,2019-12-15,,"Claudio Marrero","The Big Fight Live",
976,nm5489228,2019-12-15,2019-12-15,,"Pablo López","The Jump! WTF Experience",
977,nm5489370,2019-12-15,2019-12-15,,"Joao Oliveira","The Jump! WTF Experience",
978,nm5489316,2019-12-15,2019-12-15,,"Jefferson Otto","The Accomplice",
979,nm5489382,2019-12-15,2019-12-15,,"Enric Peinado","The Jump! WTF Experience",
980,nm4832915,2019-12-15,2019-12-15,,"Kike Perdomo","Apocalipsis Voodoo",
981,nm5489374,2019-12-15,2019-12-15,,"Juan R. Berbín","NPR Music Tiny Desk Concert",
982,nm4403009,2019-12-15,2019-12-15,,"Jordi Rabascall","Dolorosa Gioia",
983,nm2002473,2019-12-15,2019-12-15,,"Irene Reig Iglesias","Los renglones torcidos de Dios",
984,nm2401204,2019-12-15,2019-12-15,,"Armand Sabal-Lecco","Blood Diamond",
985,nm5489360,2019-12-15,2019-12-15,,"Morten Sandholt","The Jump! WTF Experience",
986,nm5332075,2019-12-15,2019-12-15,,"Aurelio Santos","A escena",
987,nm5489337,2019-12-15,2019-12-15,,"Pere Soto","Un lugar en el Caribe",
988,nm5489231,2019-12-15,2019-12-15,,"Josep Tomàs i Subirana","The Jump! WTF Experience",
989,nm5489349,2019-12-15,2019-12-15,,"Xavi Torres","The Jump! WTF Experience",
990,nm5489340,2019-12-15,2019-12-15,,"Miquel Tuset","The Jump! WTF Experience",
991,nm0005251,2019-12-16,2019-12-16,,"Carrie-Anne Moss","The Matrix","21 de agosto de 1967"
992,nm0000367,2019-12-16,2019-12-16,,"Gérard Depardieu","Cyrano de Bergerac","27 de diciembre de 1948"
993,nm4129745,2019-12-16,2019-12-16,,"Allison Williams","Girls","13 de abril de 1988"
994,nm0000174,2019-12-18,2019-12-18,,"Val Kilmer","The Doors","31 de diciembre de 1959"
995,nm0001803,2019-12-18,2019-12-18,,"Danny Trejo","Machete","16 de mayo de 1944"
996,nm1679778,2019-12-20,2019-12-20,,"Sylvia Hoeks","Blade Runner 2049","1 de junio de 1983"
997,nm0000661,2019-12-20,2019-12-20,,"Donald Sutherland","MASH","17 de julio de 1935"
998,nm0868153,2019-12-20,2019-12-20,,"Giuseppe Tornatore","La migliore offerta","27 de mayo de 1956"
999,nm0629855,2019-12-21,2019-12-21,,"Julianne Nicholson","August: Osage County","1 de julio de 1971"
1000,nm0732309,2019-12-22,2019-12-22,,"Laila Robins","Planes, Trains & Automobiles","14 de marzo de 1959"
1001,nm0048414,2019-12-22,2019-12-22,,"Dylan Baker","Happiness","7 de octubre de 1959"
1002,nm0000899,2019-12-23,2019-12-23,,"Monica Bellucci","Malèna","30 de septiembre de 1964"
1003,nm0949350,2019-12-24,2019-12-24,,"Burt Young","Rocky","30 de abril de 1940"
1004,nm0001852,2019-12-24,2019-12-24,,"Treat Williams","Deep Rising","1 de diciembre de 1951"
1005,nm0000416,2019-12-25,2019-12-25,,"Terry Gilliam","Brazil","22 de noviembre de 1940"
1006,nm0000465,2019-12-26,2019-12-26,,"Ron Jeremy","The Boondock Saints","12 de marzo de 1953"
1007,nm3985801,2019-12-26,2019-12-26,,"Sarah Young","Even Hitler Had a Girlfriend",
1008,nm1386444,2019-12-26,2019-12-26,,"Crissy Moran","So Beautiful, So Out of It!","22 de diciembre de 1975"
1009,nm0001398,2019-12-26,2019-12-26,,"Jenna Jameson","The Masseuse","9 de abril de 1974"
1010,nm0030217,2019-12-26,2019-12-26,,"Lisa Ann","Who's Nailin' Paylin?","9 de mayo de 1972"
1011,nm3504991,2019-12-26,2019-12-26,,"Danny D","Space Junk","11 de agosto de 1987"
1012,nm0184722,2019-12-26,2019-12-26,,"Herschel Savage","DarkSide","25 de noviembre de 1952"
1013,nm0000375,2019-12-28,2019-12-28,,"Robert Downey Jr.","Iron Man","4 de abril de 1965"
1014,nm1014577,2019-12-28,2019-12-28,,"Mónica Cervera","Crimen ferpecto","6 de junio de 1975"
1015,nm0898420,2019-12-28,2019-12-28,,"Enrique Villén","Ninette","1960"
1016,nm0407067,2019-12-28,2019-12-28,,"Álex de la Iglesia","El bar","4 de diciembre de 1965"
1017,nm0721487,2019-12-28,2019-12-28,,"Carola Reyna","La niñera","15 de abril de 1962"
1018,nm0096386,2019-12-28,2019-12-28,,"Tato Bores","La Argentina de Tato","27 de abril de 1927"
1019,nm0715270,2019-12-28,2019-12-28,,"Reina Reech","102 Dalmatians","19 de febrero de 1958"
1020,nm0748338,2019-12-29,2019-12-29,,"Ingrid Rubio","Taxi","2 de agosto de 1975"
1021,nm0060287,2019-12-29,2019-12-29,,"Valentina Bassi","Patrón","13 de noviembre de 1972"
1022,nm0054260,2019-12-29,2019-12-29,,"Emilio Bardi","El elegido","19 de agosto de 1960"
1023,nm0017366,2019-12-29,2019-12-29,,"Alfredo Alcón","Martín Fierro","3 de marzo de 1930"
1024,nm0476493,2019-12-29,2019-12-29,,"Silvia Kutika","Luna de Avellaneda","5 de agosto de 1958"
1025,nm0252655,2019-12-29,2019-12-29,,"El Gran Wyoming","Buñuel y la mesa del rey Salomón","14 de mayo de 1955"
1026,nm0664893,2019-12-29,2019-12-29,,"Mario Pasik","Son de Fierro","3 de marzo de 1951"
1027,nm0208672,2019-12-29,2019-12-29,,"Alfonso De Grazia","Me llaman Gorrión","20 de noviembre de 1932"
1028,nm0007607,2019-12-29,2019-12-29,,"Ignasi Abadal","Nueve reinas",
1029,nm0081433,2019-12-29,2019-12-29,,"Fabián Bielinsky","Nueve reinas","3 de febrero de 1959"
1030,nm0525567,2019-12-31,2019-12-31,,"Steve Lukather","St. Elmo's Fire","21 de octubre de 1957"
1031,nm0005055,2019-12-31,2019-12-31,,"Billy Joel","Oliver & Company","9 de mayo de 1949"
1032,nm8131647,2020-01-03,2020-01-03,,"Rafael Portugal","Sausage Party","15 de febrero de 1985"
1033,nm2285844,2020-01-08,2020-01-08,,"Inma Cuesta","La novia","25 de junio de 1980"
1034,nm1167049,2020-01-09,2020-01-09,,"Fábio Porchat","Entre Abelhas","1 de julio de 1983"
1035,nm5595151,2020-01-09,2020-01-09,,"Antonio Tabet","Sausage Party",
1036,nm6474717,2020-01-09,2020-01-09,,"Thati Lopes","Sausage Party",
1037,nm0005286,2020-01-15,2020-01-15,,"Haley Joel Osment","The Sixth Sense","10 de abril de 1988"
1038,nm0273464,2020-01-21,2020-01-21,,"Eduard Fernández","El método","25 de agosto de 1964"
1039,nm0749104,2020-01-21,2020-01-21,,"Belén Rueda","El orfanato","16 de marzo de 1965"
1040,nm0000104,2020-01-21,2020-01-21,,"Antonio Banderas","The Mask of Zorro","10 de agosto de 1960"
1041,nm0001424,2020-01-25,2020-01-25,,"Udo Kier","OD","14 de octubre de 1944"
1042,nm0000968,2020-01-25,2020-01-25,,"Sonia Braga","Dona Flor e Seus Dois Maridos","8 de junio de 1950"
1043,nm0195639,2020-01-27,2020-01-27,,"Jorge D'Elía","VIPs","28 de abril de 1938"
1044,nm0499464,2020-01-27,2020-01-27,,"Mirtha Legrand","La pequeña señora de Pérez","23 de febrero de 1927"
1045,nm0479142,2020-01-27,2020-01-27,,"Florencia de la V.","Los Roldán","2 de marzo de 1976"
1046,nm0000126,2020-02-08,2020-02-08,,"Kevin Costner","The Postman","18 de enero de 1955"
1047,nm0264579,2020-02-10,2020-02-10,,"Patrick Fabian","The Last Exorcism","7 de diciembre"
1048,nm0000264,2020-02-10,2020-02-10,,"Pedro Almodóvar","La piel que habito","25 de septiembre de 1949"
1049,nm0740264,2020-02-11,2020-02-11,,"Michael Rooker","Guardians of the Galaxy","6 de abril de 1955"
1050,nm0671567,2020-02-11,2020-02-11,,"Michael Peña","American Hustle","13 de enero de 1976"
1051,nm0787680,2020-02-12,2020-02-12,,"Shakira","Zootopia","2 de febrero de 1977"
1052,nm0001191,2020-02-12,2020-02-12,,"Adam Sandler","The Waterboy","9 de septiembre de 1966"
1053,nm0425005,2020-02-12,2020-02-12,,"Dwayne Johnson","Black Adam","2 de mayo de 1972"
1054,nm0318291,2020-02-16,2020-02-16,,"João Gilberto","V for Vendetta","10 de junio de 1931"
1055,nm2022171,2020-02-16,2020-02-16,,"João Donato","Bridesmaids","17 de agosto de 1934"
1056,nm0579476,2020-02-16,2020-02-16,,"Roberto Menescal","Joanna Francesa","25 de octubre de 1937"
1057,nm0883850,2020-03-05,2020-03-05,,"Ramón Valdés","Chanoc en la isla de los muertos","2 de septiembre de 1924"
1058,nm0897727,2020-03-05,2020-03-05,,"Carlos Villagrán","¡Ah qué Kiko!","12 de enero de 1944"
1059,nm0350867,2020-03-05,2020-03-05,,"Roberto Gómez Bolaños","Chespirito","21 de febrero de 1929"
1060,nm0209553,2020-03-05,2020-03-05,,"María Antonieta de las Nieves","Chespirito","22 de diciembre de 1946"
1061,nm0583746,2020-03-05,2020-03-05,,"Florinda Meza","Chespirito","8 de febrero de 1949"
1062,nm0900232,2020-03-05,2020-03-05,,"Edgar Vivar","El orfanato","28 de diciembre de 1948"
1063,nm0013749,2020-03-05,2020-03-05,,"Rubén Aguirre","Chespirito","15 de junio de 1934"
1064,nm0273390,2020-03-05,2020-03-05,,"Angelines Fernández","Chespirito","30 de julio de 1924"
1065,nm0350866,2020-03-05,2020-03-05,,"Horacio Gómez Bolaños","Chespirito","28 de julio de 1930"
1066,nm0167780,2020-03-20,2020-03-20,,"Jimmy Cobb","Dexter","20 de enero de 1929"
1067,nm0662127,2020-03-20,2020-03-20,,"Charlie Parker","Se7en","29 de agosto de 1920"
1068,nm0598243,2020-03-20,2020-03-20,,"Thelonious Monk","The Omega Man","10 de octubre de 1917"
1069,nm0715009,2020-03-20,2020-03-20,,"Joshua Redman","Space Cowboys","1 de febrero de 1969"
1070,nm0262789,2020-03-20,2020-03-20,,"Gil Evans","The Salton Sea","13 de mayo de 1912"
1071,nm11188285,2020-03-20,2020-03-20,,"Mike Stern",,
1072,nm0002239,2020-03-20,2020-03-20,,"Prince","Purple Rain","7 de junio de 1958"
1073,nm0740077,2020-03-20,2020-03-20,,"Wallace Roney","Love Jones","25 de mayo de 1960"
1074,nm3925633,2020-03-20,2020-03-20,,"Kenwood Dennard","Squeeze Play",
1075,nm3400186,2020-04-01,2020-04-01,,"Julia Garner","The Fantastic Four: First Steps","1 de febrero de 1994"
1076,nm2253071,2020-04-01,2020-04-01,,"Charlie Tahan","Ozark","11 de junio de 1998"
1077,nm0256318,2020-04-01,2020-04-01,,"Lisa Emery","Admission","29 de enero de 1952"
1078,nm0005246,2020-04-01,2020-04-01,,"Esai Morales","Mission: Impossible - Dead Reckoning Part One","1 de octubre de 1962"
1079,nm0813101,2020-04-01,2020-04-01,,"Felix Solis","The Forgotten","17 de septiembre de 1971"
1080,nm1263280,2020-04-03,2020-04-03,,"Barney Clark","Oliver Twist","25 de junio de 1993"
1081,nm0001426,2020-04-03,2020-04-03,,"Ben Kingsley","Sexy Beast","31 de diciembre de 1943"
1082,nm6019117,2020-04-04,2020-04-04,,"Sofia Hublitz","Ozark","1 de junio de 2000"
1083,nm3228287,2020-04-04,2020-04-04,,"Skylar Gaertner","Ozark","7 de mayo"
1084,nm0005216,2020-04-04,2020-04-04,,"Janet McTeer","Albert Nobbs","5 de agosto de 1961"
1085,nm1670601,2020-04-04,2020-04-04,,"Tom Pelphrey","Mank","28 de julio de 1982"
1086,nm1336827,2020-04-05,2020-04-05,,"Betsy Brandt","Breaking Bad","14 de marzo de 1973"
1087,nm0578766,2020-04-06,2020-04-06,,"Marc Menchaca","Ozark","10 de octubre de 1975"
1088,nm0000175,2020-04-06,2020-04-06,,"Stephen King","Maximum Overdrive","21 de septiembre de 1947"
1089,nm0680983,2020-04-07,2020-04-07,,"Elliot Page","Juno","21 de febrero de 1987"
1090,nm0933988,2020-04-07,2020-04-07,,"Rainn Wilson","The Office","20 de enero de 1966"
1091,nm0578853,2020-04-09,2020-04-09,,"Ben Mendelsohn","Rogue One","3 de abril de 1969"
1092,nm0383467,2020-04-10,2020-04-10,,"Paul Higgins","In the Loop","1964"
1093,nm2253821,2020-04-10,2020-04-10,,"Adeel Akhtar","Four Lions","18 de septiembre de 1980"
1094,nm0677944,2020-04-10,2020-04-10,,"Alistair Petrie","Rogue One","30 de septiembre de 1970"
1095,nm3789989,2020-04-10,2020-04-10,,"Alexandra Roach","Anna Karenina","20 de agosto de 1987"
1096,nm2805533,2020-04-10,2020-04-10,,"Nathan Stewart-Jarrett","Candyman","4 de diciembre"
1097,nm0639287,2020-04-10,2020-04-10,,"Oscar Nuñez","Nueve reinas","1928"
1098,nm0713961,2020-04-12,2020-04-12,,"Paul Ready","The Terror","1977"
1099,nm0000874,2020-04-21,2020-04-21,,"Steven Bauer","Traffic","2 de diciembre de 1956"
1100,nm0103195,2020-04-26,2020-04-26,,"David Bradley","The World's End","17 de abril de 1942"
1101,nm3778244,2020-04-26,2020-04-26,,"Mandeep Dhillon","Soulmate","21 de diciembre de 1990"
1102,nm2485832,2020-05-03,2020-05-03,,"Larry Goldings","Space Cowboys",
1103,nm0001454,2020-05-11,2020-05-11,,"Martin Lawrence","Martin","16 de abril de 1965"
1104,nm2206472,2020-05-12,2020-05-12,,"Luis Rubio","El amor menos pensado",
1105,nm0180678,2020-05-12,2020-05-12,,"Gabriel Corrado","Máximo Corazón","12 de diciembre de 1960"
1106,nm0636983,2020-05-12,2020-05-12,,"Chico Novarro","El lado oscuro del corazón","4 de septiembre de 1934"
1107,nm0000417,2020-05-15,2020-05-15,,"Crispin Glover","No! YOU'RE WRONG. or: Spooky Action at a Distance","20 de abril"
1108,nm0920148,2020-05-15,2020-05-15,,"Claudia Wells","Back to the Future","5 de julio de 1966"
1109,nm0996942,2020-05-16,2020-05-16,,"Kerry Godliman","We Live in Time","17 de noviembre de 1973"
1110,nm2393045,2020-05-16,2020-05-16,,"David Earl","Brian and Charles",
1111,nm1797453,2020-05-16,2020-05-16,,"Karl Pilkington","The Ricky Gervais Show","23 de septiembre de 1972"
1112,nm0000187,2020-05-20,2020-05-20,,"Madonna","Who's That Girl","16 de agosto de 1958"
1113,nm0808129,2020-05-20,2020-05-20,,"Elliott Smith","Good Will Hunting","6 de agosto de 1969"
1114,nm0618057,2020-05-27,2020-05-27,,"Ulrich Mühe","Das Leben der Anderen","20 de junio de 1953"
1115,nm0914612,2020-05-29,2020-05-29,,"Emma Watson","The Perks of Being a Wallflower","15 de abril de 1990"
1116,nm0614165,2020-06-04,2020-06-04,,"Cillian Murphy","Breakfast on Pluto","25 de mayo de 1976"
1117,nm0266824,2020-06-04,2020-06-04,,"Dakota Fanning","War of the Worlds","23 de febrero de 1994"
1118,nm0273504,2020-06-04,2020-06-04,,"Florentino Fernández","Austin Powers in Goldmember","9 de noviembre de 1972"
1119,nm0300060,2020-06-04,2020-06-04,,"Iñaki Gabilondo","Noticias Cuatro","19 de diciembre de 1942"
1120,nm0119174,2020-06-04,2020-06-04,,"Andreu Buenafuente","Buenafuente","24 de enero de 1965"
1121,nm3906443,2020-06-04,2020-06-04,,"Tomás Roncero","Torrente 5: Operación Eurovegas","9 de mayo de 1965"
1122,nm1421365,2020-06-04,2020-06-04,,"Josep Pedrerol","Becarios","10 de septiembre de 1965"
1123,nm0754741,2020-06-04,2020-06-04,,"Joaquín Sabina","Sinatra","12 de febrero de 1949"
1124,nm0885219,2020-06-04,2020-06-04,,"Arturo Valls","Tu cara me suena","24 de marzo de 1975"
1125,nm0007023,2020-06-04,2020-06-04,,"José Luis López Vázquez","Atraco a las tres","11 de marzo de 1922"
1126,nm1237058,2020-06-04,2020-06-04,,"Diego El Cigala","Toy Story 3","27 de diciembre de 1968"
1127,nm0720277,2020-06-04,2020-06-04,,"Antonio Resines","Celda 211","7 de agosto de 1954"
1128,nm0590298,2020-06-04,2020-06-04,,"Santi Millán","La habitación de Fermat","13 de septiembre de 1968"
1129,nm1239566,2020-06-04,2020-06-04,,"José Mota","José Mota presenta","30 de junio de 1965"
1130,nm0483942,2020-06-04,2020-06-04,,"Chus Lampreave","Mujeres al borde de un ataque de nervios","11 de diciembre de 1930"
1131,nm0038572,2020-06-04,2020-06-04,,"Neus Asensi","Los hombres de Paco","4 de agosto de 1965"
1132,nm1238859,2020-06-04,2020-06-04,,"Ernesto Sevilla","Camera Café, la película","1978"
1133,nm3272056,2020-06-04,2020-06-04,,"Maria Lapiedra","The Sindone","19 de julio de 1984"
1134,nm4097420,2020-06-04,2020-06-04,,"Sergio Agüero","Torrente 4: Lethal Crisis","2 de junio de 1988"
1135,nm1890673,2020-06-04,2020-06-04,,"Pablo Motos","El hormiguero","31 de agosto de 1965"
1136,nm1121953,2020-06-04,2020-06-04,,"David Bisbal","Operación triunfo","5 de junio de 1979"
1137,nm4373334,2020-06-04,2020-06-04,,"Gonzalo Higuaín","Torrente 4: Lethal Crisis","10 de diciembre de 1987"
1138,nm0148554,2020-06-04,2020-06-04,,"Enrique Cerezo","Las brujas de Zugarramurdi","27 de febrero de 1948"
1139,nm3972635,2020-06-04,2020-06-04,,"Álvaro Arbeloa","Torrente 4: Lethal Crisis",
1140,nm2205158,2020-06-04,2020-06-04,,"Cesc Fàbregas","Goal II: Living the Dream","4 de mayo de 1987"
1141,nm2475669,2020-06-04,2020-06-04,,"Risto Mejide","Al rincón de pensar","1975"
1142,nm0251986,2020-06-04,2020-06-04,,"Jesse Eisenberg","A Real Pain","5 de octubre de 1983"
1143,nm1913734,2020-06-06,2020-06-06,,"Rooney Mara","The Girl with the Dragon Tattoo","17 de abril de 1985"
1144,nm0278528,2020-06-17,2020-06-17,,"María Fiorentino","Gasoleros","14 de mayo de 1950"
1145,nm1046097,2020-06-18,2020-06-18,,"Rachel McAdams","The Notebook","17 de noviembre de 1978"
1146,nm0000036,2020-07-05,2020-07-05,,"Buster Keaton","The General","4 de octubre de 1895"
1147,nm0000078,2020-07-05,2020-07-05,,"John Wayne","True Grit","26 de mayo de 1907"
1148,nm0001017,2020-07-05,2020-07-05,,"John Carradine","The Grapes of Wrath","5 de febrero de 1906"
1149,nm0254402,2020-07-06,2020-07-06,,"Chris Elliott","Groundhog Day","31 de mayo de 1960"
1150,nm3836977,2020-07-14,2020-07-14,,"Louis Hofmann","Under sandet","3 de junio de 1997"
1151,nm3582197,2020-07-14,2020-07-14,,"Lisa Vicari","Luna","11 de febrero de 1997"
1152,nm1063597,2020-07-14,2020-07-14,,"Maja Schöne","Der Brand","1976"
1153,nm0682960,2020-07-14,2020-07-14,,"Andreas Pietschmann","Dark","22 de marzo de 1969"
1154,nm1935952,2020-07-14,2020-07-14,,"Jördis Triebel","Westen","30 de octubre de 1977"
1155,nm0557908,2020-07-14,2020-07-14,,"Oliver Masucci","Dark","6 de diciembre de 1968"
1156,nm5430982,2020-07-14,2020-07-14,,"Daan Lennard Liebrenz","Dark","2005"
1157,nm0442307,2020-07-14,2020-07-14,,"Deborah Kaufmann","Männerpension","23 de marzo de 1970"
1158,nm3753575,2020-07-14,2020-07-14,,"Gina Stiebitz","Dark","octubre de 1997"
1159,nm0000023,2020-07-19,2020-07-19,,"Judy Garland","The Wizard of Oz","10 de junio de 1922"
1160,nm0000229,2020-07-19,2020-07-19,,"Steven Spielberg","Schindler's List","18 de diciembre de 1946"
1161,nm2655177,2020-07-23,2020-07-23,,"Caleb Landry Jones","Three Billboards Outside Ebbing, Missouri","7 de diciembre de 1989"
1162,nm0000870,2020-07-25,2020-07-25,,"Kathy Bates","Misery","28 de junio de 1948"
1163,nm0001735,2020-07-27,2020-07-27,,"Talia Shire","Rocky","25 de abril de 1946"
1164,nm0001820,2020-07-27,2020-07-27,,"Abe Vigoda","The Godfather","24 de febrero de 1921"
1165,nm0000335,2020-07-27,2020-07-27,,"Glenn Close","Fatal Attraction","19 de marzo de 1947"
1166,nm0000606,2020-07-30,2020-07-30,,"Jean Reno","Léon","30 de julio de 1948"
1167,nm0554614,2020-07-30,2020-07-30,,"Diego Martín","Tres metros sobre el cielo","21 de septiembre de 1974"
1168,nm0359734,2020-07-30,2020-07-30,,"Michael Haneke","Caché","23 de marzo de 1942"
1169,nm0010736,2020-08-01,2020-08-01,,"Amy Adams","Arrival","20 de agosto de 1974"
1170,nm1269983,2020-08-01,2020-08-01,,"Krysten Ritter","Jessica Jones","16 de diciembre"
1171,nm0000080,2020-08-02,2020-08-02,,"Orson Welles","Citizen Kane","6 de mayo de 1915"
1172,nm0000033,2020-08-02,2020-08-02,,"Alfred Hitchcock","Psycho","13 de agosto de 1899"
1173,nm0001571,2020-08-02,2020-08-02,,"Kim Novak","Vertigo","13 de febrero de 1933"
1174,nm0000071,2020-08-03,2020-08-03,,"James Stewart","Vertigo","20 de mayo de 1908"
1175,nm0001335,2020-08-05,2020-08-05,,"Tippi Hedren","The Birds","19 de enero de 1930"
1176,nm0000429,2020-08-05,2020-08-05,,"Melanie Griffith","Working Girl","9 de agosto de 1957"
1177,nm0000262,2020-08-11,2020-08-11,,"Nancy Allen","Dressed to Kill","24 de junio de 1950"
1178,nm6433193,2020-08-13,2020-08-13,,"Ernesto Cherquis Bialo","Eber Ludueña y el puntapié final","30 de septiembre de 1940"
1179,nm0001674,2020-08-14,2020-08-14,,"Chris Rock","Top Five","7 de febrero de 1965"
1180,nm0000148,2020-08-15,2020-08-15,,"Harrison Ford","Witness","13 de julio de 1942"
1181,nm0000169,2020-08-15,2020-08-15,,"Tommy Lee Jones","The Homesman","15 de septiembre de 1946"
1182,nm0000203,2020-08-15,2020-08-15,,"River Phoenix","My Own Private Idaho","23 de agosto de 1970"
1183,nm0535950,2020-08-15,2020-08-15,,"Diana Maggi","La tigra","10 de junio de 1925"
1184,nm0456652,2020-08-15,2020-08-15,,"Kenny Kirkland","Mo' Better Blues","28 de septiembre de 1955"
1185,nm0550364,2020-08-15,2020-08-15,,"Branford Marsalis","Ma Rainey's Black Bottom","26 de agosto de 1960"
1186,nm0354620,2020-08-15,2020-08-15,,"Omar Hakim","Don't Worry Darling","12 de febrero de 1959"
1187,nm0004787,2020-08-15,2020-08-15,,"Saffron Burrows","You","22 de octubre de 1972"
1188,nm0586888,2020-08-16,2020-08-16,,"Pablo Milanés","Un señor muy viejo con unas alas enormes","24 de febrero de 1943"
1189,nm0004486,2020-08-17,2020-08-17,,"Bruno Ganz","Der Untergang","22 de marzo de 1941"
1190,nm0000454,2020-08-19,2020-08-19,,"Dennis Hopper","Easy Rider","17 de mayo de 1936"
1191,nm0000099,2020-08-19,2020-08-19,,"Patricia Arquette","True Romance","8 de abril de 1968"
1192,nm0000225,2020-08-19,2020-08-19,,"Christian Slater","Very Bad Things","18 de agosto de 1969"
1193,nm0000107,2020-08-21,2020-08-21,,"Kim Basinger","L.A. Confidential","8 de diciembre de 1953"
1194,nm0000304,2020-08-22,2020-08-22,,"Linda Blair","The Exorcist","22 de enero de 1959"
1195,nm0152638,2020-08-29,2020-08-29,,"Dave Chappelle","Chappelle's Show","24 de agosto de 1973"
1196,nm0004721,2020-08-29,2020-08-29,,"Erykah Badu","The Cider House Rules","26 de febrero de 1971"
1197,nm0005052,2020-09-04,2020-09-04,,"Michael Jeter","Open Range","26 de agosto de 1952"
1198,nm0000667,2020-09-11,2020-09-11,,"David Thewlis","Naked","20 de marzo de 1963"
1199,nm0001057,2020-09-11,2020-09-11,,"Toni Collette","The Sixth Sense","1 de noviembre de 1972"
1200,nm0204821,2020-09-12,2020-09-12,,"Jesse Davis","Kansas City","11 de septiembre de 1965"
1201,nm0668528,2020-09-12,2020-09-12,,"Nicholas Payton","Lady and the Tramp","26 de septiembre de 1973"
1202,nm0141909,2020-09-12,2020-09-12,,"Ron Carter","Twin Peaks: Fire Walk with Me","4 de mayo de 1937"
1203,nm0564279,2020-09-12,2020-09-12,,"Christian McBride","The Color Purple","31 de mayo de 1972"
1204,nm0000492,2020-09-12,2020-09-12,,"Jennifer Jason Leigh","The Hateful Eight","5 de febrero de 1962"
1205,nm0908685,2020-09-12,2020-09-12,,"Jack Wallace","Death Wish","10 de agosto de 1933"
1206,nm0000896,2020-09-12,2020-09-12,,"Harry Belafonte","Bobby","1 de marzo de 1927"
1207,nm0018048,2020-09-13,2020-09-13,,"Selva Alemán","Fiscales","30 de abril de 1944"
1208,nm0240325,2020-09-13,2020-09-13,,"Graciela Dufau","La isla","11 de febrero de 1942"
1209,nm0104723,2020-09-13,2020-09-13,,"Luisina Brando","De eso no se habla","10 de diciembre de 1945"
1210,nm0495083,2020-09-13,2020-09-13,,"María Leal","Grande Pá!","5 de junio de 1948"
1211,nm0116875,2020-09-13,2020-09-13,,"Alicia Bruzzo","Alta comedia","29 de septiembre de 1955"
1212,nm0700175,2020-09-13,2020-09-13,,"Arturo Puig","Primicias","17 de noviembre de 1944"
1213,nm0000659,2020-09-15,2020-09-15,,"Barbra Streisand","Funny Girl","24 de abril de 1942"
1214,nm0001845,2020-09-15,2020-09-15,,"Forest Whitaker","The Last King of Scotland","15 de julio de 1961"
1215,nm0000113,2020-09-15,2020-09-15,,"Sandra Bullock","Miss Congeniality","26 de julio de 1964"
1216,nm0000977,2020-09-15,2020-09-15,,"Beau Bridges","The Fabulous Baker Boys","9 de diciembre de 1941"
1217,nm0000404,2020-09-15,2020-09-15,,"Jane Fonda","Klute","21 de diciembre de 1937"
1218,nm0005092,2020-09-16,2020-09-16,,"Larry King","Ghostbusters","19 de noviembre de 1933"
1219,nm0181963,2020-09-23,2020-09-23,,"Villanueva Cosse","La película del rey","9 de noviembre de 1933"
1220,nm0658748,2020-09-23,2020-09-23,,"Juan Palomino","Kryptonita","6 de julio de 1961"
1221,nm0004840,2020-09-25,2020-09-25,,"Alice Cooper","Wayne's World","4 de febrero de 1948"
1222,nm6957616,2020-09-28,2020-09-28,,"Emyri Crutchfield","Vacation","7 de julio de 2000"
1223,nm2976580,2020-09-28,2020-09-28,,"Jessie Buckley","Hamnet","28 de diciembre de 1989"
1224,nm0006226,2020-09-28,2020-09-28,,"Astor Piazzolla","Twelve Monkeys","11 de marzo de 1921"
1225,nm7240741,2020-09-29,2020-09-29,,"Daniel Piazzolla","Caída del Cielo",
1226,nm2080328,2020-10-06,2020-10-06,,"Kelsey Asbille","Fargo","9 de septiembre de 1991"
1227,nm1017334,2020-10-11,2020-10-11,,"Juno Temple","Atonement","21 de julio de 1989"
1228,nm0000424,2020-10-11,2020-10-11,,"Hugh Grant","Love Actually","9 de septiembre de 1960"
1229,nm0899995,2020-10-11,2020-10-11,,"Joe Viterelli","Bullets Over Broadway","10 de marzo de 1937"
1230,nm0001802,2020-10-14,2020-10-14,,"Nancy Travis","So I Married an Axe Murderer","21 de septiembre de 1961"
1231,nm0209409,2020-10-17,2020-10-17,,"Antonio de la Torre","El reino","18 de enero de 1968"
1232,nm2645889,2020-10-17,2020-10-17,,"Sílvia Pérez Cruz","Cerca de tu casa","15 de febrero de 1983"
1233,nm1519666,2020-10-18,2020-10-18,,"Eddie Redmayne","Les Misérables","6 de enero de 1982"
1234,nm0797382,2020-10-18,2020-10-18,,"Rocco Siffredi","Rocco Never Dies","4 de mayo de 1964"
1235,nm7027105,2020-10-18,2020-10-18,,"Abella Danger","Her & Him","19 de noviembre de 1995"
1236,nm0002253,2020-10-20,2020-10-20,,"John Carroll Lynch","The Founder","1 de agosto de 1963"
1237,nm0000396,2020-10-20,2020-10-20,,"Farrah Fawcett","Logan's Run","2 de febrero de 1947"
1238,nm7210025,2020-10-23,2020-10-23,,"Maria Bakalova","Borat Subsequent Moviefilm: Delivery of Prodigious Bribe to American Regime for Make Benefit Once Glorious Nation of Kazakhstan","4 de junio de 1996"
1239,nm5086277,2020-10-28,2020-10-28,,"Salvatore Esposito","Gomorra","2 de febrero de 1986"
1240,nm3084972,2020-10-30,2020-10-30,,"Loreto Mauleón","Los renglones torcidos de Dios","14 de agosto de 1988"
1241,nm0205772,2020-11-04,2020-11-04,,"Ken Davitian","Borat: Cultural Learnings of America for Make Benefit Glorious Nation of Kazakhstan","19 de junio de 1953"
1242,nm2780716,2020-11-09,2020-11-09,,"Victoria Luengo","The Room Next Door","7 de abril de 1990"
1243,nm5896355,2020-11-20,2020-11-20,,"Anya Taylor-Joy","The Queen's Gambit","16 de abril de 1996"
1244,nm0577982,2020-11-20,2020-11-20,,"Harry Melling","Pillion","13 de marzo de 1989"
1245,nm0248373,2020-11-30,2020-11-30,,"Hector Echavarria","Cello","6 de diciembre de 1969"
1246,nm0000063,2020-12-10,2020-12-10,,"Anthony Quinn","Alexis Zorbas","21 de abril de 1915"
1247,nm6564737,2020-12-28,2020-12-28,,"Joe Keery","Stranger Things","24 de abril de 1992"
1248,nm0111765,2020-12-28,2020-12-28,,"Charlie Brooker","Black Mirror","3 de marzo de 1971"
1249,nm0564680,2021-01-04,2021-01-04,,"Ross McCall","Silo","13 de enero de 1976"
1250,nm0000132,2021-01-20,2021-01-20,,"Claire Danes","My So-Called Life","12 de abril de 1979"
1251,nm0410118,2021-01-21,2021-01-21,,"Elena Irureta","El comisario","30 de julio de 1955"
1252,nm0299937,2021-01-21,2021-01-21,,"Ane Gabarain","20.000 especies de abejas","2 de junio de 1963"
1253,nm7271801,2021-01-21,2021-01-21,,"Eneko Sagardoy","Handia","17 de enero de 1994"
1254,nm2969728,2021-01-21,2021-01-21,,"Susana Abaitua","Compulsión","5 de octubre de 1990"
1255,nm0489677,2021-01-21,2021-01-21,,"Mikel Laskurain","Patria","27 de abril de 1965"
1256,nm0815115,2021-01-21,2021-01-21,,"José Ramón Soroiz","Maspalomas","24 de febrero de 1951"
1257,nm8031151,2021-01-21,2021-01-21,,"Jon Olivares","Desaparecidos",
1258,nm0495877,2021-01-26,2021-01-26,,"Fran Lebowitz","The Wolf of Wall Street","27 de octubre de 1950"
1259,nm1078686,2021-01-27,2021-01-27,,"Sofía Gala Castiglione","Alanis","24 de enero de 1987"
1260,nm0001704,2021-01-30,2021-01-30,,"Vincent Schiavelli","Tomorrow Never Dies","11 de noviembre de 1948"
1261,nm0000563,2021-02-22,2021-02-22,,"Chris O'Donnell","Batman & Robin","26 de junio de 1970"
1262,nm3114649,2021-03-13,2021-03-13,,"Charlotte Le Bon","Anthropoid","4 de septiembre de 1986"
1263,nm0669789,2021-03-16,2021-03-16,,"Susú Pecoraro","Camila","1953"
1264,nm0855199,2021-03-16,2021-03-16,,"Juan Manuel Tenuta","Esperando la carroza","23 de enero de 1924"
1265,nm0578689,2021-03-26,2021-03-26,,"Peto Menahem","Juntos para siempre",
1266,nm10201072,2021-04-01,2021-04-01,,"Daniela Santiago","Veneno",
1267,nm5611121,2021-04-05,2021-04-05,,"Millie Bobby Brown","Enola Holmes","19 de febrero de 2004"
1268,nm0139910,2021-04-25,2021-04-25,,"Gloria Carrá","Abzurdah","15 de junio de 1971"
1269,nm0682876,2021-04-25,2021-04-25,,"Andrea Pietra","El Eternauta","26 de marzo de 1968"
1270,nm0176536,2021-04-25,2021-04-25,,"Patricio Contreras","La historia oficial","15 de diciembre de 1947"
1271,nm0563245,2021-04-25,2021-04-25,,"Emilia Mazer","Por ese palpitar","11 de marzo de 1965"
1272,nm0327631,2021-04-25,2021-04-25,,"Araceli González","Nano","19 de junio de 1967"
1273,nm0884463,2021-04-25,2021-04-25,,"María Valenzuela","Primicias","16 de junio de 1956"
1274,nm0532721,2021-04-25,2021-04-25,,"Luis Machín","Padre Coraje","10 de marzo de 1968"
1275,nm0281371,2021-04-25,2021-04-25,,"Alejandra Flechner","Argentina, 1985",
1276,nm0303577,2021-04-25,2021-04-25,,"Mónica Galán","Últimos días de la víctima","16 de octubre de 1950"
1277,nm1403777,2021-04-25,2021-04-25,,"Juana Viale","Malparida","8 de abril de 1982"
1278,nm1588971,2021-04-25,2021-04-25,,"Vera Carnevale","El amor y la ciudad","9 de octubre de 1982"
1279,nm0472694,2021-04-25,2021-04-25,,"Paola Krum","Epitafios","21 de junio de 1970"
1280,nm0156030,2021-04-25,2021-04-25,,"Agustina Cherri","Chiquititas","15 de febrero de 1983"
1281,nm0706461,2021-04-25,2021-04-25,,"Florencia Raggi","Tres deseos","29 de octubre de 1972"
1282,nm0342143,2021-04-25,2021-04-25,,"Antonio Grimau","Herencia de amor","10 de marzo de 1944"
1283,nm0646667,2021-04-25,2021-04-25,,"Federico Olivera","Padre Coraje","6 de abril de 1970"
1284,nm1009365,2021-04-25,2021-04-25,,"Mónica Ayos","Triunfo del amor",
1285,nm0637197,2021-04-25,2021-04-25,,"Pepe Novoa","El puntero",
1286,nm0000338,2021-04-27,2021-04-27,,"Francis Ford Coppola","Apocalypse Now","7 de abril de 1939"
1287,nm0000289,2021-05-14,2021-05-14,,"Ellen Barkin","The Fan","16 de abril de 1954"
1288,nm0000275,2021-05-23,2021-05-23,,"Rosanna Arquette","Desperately Seeking Susan","10 de agosto de 1959"
1289,nm6077431,2021-05-24,2021-05-24,,"Mathilde Warnier","The Widow","2 de octubre de 1991"
1290,nm0001797,2021-06-03,2021-06-03,,"Rachel Ticotin","Total Recall","1 de noviembre de 1958"
1291,nm0001376,2021-06-10,2021-06-10,,"Isabelle Huppert","Elle","16 de marzo de 1953"
1292,nm1268637,2021-06-11,2021-06-11,,"Daniel Grao","L'auberge espagnole","17 de febrero de 1976"
1293,nm3564817,2021-06-12,2021-06-12,,"Phoebe Waller-Bridge","Solo: A Star Wars Story","14 de julio de 1985"
1294,nm1785339,2021-06-13,2021-06-13,,"Rami Malek","Bohemian Rhapsody","12 de mayo de 1981"
1295,nm5427486,2021-06-16,2021-06-16,,"Sian Clifford","Fleabag","7 de abril"
1296,nm0221046,2021-06-26,2021-06-26,,"Zooey Deschanel","New Girl","17 de enero de 1980"
1297,nm0004712,2021-06-29,2021-06-29,,"Fiona Apple","Pleasantville","13 de septiembre de 1977"
1298,nm1274814,2021-06-29,2021-06-29,,"The Beach Boys","The Boat That Rocked","1961"
1299,nm0002008,2021-06-29,2021-06-29,,"Eric Clapton","Lethal Weapon 3","30 de marzo de 1945"
1300,nm0678816,2021-06-29,2021-06-29,,"Tom Petty","The Postman","20 de octubre de 1950"
1301,nm1258550,2021-06-29,2021-06-29,,"Regina Spektor","Bombshell","18 de febrero de 1980"
1302,nm0933092,2021-06-29,2021-06-29,,"Brian Wilson","Love & Mercy","20 de junio de 1942"
1303,nm0949918,2021-06-29,2021-06-29,,"Neil Young","Dead Man","12 de noviembre de 1945"
1304,nm0006969,2021-06-29,2021-06-29,,"Elizabeth Banks","The Hunger Games","10 de febrero de 1974"
1305,nm0555404,2021-07-01,2021-07-01,,"María Marull","Relatos salvajes","2 de abril de 1973"
1306,nm1092086,2021-07-15,2021-07-15,,"David Harbour","Hellboy","10 de abril de 1975"
1307,nm0000902,2021-07-30,2021-07-30,,"Jim Belushi","Red Heat","15 de junio de 1954"
1308,nm0001728,2021-08-01,2021-08-01,,"Wallace Shawn","My Dinner with Andre","12 de noviembre de 1943"
1309,nm0000295,2021-08-01,2021-08-01,,"Kate Beckinsale","Underworld: Evolution","26 de julio de 1973"
1310,nm0958389,2021-08-05,2021-08-05,,"Marcos Zucker","El verso","15 de febrero de 1921"
1311,nm0000398,2021-08-08,2021-08-08,,"Sally Field","Lincoln","6 de noviembre de 1946"
1312,nm0001709,2021-08-11,2021-08-11,,"Til Schweiger","Inglourious Basterds","19 de diciembre de 1963"
1313,nm0225944,2021-08-11,2021-08-11,,"August Diehl","Inglourious Basterds","4 de enero de 1976"
1314,nm5026185,2021-08-17,2021-08-17,,"Judit Neddermann","Durante la tormenta",
1315,nm0001952,2021-08-25,2021-08-25,,"Rubén Blades","Once Upon a Time in Mexico","16 de julio de 1948"
1316,nm3385643,2021-08-27,2021-08-27,,"Vera Spinetta","Las viudas de los jueves","1991"
1317,nm0924210,2021-09-08,2021-09-08,,"Ben Whishaw","Skyfall","14 de octubre de 1980"
1318,nm0003817,2021-09-28,2021-09-28,,"Michael Clarke Duncan","The Green Mile","10 de diciembre de 1957"
1319,nm1209966,2021-10-02,2021-10-02,,"Oscar Isaac","Ex Machina","9 de marzo de 1979"
1320,nm0597388,2021-10-02,2021-10-02,,"Jason Momoa","Aquaman","1 de agosto de 1979"
1321,nm0497631,2021-10-22,2021-10-22,,"Lee Jung-jae","Heon-teu","15 de diciembre de 1972"
1322,nm9475707,2021-10-22,2021-10-22,,"Hoyeon","Ojing-eo geim","23 de junio de 1994"
1323,nm1126657,2021-10-23,2021-10-23,,"George MacKay","1917","13 de marzo de 1992"
1324,nm0424216,2021-10-24,2021-10-24,,"Johnny Knoxville","Bad Grandpa","11 de marzo de 1971"
1325,nm0828177,2021-10-24,2021-10-24,,"Steve-O","Jackass: The Movie","13 de junio de 1974"
1326,nm0690686,2021-10-24,2021-10-24,,"Chris Pontius","Jackass: The Movie","16 de julio de 1974"
1327,nm0257424,2021-10-24,2021-10-24,,"Dave England","Jackass","30 de diciembre de 1969"
1328,nm0010338,2021-10-24,2021-10-24,,"Jason 'Wee Man' Acuña","Jackass 3D","16 de mayo de 1973"
1329,nm2306611,2021-10-31,2021-10-31,,"Peter Lanzani","El Clan","24 de agosto de 1990"
1330,nm0759898,2021-11-02,2021-11-02,,"Richard Sammel","Inglourious Basterds","13 de octubre de 1960"
1331,nm1058940,2021-11-13,2021-11-13,,"Scoot McNairy","Argo","11 de noviembre de 1977"
1332,nm0946962,2021-11-13,2021-11-13,,"José María Yazpik","Polvo","13 de noviembre de 1970"
1333,nm2130958,2021-11-13,2021-11-13,,"Alfonso Dosal","Un Actor Malo","13 de marzo de 1985"
1334,nm4102286,2021-11-13,2021-11-13,,"Luisa Rubino","Mañana es para siempre",
1335,nm0696383,2021-12-02,2021-12-02,,"Billy Preston","Blues Brothers 2000","9 de septiembre de 1946"
1336,nm0552326,2021-12-02,2021-12-02,,"George Martin","Sgt. Pepper's Lonely Hearts Club Band","3 de enero de 1926"
1337,nm0256169,2021-12-02,2021-12-02,,"Geoff Emerick","Yellow Submarine","5 de diciembre de 1945"
1338,nm0542307,2021-12-10,2021-12-10,,"Jonathan Mangum","The Bucket List","16 de enero"
1339,nm0000409,2021-12-11,2021-12-11,,"Brendan Fraser","The Mummy","3 de diciembre de 1968"
1340,nm0358316,2021-12-12,2021-12-12,,"Jon Hamm","Mad Men","10 de marzo de 1971"
1341,nm1346713,2021-12-13,2021-12-13,,"Paco León","Kiki, el amor se hace","4 de octubre de 1974"
1342,nm8452426,2021-12-25,2021-12-25,,"Filippo Scotti","È stata la mano di Dio","22 de diciembre de 1999"
1343,nm0785842,2021-12-25,2021-12-25,,"Toni Servillo","La grande bellezza","25 de enero de 1959"
1344,nm2235764,2022-01-25,2022-01-25,,"Tom Basden","Plebs","30 de noviembre de 1980"
1345,nm1854269,2022-01-25,2022-01-25,,"Diane Morgan","Mandy","5 de octubre de 1975"
1346,nm0263006,2022-02-01,2022-02-01,,"Mal Evans","Little Malcolm and His Struggle Against the Eunuchs","27 de mayo de 1935"
1347,nm6076229,2022-02-26,2022-02-26,,"Alana Haim","Licorice Pizza","15 de diciembre de 1991"
1348,nm11866274,2022-02-26,2022-02-26,,"Cooper Hoffman","Licorice Pizza","20 de marzo de 2003"
1349,nm2368789,2022-03-09,2022-03-09,,"Zoë Kravitz","Mad Max: Fury Road","1 de diciembre de 1988"
1350,nm0278979,2022-04-07,2022-04-07,,"Jenna Fischer","The Office","7 de marzo de 1974"
1351,nm1024677,2022-04-07,2022-04-07,,"John Krasinski","Jack Ryan","20 de octubre de 1979"
1352,nm1534715,2022-04-07,2022-04-07,,"Leslie David Baker","The Office","19 de febrero de 1958"
1353,nm1580911,2022-04-07,2022-04-07,,"Brian Baumgartner","The Office","29 de noviembre"
1354,nm1526554,2022-04-07,2022-04-07,,"Angela Kinsey","The Office","25 de junio de 1971"
1355,nm0281212,2022-04-07,2022-04-07,,"Kate Flannery","The Office","10 de junio de 1964"
1356,nm0809613,2022-04-07,2022-04-07,,"Phyllis Smith","Inside Out","15 de agosto de 1949"
1357,nm0105588,2022-04-07,2022-04-07,,"Creed Bratton","The Office","8 de febrero de 1943"
1358,nm1386645,2022-04-07,2022-04-07,,"Oscar Nuñez","The Proposal","18 de noviembre de 1958"
1359,nm1411676,2022-04-07,2022-04-07,,"Mindy Kaling","The Office","24 de junio de 1979"
1360,nm1145983,2022-04-07,2022-04-07,,"B.J. Novak","Vengeance","31 de julio de 1979"
1361,nm1159180,2022-04-07,2022-04-07,,"Ed Helms","The Hangover","24 de enero de 1974"
1362,nm0509425,2022-04-07,2022-04-07,,"Paul Lieberstein","The Office","22 de febrero de 1967"
1363,nm0732497,2022-04-07,2022-04-07,,"Craig Robinson","This Is the End","25 de octubre de 1971"
1364,nm0002124,2022-04-07,2022-04-07,,"Melora Hardin","17 Again","29 de junio de 1967"
1365,nm0429069,2022-04-07,2022-04-07,,"Rashida Jones","Parks and Recreation","25 de febrero de 1976"
1366,nm0094625,2022-04-08,2022-04-08,,"Jesús Bonilla","El oro de Moscú","1 de septiembre de 1955"
1367,nm0752407,2022-04-27,2022-04-27,,"Amy Ryan","Gone Baby Gone","3 de mayo de 1968"
1368,nm0000971,2022-05-30,2022-05-30,,"Nicoletta Braschi","La vita è bella","19 de abril de 1960"
1369,nm0397171,2022-06-26,2022-06-26,,"Bryce Dallas Howard","Jurassic World: Dominion","2 de marzo de 1981"
1370,nm10344629,2022-07-01,2022-07-01,,"Sofía Morandi","Porno y helado",
1371,nm1494170,2022-07-01,2022-07-01,,"Ignacio Saralegui","Porno y helado",
1372,nm0005148,2022-08-07,2022-08-07,,"Delroy Lindo","Get Shorty","18 de noviembre de 1952"
1373,nm1145140,2022-08-09,2022-08-09,,"Marcelo De Bellis","Por amor a vos","17 de diciembre de 1959"
1374,nm0560962,2022-08-09,2022-08-09,,"Carmen Maura","Mujeres al borde de un ataque de nervios","15 de septiembre de 1945"
1375,nm0670408,2022-08-11,2022-08-11,,"Simon Pegg","The World's End","14 de febrero de 1970"
1376,nm0000062,2022-08-18,2022-08-18,,"Elvis Presley","Tickle Me","8 de enero de 1935"
1377,nm0000378,2022-08-21,2022-08-21,,"Minnie Driver","Circle of Friends","31 de enero de 1970"
1378,nm3081796,2022-08-28,2022-08-28,,"Steven Yeun","Minari","21 de diciembre de 1983"
1379,nm2143282,2022-08-30,2022-08-30,,"Lupita Nyong'o","12 Years a Slave","1 de marzo de 1983"
1380,nm0851582,2022-09-02,2022-09-02,,"Audrey Tautou","Le fabuleux destin d'Amélie Poulain","9 de agosto de 1976"
1381,nm0000054,2022-09-04,2022-09-04,,"Marilyn Monroe","Some Like It Hot","1 de junio de 1926"
1382,nm0001381,2022-09-09,2022-09-09,,"Lauren Hutton","American Gigolo","17 de noviembre de 1943"
1383,nm1940449,2022-09-11,2022-09-11,,"Andrew Garfield","Hacksaw Ridge","20 de agosto de 1983"
1384,nm0430107,2022-09-11,2022-09-11,,"Michael B. Jordan","Black Panther","9 de febrero de 1987"
1385,nm0001334,2022-09-11,2022-09-11,,"John Heard","Cat People","7 de marzo de 1946"
1386,nm0286579,2022-09-13,2022-09-13,,"Verónica Forqué","¿Qué he hecho YO para merecer esto!!","1 de diciembre de 1955"
1387,nm0541691,2022-09-17,2022-09-17,,"Nelson Mandela","Mandela: Long Walk to Freedom","18 de julio de 1918"
1388,nm0206257,2022-09-17,2022-09-17,,"Rosario Dawson","Rent","9 de mayo de 1979"
1389,nm0054214,2022-09-19,2022-09-19,,"Carlos Bardem","Celda 211","7 de marzo de 1963"
1390,nm0000947,2022-09-19,2022-09-19,,"Karen Black","Five Easy Pieces","1 de julio de 1939"
1391,nm0887684,2022-09-22,2022-09-22,,"Nina van Pallandt","The Long Goodbye","15 de julio de 1932"
1392,nm0004886,2022-09-22,2022-09-22,,"Bill Duke","Predator","26 de febrero de 1943"
1393,nm0000679,2022-09-28,2022-09-28,,"Deborah Kara Unger","The Game","12 de mayo de 1966"
1394,nm1404239,2022-10-06,2022-10-06,,"Evan Peters","X-Men: Apocalypse","20 de enero de 1987"
1395,nm0873385,2022-10-18,2022-10-18,,"Massimo Troisi","Il postino","19 de febrero de 1953"
1396,nm0311155,2022-10-31,2022-10-31,,"Michael V. Gazzo","The Godfather Part II","5 de abril de 1923"
1397,nm0001187,2022-11-01,2022-11-01,,"Noah Emmerich","Super 8","27 de febrero de 1965"
1398,nm0334648,2022-11-01,2022-11-01,,"Migue Granados","Toy Story 5",
1399,nm4440340,2022-12-16,2022-12-16,,"Thomas Gullestad","Den 12. mann",
1400,nm1616970,2022-12-17,2022-12-17,,"Denis Ménochet","Inglourious Basterds","18 de septiembre de 1976"
1401,nm0951958,2022-12-17,2022-12-17,,"Luis Zahera","As bestas","23 de mayo de 1966"
1402,nm0000663,2022-12-23,2022-12-23,,"Dominique Swain","Lolita","12 de agosto de 1980"
1403,nm0000300,2022-12-30,2022-12-30,,"Juliette Binoche","The English Patient","9 de marzo de 1964"
1404,nm0000511,2023-01-01,2023-01-01,,"Shirley MacLaine","Terms of Endearment","24 de abril de 1934"
1405,nm0000700,2023-01-01,2023-01-01,,"Debra Winger","Terms of Endearment","16 de mayo de 1955"
1406,nm0174403,2023-01-05,2023-01-05,,"Kerry Condon","The Banshees of Inisherin","9 de enero de 1983"
1407,nm4422686,2023-01-05,2023-01-05,,"Barry Keoghan","The Killing of a Sacred Deer","18 de octubre de 1992"
1408,nm1289434,2023-01-06,2023-01-06,,"Emily Blunt","Edge of Tomorrow","23 de febrero de 1983"
1409,nm4590837,2023-01-07,2023-01-07,,"Ed Oxenbould","The Visit","1 de junio de 2001"
1410,nm0781899,2023-01-08,2023-01-08,,"Pamela Adlon","Better Things","9 de julio de 1966"
1411,nm2868110,2023-01-08,2023-01-08,,"Hannibal Buress","Tag","4 de febrero de 1983"
1412,nm0001044,2023-01-15,2023-01-15,,"Rae Dawn Chong","Commando","28 de febrero de 1961"
1413,nm0000664,2023-01-15,2023-01-15,,"Patrick Swayze","Dirty Dancing","18 de agosto de 1952"
1414,nm3918035,2023-01-22,2023-01-22,,"Zendaya","Spider-Man: Homecoming","1 de septiembre de 1996"
1415,nm4043618,2023-01-22,2023-01-22,,"Tom Holland","Spider-Man: Homecoming","1 de junio de 1996"
1416,nm1732981,2023-01-25,2023-01-25,,"Martin McDonagh","In Bruges","26 de marzo de 1970"
1417,nm0001282,2023-01-28,2023-01-28,,"Tony Goldwyn","Ghost","20 de mayo de 1960"
1418,nm0001471,2023-02-03,2023-02-03,,"Jerry Lewis","The Nutty Professor","16 de marzo de 1926"
1419,nm0000666,2023-02-03,2023-02-03,,"Lili Taylor","American Crime","20 de febrero de 1967"
1420,nm2023050,2023-02-08,2023-02-08,,"Darren Criss","Glee","5 de febrero de 1987"
1421,nm2244205,2023-02-16,2023-02-16,,"Léa Seydoux","La Vie d'Adèle: Chapitres 1 et 2","1 de julio de 1985"
1422,nm2186865,2023-02-23,2023-02-23,,"Hong Chau","The Whale","25 de junio de 1979"
1423,nm1212051,2023-03-04,2023-03-04,,"Rachel Roberts","American Horror Story","8 de abril de 1978"
1424,nm0519043,2023-03-06,2023-03-06,,"Justin Long","Live Free or Die Hard","2 de junio de 1978"
1425,nm4454223,2023-03-10,2023-03-10,,"Emilia Jones","CODA","23 de febrero de 2002"
1426,nm1319274,2023-03-10,2023-03-10,,"Troy Kotsur","CODA","24 de julio de 1968"
1427,nm0306624,2023-03-10,2023-03-10,,"Carlos Gardel","True Lies","11 de diciembre de 1890"
1428,nm0873373,2023-03-10,2023-03-10,,"Aníbal Troilo","The Tuxedo","11 de julio de 1914"
1429,nm0612302,2023-03-10,2023-03-10,,"Gerry Mulligan","L.A. Confidential","6 de abril de 1927"
1430,nm0000706,2023-03-20,2023-03-20,,"Michelle Yeoh","Everything Everywhere All at Once","6 de agosto de 1962"
1431,nm0702841,2023-03-20,2023-03-20,,"Ke Huy Quan","Everything Everywhere All at Once","20 de agosto de 1970"
1432,nm0000329,2023-03-28,2023-03-28,,"Jackie Chan","Ngo si seoi","7 de abril de 1954"
1433,nm0001209,2023-04-12,2023-04-12,,"William Fichtner","Crash","27 de noviembre de 1956"
1434,nm0005458,2023-05-10,2023-05-10,,"Jason Statham","Crank","26 de julio de 1967"
1435,nm4952113,2023-05-26,2023-05-26,,"Black Amaya","Sin retorno",
1436,nm2326495,2023-05-26,2023-05-26,,"Emilio del Guercio","Todos a la vez",
1437,nm4951463,2023-05-26,2023-05-26,,"Claudio Gabis","Morfi, todos a la mesa",
1438,nm2649249,2023-05-26,2023-05-26,,"Rodolfo García","Pájaros volando",
1439,nm4950904,2023-05-26,2023-05-26,,"Los Gatos","La Pantalla Desnuda",
1440,nm4935422,2023-05-26,2023-05-26,,"Sui Generis","Nueces para el amor",
1441,nm4951882,2023-05-26,2023-05-26,,"Color Humano","Bomba",
1442,nm1985906,2023-05-26,2023-05-26,,"Arco Iris","Break It All: The History of Rock in Latin America",
1443,nm4950926,2023-05-26,2023-05-26,,"Manal","El ángel",
1444,nm2075385,2023-05-26,2023-05-26,,"Javier Martínez","Tiro de gracia","18 de marzo de 1946"
1445,nm4951450,2023-05-26,2023-05-26,,"Alejandro Medina","Morfi, todos a la mesa",
1446,nm0582326,2023-05-26,2023-05-26,,"Nito Mestre","Todo x 2 pesos","3 de agosto de 1952"
1447,nm0621148,2023-05-26,2023-05-26,,"Norberto 'Pappo' Napolitano","Carola Casini","10 de marzo de 1950"
1448,nm4950506,2023-05-26,2023-05-26,,"La Pesada","Hasta que se ponga el sol",
1449,nm1084815,2023-05-26,2023-05-26,,"Almendra","Buenos Aires Vice Versa",
1450,nm4712948,2023-05-26,2023-05-26,,"Willie Quiroga","Pájaros volando","15 de mayo de 1940"
1451,nm1137769,2023-05-26,2023-05-26,,"Pescado Rabioso","Truman",
1452,nm0706165,2023-05-26,2023-05-26,,"Rinaldo Rafanelli","Adiós Sui Generis","1949"
1453,nm2078229,2023-05-26,2023-05-26,,"Ricardo Soulé","Okupas","15 de marzo de 1950"
1454,nm2622878,2023-05-26,2023-05-26,,"Vox Dei","Un gallo para Esculapio",
1455,nm0408591,2023-05-26,2023-05-26,,"Ralph Ineson","The VVitch: A New-England Folktale","15 de diciembre de 1969"
1456,nm0005261,2023-06-08,2023-06-08,,"Brittany Murphy","Clueless","10 de noviembre de 1977"
1457,nm0000230,2023-06-13,2023-06-13,,"Sylvester Stallone","Rocky","6 de julio de 1946"
1458,nm3697443,2023-06-15,2023-06-15,,"Phoebe Dynevor","Fair Play","17 de abril de 1995"
1459,nm2181128,2023-06-15,2023-06-15,,"Joel Fry","Yesterday","20 de mayo de 1985"
1460,nm0000161,2023-06-16,2023-06-16,,"Salma Hayek","Frida","2 de septiembre de 1966"
1461,nm2251884,2023-06-16,2023-06-16,,"Annie Murphy","Schitt$ Creek","19 de diciembre de 1986"
1462,nm10038300,2023-06-23,2023-06-23,,"Charo López","Hoy se arregla el mundo",
1463,nm3037505,2023-07-13,2023-07-13,,"Miranda Bodenhofer","El Baile de la Victoria","17 de mayo de 1990"
1464,nm1707877,2023-07-18,2023-07-18,,"Walter Donado","Relatos salvajes",
1465,nm0005244,2023-07-24,2023-07-24,,"Fernanda Montenegro","Central do Brasil","16 de octubre de 1929"
1466,nm0578080,2023-07-28,2023-07-28,,"Selton Mello","Ainda Estou Aqui","30 de diciembre de 1972"
1467,nm2599442,2023-07-28,2023-07-28,,"Paula Braun","O Cheiro do Ralo","25 de abril de 1979"
1468,nm0000621,2023-08-01,2023-08-01,,"Kurt Russell","Escape from New York","17 de marzo de 1951"
1469,nm0586568,2023-08-24,2023-08-24,,"Mads Mikkelsen","Hannibal","22 de noviembre de 1965"
1470,nm3882883,2023-08-31,2023-08-31,,"Paula Grinszpan","Relatos salvajes",
1471,nm0005561,2023-09-01,2023-09-01,,"Luke Wilson","The Royal Tenenbaums","21 de septiembre de 1971"
1472,nm0000345,2023-09-01,2023-09-01,,"Billy Crystal","Forget Paris","14 de marzo de 1948"
1473,nm0790688,2023-09-04,2023-09-04,,"Michael Sheen","Masters of Sex","5 de febrero de 1969"
1474,nm2216549,2023-09-13,2023-09-13,,"Úrsula Corberó","La casa de papel","11 de agosto de 1989"
1475,nm1486647,2023-09-13,2023-09-13,,"Álvaro Morte","Immaculate","23 de febrero de 1975"
1476,nm7931969,2023-09-13,2023-09-13,,"Jaime Lorente","El mal hijo","12 de diciembre de 1991"
1477,nm0000945,2023-09-13,2023-09-13,,"Jane Birkin","Evil Under the Sun","14 de diciembre de 1946"
1478,nm0356017,2023-09-14,2023-09-14,,"Rebecca Hall","Vicky Cristina Barcelona","3 de mayo de 1982"
1479,nm0005013,2023-10-09,2023-10-09,,"Iben Hjejle","High Fidelity","22 de marzo de 1971"
1480,nm0000072,2023-10-13,2023-10-13,,"Elizabeth Taylor","Who's Afraid of Virginia Woolf?","27 de febrero de 1932"
1481,nm0000009,2023-10-17,2023-10-17,,"Richard Burton","Who's Afraid of Virginia Woolf?","10 de noviembre de 1925"
1482,nm0001765,2023-10-18,2023-10-18,,"Harry Dean Stanton","Lucky","14 de julio de 1926"
1483,nm0001724,2023-10-20,2023-10-20,,"Tony Shalhoub","Monk","9 de octubre de 1953"
1484,nm0000333,2023-10-30,2023-10-30,,"Cher","Moonstruck","20 de mayo de 1946"
1485,nm0757690,2023-10-31,2023-10-31,,"Evangelina Salazar","Del brazo y por la calle","15 de junio de 1946"
1486,nm0001449,2023-11-03,2023-11-03,,"Frank Langella","Frost/Nixon","1 de enero de 1938"
1487,nm0657241,2023-11-05,2023-11-05,,"Germán Palacios","XXY","30 de mayo de 1963"
1488,nm2170045,2023-11-05,2023-11-05,,"Andréia Horta","Chamas da Vida","27 de julio de 1983"
1489,nm0269420,2023-11-07,2023-11-07,,"Leonardo Favio","Aniceto","28 de mayo de 1938"
1490,nm1659547,2023-11-08,2023-11-08,,"Carey Mulligan","Never Let Me Go","28 de mayo de 1985"
1491,nm3102998,2023-11-10,2023-11-10,,"Bo Burnham","Bo Burnham: Inside","21 de agosto de 1990"
1492,nm1055413,2023-11-16,2023-11-16,,"Michael Fassbender","Shame","2 de abril de 1977"
1493,nm1373106,2023-11-18,2023-11-18,,"Lali Espósito","Casi ángeles","10 de octubre de 1991"
1494,nm0000241,2023-11-20,2023-11-20,,"Jean-Claude Van Damme","Double Impact","18 de octubre de 1960"
1495,nm0316455,2023-11-20,2023-11-20,,"Donald Gibb","Revenge of the Nerds","4 de agosto de 1954"
1496,nm0001866,2023-11-20,2023-11-20,,"Bolo Yeung","Bloodsport","3 de julio de 1946"
1497,nm3500582,2023-11-20,2023-11-20,,"Teyonah Parris","Dear White People","22 de septiembre de 1987"
1498,nm4702337,2023-12-03,2023-12-03,,"Darío Barassi","El peso de la ley","5 de noviembre de 1983"
1499,nm0470981,2023-12-07,2023-12-07,,"Thomas Kretschmann","King Kong","8 de septiembre de 1962"
1500,nm0000032,2023-12-09,2023-12-09,,"Charlton Heston","Ben-Hur","4 de octubre de 1923"
1501,nm0002015,2023-12-09,2023-12-09,,"Phil Collins","Tarzan","30 de enero de 1951"
1502,nm6145824,2023-12-11,2023-12-11,,"Federico Liss","Relatos salvajes",
1503,nm3196782,2023-12-20,2023-12-20,,"Alberto Ajaka","El puntero","1 de mayo de 1973"
1504,nm0336582,2023-12-31,2023-12-31,,"Dorian Gray","Le notti di Cabiria","2 de febrero de 1931"
1505,nm2265826,2024-01-05,2024-01-05,,"Alfredo Castellani","Sólo se vive una vez",
1506,nm1076484,2024-01-31,2024-01-31,,"Vivian El Jaber","Farsantes",
1507,nm1191927,2024-01-31,2024-01-31,,"Daniel Marín","San Timoteo tierra fertil para el turísmo","1964"
1508,nm3640080,2024-01-31,2024-01-31,,"Jorge Takashima","Focus",
1509,nm0667892,2024-01-31,2024-01-31,,"Martín Pavlovsky","Upside Down","16 de abril de 1962"
1510,nm1368630,2024-01-31,2024-01-31,,"Lito Ming","Cha cha cha",
1511,nm0608326,2024-01-31,2024-01-31,,"Iván Moschner","El niño pez","25 de noviembre de 1963"
1512,nm1381768,2024-01-31,2024-01-31,,"Romina Sznaider","Todas las azafatas van al cielo",
1513,nm1426600,2024-01-31,2024-01-31,,"Diego Fucks","No me puedo quejar, a mí Saravia siempre me bancó",
1514,nm1670022,2024-01-31,2024-01-31,,"Alejandro Franov","La afinadora de árboles",
1515,nm1081215,2024-01-31,2024-01-31,,"Juan Carlos Fontana","Cantaniño cuenta un cuento",
1516,nm5943470,2024-01-31,2024-01-31,,"Lito Epumer","Cha cha cha",
1517,nm7857540,2024-01-31,2024-01-31,,"Cristian Judurcha","Cha cha cha",
1518,nm1147049,2024-01-31,2024-01-31,,"Elizabeth Vernaci","Cha cha cha","24 de septiembre de 1961"
1519,nm4376215,2024-01-31,2024-01-31,,"Doctor Tangalanga","Cha cha cha","10 de noviembre de 1916"
1520,nm0298439,2024-01-31,2024-01-31,,"Catherine Fulop","Rebelde Way","11 de marzo de 1965"
1521,nm0415856,2024-01-31,2024-01-31,,"Jairo","Les fantômes du chapelier","16 de junio de 1949"
1522,nm1692129,2024-01-31,2024-01-31,,"Silvina Garré","Televisión registrada",
1523,nm7052741,2024-01-31,2024-01-31,,"Carlos 'Chacho' Alvarez","Cha cha cha",
1524,nm0492146,2024-01-31,2024-01-31,,"Raúl Lavié","Franco Buenaventura, el profe","22 de agosto de 1937"
1525,nm0259564,2024-01-31,2024-01-31,,"Norman Erlich","Catch the Heat","7 de marzo de 1934"
1526,nm1225305,2024-01-31,2024-01-31,,"Guillermo Andino","Delito de corrupción",
1527,nm0153124,2024-02-03,2024-02-03,,"Ray Charles","The Blues Brothers","23 de septiembre de 1930"
1528,nm0001168,2024-02-03,2024-02-03,,"Bob Dylan","Renaldo and Clara","24 de mayo de 1941"
1529,nm0246994,2024-02-03,2024-02-03,,"Sheila E.","Krush Groove","12 de diciembre de 1957"
1530,nm0408986,2024-02-03,2024-02-03,,"James Ingram","Junior","16 de febrero de 1952"
1531,nm0418886,2024-02-03,2024-02-03,,"Al Jarreau","Moonlighting","12 de marzo de 1940"
1532,nm0507271,2024-02-03,2024-02-03,,"Huey Lewis","Back to the Future","5 de julio de 1950"
1533,nm0584117,2024-02-03,2024-02-03,,"George Michael","Beverly Hills Cop II","25 de junio de 1963"
1534,nm0800328,2024-02-03,2024-02-03,,"Paul Simon","One-Trick Pony","13 de octubre de 1941"
1535,nm0819803,2024-02-03,2024-02-03,,"Bruce Springsteen","Blinded by the Light","23 de septiembre de 1949"
1536,nm0877913,2024-02-03,2024-02-03,,"Tina Turner","Mad Max Beyond Thunderdome","26 de noviembre de 1939"
1537,nm0891098,2024-02-03,2024-02-03,,"Sarah Vaughan","The Adjustment Bureau","27 de marzo de 1924"
1538,nm0005536,2024-02-03,2024-02-03,,"Dionne Warwick","Alive","12 de diciembre de 1940"
1539,nm2247629,2024-02-19,2024-02-19,,"Gemma Whelan","The Wolfman","23 de abril de 1981"
1540,nm0000694,2024-03-12,2024-03-12,,"Wim Wenders","Der Himmel über Berlin","14 de agosto de 1945"
1541,nm0659398,2024-03-17,2024-03-17,,"May Pang","The Lost Weekend: A Love Story","24 de octubre de 1950"
1542,nm0933798,2024-03-29,2024-03-29,,"Mara Wilson","Matilda","24 de julio de 1987"
1543,nm0956249,2024-04-07,2024-04-07,,"Luis Ziembrowski","Cuando acecha la maldad","25 de septiembre de 1961"
1544,nm0522385,2024-06-22,2024-06-22,,"Mike Love","Cocktail","15 de marzo de 1941"
1545,nm0933136,2024-06-22,2024-06-22,,"Carl Wilson","Almost Famous","21 de diciembre de 1946"
1546,nm0933287,2024-06-22,2024-06-22,,"Dennis Wilson","Carlito's Way","4 de diciembre de 1944"
1547,nm0000314,2024-06-23,2024-06-23,,"Charles Bronson","Death Wish","3 de noviembre de 1921"
1548,nm0000537,2024-06-23,2024-06-23,,"Steve McQueen","The Great Escape","24 de marzo de 1930"
1549,nm4960279,2024-06-23,2024-06-23,,"Margaret Qualley","Once Upon a Time in... Hollywood","23 de octubre de 1994"
1550,nm0000277,2024-06-24,2024-06-24,,"Richard Attenborough","The Great Escape","29 de agosto de 1923"
1551,nm0000052,2024-07-01,2024-07-01,,"Marcello Mastroianni","8½","26 de septiembre de 1924"
1552,nm0053261,2024-07-19,2024-07-19,,"Georgina Barbarossa","Tu cara me suena - Argentina","24 de diciembre de 1954"
1553,nm0133355,2024-07-19,2024-07-19,,"Ana María Campoy","La extraña dama","26 de julio de 1925"
1554,nm0637649,2024-07-22,2024-07-22,,"Magali Noël","Amarcord","27 de junio de 1931"
1555,nm1197689,2024-07-29,2024-07-29,,"Sandra Hüller","Anatomie d'une chute","30 de abril de 1978"
1556,nm0035128,2024-07-29,2024-07-29,,"Swann Arlaud","Anatomie d'une chute","25 de marzo de 1981"
1557,nm12299991,2024-07-29,2024-07-29,,"Milo Machado-Graner","Anatomie d'une chute","31 de agosto de 2008"
1558,nm0000019,2024-07-29,2024-07-29,,"Federico Fellini","8½","20 de enero de 1920"
1559,nm0001772,2024-07-31,2024-07-31,,"Patrick Stewart","Logan","13 de julio de 1940"
1560,nm0001687,2024-08-15,2024-08-15,,"Gena Rowlands","The Notebook","19 de junio de 1930"
1561,nm0000668,2024-08-19,2024-08-19,,"Emma Thompson","Sense and Sensibility","15 de abril de 1959"
1562,nm0891895,2024-08-24,2024-08-24,,"Paz Vega","Lucía y el sexo","2 de enero de 1976"
1563,nm0632385,2024-08-24,2024-08-24,,"Najwa Nimri","Abre los ojos","14 de febrero de 1972"
1564,nm0880554,2024-08-24,2024-08-24,,"Tristán Ulloa","Lucía y el sexo","6 de mayo de 1970"
1565,nm0293842,2024-08-24,2024-08-24,,"Daniel Freire","Lucía y el sexo","29 de diciembre de 1961"
1566,nm0893941,2024-08-25,2024-08-25,,"Maribel Verdú","El laberinto del fauno","2 de octubre de 1970"
1567,nm0001252,2024-08-25,2024-08-25,,"Vincent Gallo","Buffalo '66","11 de abril de 1961"
1568,nm1747313,2024-09-02,2024-09-02,,"Mariano Argento","El Portal","5 de diciembre de 1962"
1569,nm0000005,2024-09-05,2024-09-05,,"Ingmar Bergman","Smultronstället","14 de julio de 1918"
1570,nm0000738,2024-09-06,2024-09-06,,"Muhammad Ali","The Greatest","17 de enero de 1942"
1571,nm2366374,2024-09-20,2024-09-20,,"Steven Michael Quezada","Breaking Bad","15 de febrero de 1963"
1572,nm2560618,2024-09-22,2024-09-22,,"Willa Fitzgerald","Strange Darling","17 de enero de 1991"
1573,nm0973177,2024-09-22,2024-09-22,,"Kyle Gallner","Strange Darling","22 de octubre"
1574,nm1233386,2024-10-03,2024-10-03,,"Thiago Martins","Cidade de Deus","19 de agosto de 1988"
1575,nm1179105,2024-10-03,2024-10-03,,"Alexandre Rodrigues","Cidade de Deus","21 de mayo de 1983"
1576,nm4575283,2024-10-13,2024-10-13,,"Justina Bustos","Culpa cero","7 de marzo de 1989"
1577,nm2812651,2024-10-13,2024-10-13,,"Martín Garabal","Tarde",
1578,nm0064822,2024-10-16,2024-10-16,,"Rodolfo Bebán","El gato","25 de mayo de 1938"
1579,nm0660261,2024-10-17,2024-10-17,,"Carolina Papaleo","Amor en custodia","19 de enero de 1969"
1580,nm10688115,2024-11-13,2024-11-13,,"Paula Grimaldo","Calladita",
1581,nm4561559,2024-11-28,2024-11-28,,"Renate Reinsve","Affeksjonsverdi","24 de noviembre de 1987"
1582,nm11216307,2024-11-30,2024-11-30,,"Olivia Nuss","Cromañon",
1583,nm1659221,2024-12-04,2024-12-04,,"Sebastian Stan","The Apprentice","13 de agosto de 1982"
1584,nm0001715,2024-12-04,2024-12-04,,"George C. Scott","Patton","18 de octubre de 1927"
1585,nm0280559,2024-12-04,2024-12-04,,"Leo Fitzpatrick","Kids","10 de agosto de 1978"
1586,nm0698764,2024-12-07,2024-12-07,,"Robert Prosky","Thief","13 de diciembre de 1930"
1587,nm4608165,2024-12-09,2024-12-09,,"Antoine Olivier Pilon","Mommy","23 de junio de 1997"
1588,nm3151265,2024-12-12,2024-12-12,,"Mariela Vitale","El niño pez","20 de diciembre de 1982"
1589,nm0001128,2024-12-15,2024-12-15,,"Alain Delon","Il gattopardo","8 de noviembre de 1935"
1590,nm0227759,2024-12-17,2024-12-17,,"Peter Dinklage","Game of Thrones","11 de junio de 1969"
1591,nm5473782,2024-12-23,2024-12-23,,"Taron Egerton","Kingsman: The Secret Service","10 de noviembre de 1989"
1592,nm0396558,2025-01-04,2025-01-04,,"Nicholas Hoult","Warm Bodies","7 de diciembre de 1989"
1593,nm0000044,2025-01-15,2025-01-15,,"Burt Lancaster","From Here to Eternity","2 de noviembre de 1913"
1594,nm0178579,2025-02-02,2025-02-02,,"Miles A. Copeland III","Eat the Rich","2 de mayo de 1944"
1595,nm0001085,2025-03-08,2025-03-08,,"Kieran Culkin","Succession","30 de septiembre de 1982"
1596,nm5700898,2025-03-11,2025-03-11,,"Mikey Madison","Anora","25 de marzo de 1999"
1597,nm0004835,2025-03-30,2025-03-30,,"Sean 'Diddy' Combs","Get Him to the Greek","4 de noviembre de 1969"
1598,nm1258970,2025-03-30,2025-03-30,,"Russell Brand","Arthur","4 de junio de 1975"
1599,nm7609875,2025-04-04,2025-04-04,,"Naomi Ackie","Blink Twice","22 de agosto de 1991"
1600,nm0814773,2025-04-17,2025-04-17,,"Alberto Sordi","I vitelloni","15 de junio de 1920"
1601,nm0000007,2025-04-17,2025-04-17,,"Humphrey Bogart","Casablanca","25 de diciembre de 1899"
1602,nm0000006,2025-04-17,2025-04-17,,"Ingrid Bergman","Casablanca","29 de agosto de 1915"
1603,nm0001588,2025-05-12,2025-05-12,,"Jack Palance","City Slickers","18 de febrero de 1919"
1604,nm0075710,2025-05-18,2025-05-18,,"François Berléand","Les choristes","22 de abril de 1952"
1605,nm0000809,2025-05-18,2025-05-18,,"Daniel Auteuil","Caché","24 de enero de 1950"
1606,nm0133002,2025-07-10,2025-07-10,,"Campi","Los Roldán",
1607,nm3198515,2025-10-17,2025-10-17,,"Pilar Gamboa","La flor","1980"
1608,nm0130435,2025-10-17,2025-10-17,,"María Fernanda Callejón","Sofacama",
1609,nm9037529,2025-10-17,2025-10-17,,"Minerva Casero","Iosi, el espía arrepentido",
1610,nm0402271,2025-10-22,2025-10-22,,"Charlie Hunnam","Sons of Anarchy","10 de abril de 1980"
1611,nm0889522,2025-11-16,2025-11-16,,"Nia Vardalos","My Big Fat Greek Wedding","24 de septiembre de 1962"
1612,nm0000721,2025-11-30,2025-11-30,,"Victoria Abril","Átame!","4 de julio de 1959"
1613,nm0000403,2025-12-22,2025-12-22,,"Bridget Fonda","A Simple Plan","27 de enero de 1964"
1614,nm1325419,2025-12-27,2025-12-27,,"Kristen Wiig","Bridesmaids","22 de agosto de 1973"
1615,nm1195064,2026-01-03,2026-01-03,,"Ana Katz","Sueño Florianópolis","2 de noviembre de 1975"
1616,nm0001482,2026-01-05,2026-01-05,,"Courtney Love","The People vs. Larry Flynt","9 de julio de 1964"
1617,nm3057022,2026-01-07,2026-01-07,,"Sarah Goldberg","The Night House","31 de mayo de 1985"
1618,nm2943328,2026-01-07,2026-01-07,,"Rightor Doyle","Bonding",
1619,nm0740535,2026-01-10,2026-01-10,,"Stephen Root","Barry","17 de noviembre"
1620,nm2810593,2026-01-10,2026-01-10,,"Anthony Carrigan","Barry","2 de enero de 1983"
1621,nm0281909,2026-01-10,2026-01-10,,"Glenn Fleshler","Joker","5 de septiembre de 1968"
1622,nm3107498,2026-01-10,2026-01-10,,"Dale Pavinski","Barry","11 de enero de 1974"
1623,nm0144472,2026-01-16,2026-01-16,,"Cacho Castaña","Tango Bar","11 de junio de 1942"
1624,nm0699932,2026-01-28,2026-01-28,,"Lucía Puenzo","XXY","28 de noviembre de 1976"
1625,nm0685328,2026-01-29,2026-01-29,,"John Pirruccello","The Lincoln Lawyer","12 de octubre de 1964"
1626,nm0441592,2026-02-01,2026-02-01,,"Chris Kattan","A Night at the Roxbury","19 de octubre de 1970"
1627,nm2340248,2026-03-02,2026-03-02,,"Sasha Grey","The Girlfriend Experience","14 de marzo de 1988"
1628,nm5369197,2026-03-08,2026-03-08,,"Shree Crooks","Captain Fantastic",
1629,nm2399383,2026-03-08,2026-03-08,,"Annalise Basso","Captain Fantastic","2 de diciembre de 1998"
1630,nm0005321,2026-03-17,2026-03-17,,"Monica Potter","The Last House on the Left","30 de junio de 1971"
1631,nm0000245,2026-03-17,2026-03-17,,"Robin Williams","Mrs. Doubtfire","21 de julio de 1951"
1632,nm5706390,2026-03-20,2026-03-20,,"Belén Sánchez","Nosaltres no ens matarem amb pistoles",
1633,nm5037133,2026-03-22,2026-03-22,,"Nadhira Mohamed","Nomad Shadow",
1634,nm0647634,2026-04-09,2026-04-09,,"Elizabeth Olsen","Martha Marcy May Marlene","16 de febrero de 1989"
1635,nm2106432,2026-04-16,2026-04-16,,"Magnus Carlsen","Magnus","30 de noviembre de 1990"
1636,nm2608689,2026-05-01,2026-05-01,,"Ellie Kemper","Bridesmaids","2 de mayo de 1980"
1637,nm2046855,2026-05-01,2026-05-01,,"Zach Woods","The Other Guys","25 de septiembre de 1984"
1638,nm0001804,2026-05-10,2026-05-10,,"Stanley Tucci","Big Night","11 de noviembre de 1960"
1639,nm0098395,2026-05-31,2026-05-31,,"Miguel Bosé","Tacones lejanos","3 de abril de 1956"
1640,nm0246418,2026-05-31,2026-05-31,,"Miriam Díaz-Aroca","Belle Epoque","4 de marzo de 1962"
1641,nm1422783,2026-07-14,2026-07-14,,"Jorge Valdano","El partido del siglo","4 de octubre de 1955"
1642,nm1324119,2026-07-14,2026-07-14,,"Oscar Ruggeri","Videomatch","26 de enero de 1962"
1643,nm0512633,2026-07-14,2026-07-14,,"Gary Lineker","Bend It Like Beckham","30 de noviembre de 1960"
1644,nm1451874,2026-07-14,2026-07-14,,"Jorge Burruchaga","Fútbol de Primera","9 de octubre de 1962"
1645,nm0793529,2026-07-14,2026-07-14,,"Peter Shilton","Englandneworder: World in Motion","18 de septiembre de 1949"
1646,nm1450857,2026-07-14,2026-07-14,,"Julio Olarticoechea","1986. La historia detrás de la Copa","18 de octubre de 1958"
1647,nm1451976,2026-07-14,2026-07-14,,"Ricardo Giusti","El partido","11 de diciembre de 1956"
1648,nm9903838,2026-07-22,2026-07-22,,"Sofia Kappel","Pleasure","27 de abril de 1998"
1649,nm5076257,2026-08-03,2026-08-03,,"Michael Johnston","Obsession","22 de febrero"
1650,nm9984699,2026-08-03,2026-08-03,,"Inde Navarrette","Obsession","3 de marzo de 2001"
1651,nm4170484,2026-08-04,2026-08-04,,"Jaafar Jackson","Michael","25 de julio de 1996"
1652,nm1410940,2026-08-09,2026-08-09,,"Lily Franky","Soshite chichi ni naru","4 de noviembre de 1963"
1653,nm2747232,2026-08-09,2026-08-09,,"Sakura Andô","Manbiki kazoku","18 de febrero de 1986"
1654,nm9437164,2026-08-09,2026-08-09,,"Miyu Sasaki","Manbiki kazoku","21 de junio de 2011"
1655,nm2155527,2026-08-19,2026-08-19,,"Griselda Siciliani","Envidiosa","2 de abril de 1978"
1656,nm0194052,2026-09-01,2026-09-01,,"Ivo Cutzarida","Pterodactyl",
1657,nm0423388,2026-09-02,2026-09-02,,"Antonio Carlos Jobim","V for Vendetta","25 de enero de 1927"
1658,nm13701799,2026-09-24,2026-09-24,,"Ella Beatty","If I Had Legs I'd Kick You","8 de abril de 2000"
1659,nm3043279,2026-09-24,2026-09-24,,"Vicky Krieps","Phantom Thread","4 de octubre de 1983"
1660,nm11205691,2026-10-03,2026-10-03,,"Lola Rodríguez","Veneno",
1661,nm0145624,2026-10-05,2026-10-05,,"Luciano Castro","Lalola","16 de marzo de 1975"
1662,nm0575670,2026-10-05,2026-10-05,,"Claribel Medina","Naranja y media","16 de diciembre de 1961"
1663,nm2177779,2026-10-05,2026-10-05,,"Lionel Messi","2022 FIFA World Cup Qatar","24 de junio de 1987"
1664,nm4786507,2026-10-05,2026-10-05,,"Nicolas Otamendi","Eliminatorias Rusia 2018","12 de febrero de 1988"
1665,nm7602808,2026-10-05,2026-10-05,,"Emiliano Martínez","Emi","2 de septiembre de 1992"
1666,nm9072528,2026-10-05,2026-10-05,,"Kylian Mbappé","Football","20 de diciembre de 1998"
1667,nm13320721,2026-10-05,2026-10-05,,"Enzo Fernández","McDonald's: McAllister, McAlvarez y McFernández","17 de enero de 2001"
1668,nm11197944,2026-10-05,2026-10-05,,"Julián Álvarez","LaLiga","31 de enero de 2000"
1669,nm5838626,2026-10-05,2026-10-05,,"Rodrigo De Paul","Ratisalil CBD: Hay un nuevo movimiento","24 de mayo de 1994"
1670,nm9974902,2026-10-05,2026-10-05,,"Cuti Romero","Sean eternos: Campeones de América",
1671,nm0958235,2026-10-05,2026-10-05,,"Olga Zubarry","Plaza de almas","30 de octubre de 1929"
1672,nm0897933,2026-10-05,2026-10-05,,"Pata Villanueva","Con mi mujer no puedo",
1673,nm0168484,2026-10-05,2026-10-05,,"Pablo Codevila","Enséñame a quererte","2 de diciembre de 1955"
1674,nm0758939,2026-10-05,2026-10-05,,"Beatriz Salomón","Comandos azules en acción","9 de octubre de 1953"
1675,nm0951361,2026-10-05,2026-10-05,,"Tincho Zabala","No te mueras sin decirme adónde vas","4 de febrero de 1923"
1676,nm0846746,2026-10-05,2026-10-05,,"Beatriz Taibo","Adorable profesor Aldao","10 de marzo de 1932"
1677,nm0702379,2026-10-05,2026-10-05,,"Silvia Pérez","Encarnación","19 de julio de 1955"
1678,nm0527749,2026-10-05,2026-10-05,,"Jorge Luz","Delito de corrupción","8 de mayo de 1922"
1679,nm0758225,2026-10-05,2026-10-05,,"Adriana Salgueiro","Los taxistas del humor","7 de mayo de 1957"
1680,nm0603800,2026-10-05,2026-10-05,,"Cris Morena","Casi ángeles","23 de agosto de 1956"
1681,nm0691932,2026-10-05,2026-10-05,,"Javier Portales","La sartén por el mango","21 de abril de 1937"
1682,nm0551456,2026-10-05,2026-10-05,,"Adrián Martel","Sucedió en el internado","26 de abril de 1948"
1683,nm0739586,2026-10-05,2026-10-05,,"Susana Romero","Las esclavas",
1684,nm0078362,2026-10-05,2026-10-05,,"César Bertrand","Humor a la italiana","19 de enero de 1934"
1685,nm5613719,2026-10-05,2026-10-05,,"Santiago Korovsky","División Palermo",
1686,nm16944029,2026-10-05,2026-10-05,,"Blanca Soroa","Los domingos","2008"
1687,nm1394133,2026-10-05,2026-10-05,,"Esteban Lamothe","El estudiante","30 de abril de 1977"
1688,nm5561525,2026-10-05,2026-10-05,,"Adrian Lakerman","Envidiosa",
1689,nm0018043,2026-10-05,2026-10-05,,"Katja Alemann","De corazón",
1690,nm1364050,2026-10-05,2026-10-05,,"Federico Mizrahi","Tres pájaros",
1691,nm0233699,2026-10-05,2026-10-05,,"Jorge Dorio","Tango","26 de marzo de 1958"
1692,nm3249923,2026-10-05,2026-10-05,,"Claudia Disti","El torcan",
1693,nm0484093,2026-10-05,2026-10-05,,"Jorge Lanata","Deuda","12 de septiembre de 1960"
1694,nm0194695,2026-10-05,2026-10-05,,"María Concepción César","Amor en custodia","25 de octubre de 1926"
1695,nm0511148,2026-10-05,2026-10-05,,"Cipe Lincovsky","La amiga","21 de septiembre de 1929"
1696,nm2603003,2026-10-05,2026-10-05,,"Chango Spasiuk","Carancho",
1697,nm0815008,2026-10-05,2026-10-05,,"Pepe Soriano","Espérame en el cielo","25 de septiembre de 1929"
1698,nm1184953,2026-10-05,2026-10-05,,"Ante Garmaz","Cosquín, amor y folklore","5 de enero de 1928"
1699,nm0667889,2026-10-05,2026-10-05,,"Eduardo Pavlovsky","Potestad","10 de diciembre de 1933"
1700,nm4202434,2026-10-05,2026-10-05,,"Dante Spinetta","Amores perros",
1701,nm1888560,2026-10-05,2026-10-05,,"Emmanuel Horvilleur","Amores perros","2 de enero de 1975"
1702,nm1079848,2026-10-05,2026-10-05,,"Héctor Larrea","Los muchachos de mi barrio","30 de octubre de 1938"
1703,nm0211482,2026-10-05,2026-10-05,,"Damián de Santo","Amor mío","12 de junio de 1968"
1704,nm0034707,2026-10-05,2026-10-05,,"Mariana Arias","No te mueras sin decirme adónde vas","15 de agosto de 1965"
1705,nm1242458,2026-10-05,2026-10-05,,"Benjamín Vicuña","El silencio de Marcos Tremmer","29 de noviembre de 1978"
1706,nm0677056,2026-10-05,2026-10-05,,"Carla Peterson","Lalola","6 de abril de 1974"
1707,nm0757855,2026-10-05,2026-10-05,,"Zoe Saldaña","Avatar","19 de junio de 1978"
1708,nm0641417,2026-10-05,2026-10-05,,"John O'Hurley","Seinfeld","9 de octubre de 1954"
1709,nm0313364,2026-10-05,2026-10-05,,"Brian George","Batman: The Killing Joke","1 de julio de 1952"
1710,nm1309553,2026-10-05,2026-10-05,,"Claudio Cardone","Ilusión de movimiento",
1711,nm12175019,2026-10-05,2026-10-05,,"Marcelo Torres","Spinetta y los Socios del Desierto: Cheques",
1712,nm0818916,2026-10-05,2026-10-05,,"Catarina Spinetta","Primavera",
1713,nm11988277,2026-10-06,2026-10-06,,"Guitarricadelafuente","Nada será igual. La película","27 de agosto de 1997"
1714,nm1982169,2026-10-06,2026-10-06,,"Javier Ambrossi","La bola negra","24 de junio de 1984"
1715,nm2566876,2026-10-06,2026-10-06,,"Javier Calvo","La Llamada","21 de enero de 1991"
1716,nm8149945,2026-10-06,2026-10-06,,"Miguel Bernardeau","Querer","12 de diciembre de 1996"
1717,nm0001018,2026-10-08,2026-10-08,,"Keith Carradine","Nashville","8 de agosto de 1949"
1718,nm0000631,2026-10-08,2026-10-08,,"Ridley Scott","Blade Runner","30 de noviembre de 1937"
